perm_idx,epochs,n_train,n_test,accuracy,elapsed_s,cumu_time_s,min_time_s,max_time_s,mean_time_s,timestamp
1,10,30000,1500,0.798667,8.022082,8.022082,8.022082,8.022082,8.022082,2025-10-12 17:27:42
2,10,30000,1500,0.713333,7.873748,15.895831,7.873748,8.022082,7.947915,2025-10-12 17:27:50
3,10,30000,1500,0.766000,8.345649,24.241479,7.873748,8.345649,8.080493,2025-10-12 17:27:59
4,10,30000,1500,0.761333,7.561530,31.803009,7.561530,8.345649,7.950752,2025-10-12 17:28:06
5,10,30000,1500,0.727333,5.827201,37.630210,5.827201,8.345649,7.526042,2025-10-12 17:28:12
6,10,30000,1500,0.739333,7.606736,45.236946,5.827201,8.345649,7.539491,2025-10-12 17:28:20
7,10,30000,1500,0.710667,8.143233,53.380179,5.827201,8.345649,7.625740,2025-10-12 17:28:28
8,10,30000,1500,0.654667,7.997145,61.377323,5.827201,8.345649,7.672165,2025-10-12 17:28:36
9,10,30000,1500,0.746000,7.669973,69.047297,5.827201,8.345649,7.671922,2025-10-12 17:28:44
10,10,30000,1500,0.816000,7.960213,77.007510,5.827201,8.345649,7.700751,2025-10-12 17:28:52
11,10,30000,1500,0.760000,7.909314,84.916824,5.827201,8.345649,7.719711,2025-10-12 17:28:59
12,10,30000,1500,0.754667,8.378671,93.295495,5.827201,8.378671,7.774625,2025-10-12 17:29:08
13,10,30000,1500,0.742667,7.706274,101.001768,5.827201,8.378671,7.769367,2025-10-12 17:29:16
14,10,30000,1500,0.694000,8.434041,109.435809,5.827201,8.434041,7.816844,2025-10-12 17:29:24
15,10,30000,1500,0.644000,8.513534,117.949343,5.827201,8.513534,7.863290,2025-10-12 17:29:32
16,10,30000,1500,0.766667,8.076948,126.026292,5.827201,8.513534,7.876643,2025-10-12 17:29:41
17,10,30000,1500,0.701333,7.946605,133.972897,5.827201,8.513534,7.880759,2025-10-12 17:29:48
18,10,30000,1500,0.652667,8.815217,142.788114,5.827201,8.815217,7.932673,2025-10-12 17:29:57
19,10,30000,1500,0.656667,7.899714,150.687828,5.827201,8.815217,7.930938,2025-10-12 17:30:05
20,10,30000,1500,0.656000,7.757005,158.444833,5.827201,8.815217,7.922242,2025-10-12 17:30:13
21,10,30000,1500,0.602000,8.678585,167.123418,5.827201,8.815217,7.958258,2025-10-12 17:30:22
22,10,30000,1500,0.757333,8.007789,175.131207,5.827201,8.815217,7.960509,2025-10-12 17:30:30
23,10,30000,1500,0.716000,7.631574,182.762781,5.827201,8.815217,7.946208,2025-10-12 17:30:37
24,10,30000,1500,0.748000,7.836565,190.599345,5.827201,8.815217,7.941639,2025-10-12 17:30:45
25,10,30000,1500,0.733333,7.465804,198.065149,5.827201,8.815217,7.922606,2025-10-12 17:30:53
26,10,30000,1500,0.667333,8.718597,206.783746,5.827201,8.815217,7.953221,2025-10-12 17:31:01
27,10,30000,1500,0.718667,8.017006,214.800752,5.827201,8.815217,7.955583,2025-10-12 17:31:09
28,10,30000,1500,0.703333,7.843797,222.644549,5.827201,8.815217,7.951591,2025-10-12 17:31:17
29,10,30000,1500,0.716667,7.956444,230.600994,5.827201,8.815217,7.951758,2025-10-12 17:31:25
30,10,30000,1500,0.638000,8.267487,238.868481,5.827201,8.815217,7.962283,2025-10-12 17:31:33
31,10,30000,1500,0.664000,8.687974,247.556455,5.827201,8.815217,7.985692,2025-10-12 17:31:42
32,10,30000,1500,0.649333,8.905363,256.461818,5.827201,8.905363,8.014432,2025-10-12 17:31:51
33,10,30000,1500,0.671333,7.704357,264.166175,5.827201,8.905363,8.005036,2025-10-12 17:31:59
34,10,30000,1500,0.662000,7.801953,271.968129,5.827201,8.905363,7.999063,2025-10-12 17:32:07
35,10,30000,1500,0.577333,7.927372,279.895501,5.827201,8.905363,7.997014,2025-10-12 17:32:14
36,10,30000,1500,0.659333,8.696564,288.592065,5.827201,8.905363,8.016446,2025-10-12 17:32:23
37,10,30000,1500,0.703333,7.892363,296.484428,5.827201,8.905363,8.013093,2025-10-12 17:32:31
38,10,30000,1500,0.716667,8.217738,304.702166,5.827201,8.905363,8.018478,2025-10-12 17:32:39
39,10,30000,1500,0.745333,8.447697,313.149864,5.827201,8.905363,8.029484,2025-10-12 17:32:48
40,10,30000,1500,0.708000,7.949730,321.099593,5.827201,8.905363,8.027490,2025-10-12 17:32:56
41,10,30000,1500,0.706667,8.252409,329.352003,5.827201,8.905363,8.032976,2025-10-12 17:33:04
42,10,30000,1500,0.642000,7.806605,337.158608,5.827201,8.905363,8.027586,2025-10-12 17:33:12
43,10,30000,1500,0.666000,7.660976,344.819584,5.827201,8.905363,8.019060,2025-10-12 17:33:19
44,10,30000,1500,0.676667,7.673012,352.492596,5.827201,8.905363,8.011195,2025-10-12 17:33:27
45,10,30000,1500,0.659333,7.891525,360.384120,5.827201,8.905363,8.008536,2025-10-12 17:33:35
46,10,30000,1500,0.635333,8.169349,368.553470,5.827201,8.905363,8.012032,2025-10-12 17:33:43
47,10,30000,1500,0.621333,8.053189,376.606659,5.827201,8.905363,8.012908,2025-10-12 17:33:51
48,10,30000,1500,0.602667,7.465388,384.072047,5.827201,8.905363,8.001501,2025-10-12 17:33:59
49,10,30000,1500,0.614000,7.784585,391.856631,5.827201,8.905363,7.997074,2025-10-12 17:34:06
50,10,30000,1500,0.706667,7.643130,399.499761,5.827201,8.905363,7.989995,2025-10-12 17:34:14
51,10,30000,1500,0.642667,8.015659,407.515420,5.827201,8.905363,7.990498,2025-10-12 17:34:22
52,10,30000,1500,0.684667,8.128497,415.643917,5.827201,8.905363,7.993152,2025-10-12 17:34:30
53,10,30000,1500,0.638667,8.896355,424.540272,5.827201,8.905363,8.010194,2025-10-12 17:34:39
54,10,30000,1500,0.607333,8.503385,433.043658,5.827201,8.905363,8.019327,2025-10-12 17:34:48
55,10,30000,1500,0.692000,8.420836,441.464494,5.827201,8.905363,8.026627,2025-10-12 17:34:56
56,10,30000,1500,0.673333,7.731796,449.196290,5.827201,8.905363,8.021362,2025-10-12 17:35:04
57,10,30000,1500,0.685333,9.094351,458.290642,5.827201,9.094351,8.040187,2025-10-12 17:35:13
58,10,30000,1500,0.657333,7.994838,466.285479,5.827201,9.094351,8.039405,2025-10-12 17:35:21
59,10,30000,1500,0.649333,8.160163,474.445642,5.827201,9.094351,8.041452,2025-10-12 17:35:29
60,10,30000,1500,0.646000,8.160687,482.606329,5.827201,9.094351,8.043439,2025-10-12 17:35:37
61,10,30000,1500,0.690000,7.678801,490.285130,5.827201,9.094351,8.037461,2025-10-12 17:35:45
62,10,30000,1500,0.617333,8.289526,498.574656,5.827201,9.094351,8.041527,2025-10-12 17:35:53
63,10,30000,1500,0.620000,8.666127,507.240783,5.827201,9.094351,8.051441,2025-10-12 17:36:02
64,10,30000,1500,0.666000,8.289657,515.530440,5.827201,9.094351,8.055163,2025-10-12 17:36:10
65,10,30000,1500,0.753333,8.778728,524.309168,5.827201,9.094351,8.066295,2025-10-12 17:36:19
66,10,30000,1500,0.684000,8.580341,532.889509,5.827201,9.094351,8.074083,2025-10-12 17:36:28
67,10,30000,1500,0.676667,8.156745,541.046254,5.827201,9.094351,8.075317,2025-10-12 17:36:36
68,10,30000,1500,0.665333,7.961858,549.008112,5.827201,9.094351,8.073649,2025-10-12 17:36:44
69,10,30000,1500,0.618000,7.846576,556.854688,5.827201,9.094351,8.070358,2025-10-12 17:36:51
70,10,30000,1500,0.618667,8.196730,565.051418,5.827201,9.094351,8.072163,2025-10-12 17:37:00
71,10,30000,1500,0.753333,7.812138,572.863556,5.827201,9.094351,8.068501,2025-10-12 17:37:08
72,10,30000,1500,0.720000,7.693804,580.557360,5.827201,9.094351,8.063297,2025-10-12 17:37:15
73,10,30000,1500,0.734667,7.939595,588.496955,5.827201,9.094351,8.061602,2025-10-12 17:37:23
74,10,30000,1500,0.656000,7.703483,596.200439,5.827201,9.094351,8.056763,2025-10-12 17:37:31
75,10,30000,1500,0.648000,8.205714,604.406152,5.827201,9.094351,8.058749,2025-10-12 17:37:39
76,10,30000,1500,0.730000,8.530901,612.937054,5.827201,9.094351,8.064961,2025-10-12 17:37:48
77,10,30000,1500,0.680667,7.917365,620.854418,5.827201,9.094351,8.063044,2025-10-12 17:37:56
78,10,30000,1500,0.682667,7.997270,628.851689,5.827201,9.094351,8.062201,2025-10-12 17:38:04
79,10,30000,1500,0.626667,7.883832,636.735521,5.827201,9.094351,8.059943,2025-10-12 17:38:11
80,10,30000,1500,0.685333,7.856895,644.592416,5.827201,9.094351,8.057405,2025-10-12 17:38:19
81,10,30000,1500,0.626000,8.573251,653.165666,5.827201,9.094351,8.063774,2025-10-12 17:38:28
82,10,30000,1500,0.708000,8.668631,661.834298,5.827201,9.094351,8.071150,2025-10-12 17:38:37
83,10,30000,1500,0.603333,8.749702,670.583999,5.827201,9.094351,8.079325,2025-10-12 17:38:45
84,10,30000,1500,0.599333,8.074397,678.658396,5.827201,9.094351,8.079267,2025-10-12 17:38:53
85,10,30000,1500,0.636667,8.379854,687.038251,5.827201,9.094351,8.082803,2025-10-12 17:39:02
86,10,30000,1500,0.685333,8.337701,695.375952,5.827201,9.094351,8.085767,2025-10-12 17:39:10
87,10,30000,1500,0.650000,9.059608,704.435560,5.827201,9.094351,8.096960,2025-10-12 17:39:19
88,10,30000,1500,0.670000,8.246629,712.682188,5.827201,9.094351,8.098661,2025-10-12 17:39:27
89,10,30000,1500,0.638000,8.054457,720.736646,5.827201,9.094351,8.098165,2025-10-12 17:39:35
90,10,30000,1500,0.606000,8.498711,729.235357,5.827201,9.094351,8.102615,2025-10-12 17:39:44
91,10,30000,1500,0.647333,8.113726,737.349083,5.827201,9.094351,8.102737,2025-10-12 17:39:52
92,10,30000,1500,0.627333,8.598221,745.947304,5.827201,9.094351,8.108123,2025-10-12 17:40:01
93,10,30000,1500,0.640000,7.996273,753.943577,5.827201,9.094351,8.106920,2025-10-12 17:40:09
94,10,30000,1500,0.611333,8.484063,762.427639,5.827201,9.094351,8.110932,2025-10-12 17:40:17
95,10,30000,1500,0.587333,8.469335,770.896974,5.827201,9.094351,8.114705,2025-10-12 17:40:26
96,10,30000,1500,0.615333,8.343601,779.240575,5.827201,9.094351,8.117089,2025-10-12 17:40:34
97,10,30000,1500,0.640000,8.632706,787.873281,5.827201,9.094351,8.122405,2025-10-12 17:40:43
98,10,30000,1500,0.578000,8.301898,796.175179,5.827201,9.094351,8.124237,2025-10-12 17:40:51
99,10,30000,1500,0.564667,8.283108,804.458287,5.827201,9.094351,8.125841,2025-10-12 17:40:59
100,10,30000,1500,0.622000,7.871839,812.330126,5.827201,9.094351,8.123301,2025-10-12 17:41:07
101,10,30000,1500,0.676667,8.302708,820.632834,5.827201,9.094351,8.125078,2025-10-12 17:41:15
102,10,30000,1500,0.677333,7.995018,828.627852,5.827201,9.094351,8.123802,2025-10-12 17:41:23
103,10,30000,1500,0.676667,7.583301,836.211153,5.827201,9.094351,8.118555,2025-10-12 17:41:31
104,10,30000,1500,0.602000,7.554566,843.765720,5.827201,9.094351,8.113132,2025-10-12 17:41:38
105,10,30000,1500,0.646000,8.047230,851.812950,5.827201,9.094351,8.112504,2025-10-12 17:41:47
106,10,30000,1500,0.590667,8.572295,860.385245,5.827201,9.094351,8.116842,2025-10-12 17:41:55
107,10,30000,1500,0.656667,8.626250,869.011495,5.827201,9.094351,8.121603,2025-10-12 17:42:04
108,10,30000,1500,0.641333,8.500140,877.511635,5.827201,9.094351,8.125108,2025-10-12 17:42:12
109,10,30000,1500,0.587333,7.686918,885.198554,5.827201,9.094351,8.121088,2025-10-12 17:42:20
110,10,30000,1500,0.636667,7.951535,893.150089,5.827201,9.094351,8.119546,2025-10-12 17:42:28
111,10,30000,1500,0.644667,7.943361,901.093449,5.827201,9.094351,8.117959,2025-10-12 17:42:36
112,10,30000,1500,0.668000,7.503205,908.596654,5.827201,9.094351,8.112470,2025-10-12 17:42:43
113,10,30000,1500,0.679333,7.826192,916.422846,5.827201,9.094351,8.109937,2025-10-12 17:42:51
114,10,30000,1500,0.635333,8.080062,924.502909,5.827201,9.094351,8.109675,2025-10-12 17:42:59
115,10,30000,1500,0.598667,7.717147,932.220055,5.827201,9.094351,8.106261,2025-10-12 17:43:07
116,10,30000,1500,0.670000,8.338289,940.558344,5.827201,9.094351,8.108262,2025-10-12 17:43:15
117,10,30000,1500,0.604667,7.755175,948.313519,5.827201,9.094351,8.105244,2025-10-12 17:43:23
118,10,30000,1500,0.646000,8.078070,956.391590,5.827201,9.094351,8.105013,2025-10-12 17:43:31
119,10,30000,1500,0.680000,8.152661,964.544250,5.827201,9.094351,8.105414,2025-10-12 17:43:39
120,10,30000,1500,0.623333,7.985327,972.529578,5.827201,9.094351,8.104413,2025-10-12 17:43:47
121,10,30000,1500,0.785333,8.108877,980.638455,5.827201,9.094351,8.104450,2025-10-12 17:43:55
122,10,30000,1500,0.774667,8.562454,989.200909,5.827201,9.094351,8.108204,2025-10-12 17:44:04
123,10,30000,1500,0.805333,8.028563,997.229472,5.827201,9.094351,8.107557,2025-10-12 17:44:12
124,10,30000,1500,0.788000,8.053040,1005.282513,5.827201,9.094351,8.107117,2025-10-12 17:44:20
125,10,30000,1500,0.786000,7.929381,1013.211894,5.827201,9.094351,8.105695,2025-10-12 17:44:28
126,10,30000,1500,0.700000,7.495195,1020.707089,5.827201,9.094351,8.100850,2025-10-12 17:44:35
127,10,30000,1500,0.684667,7.418588,1028.125677,5.827201,9.094351,8.095478,2025-10-12 17:44:43
128,10,30000,1500,0.756000,8.097321,1036.222999,5.827201,9.094351,8.095492,2025-10-12 17:44:51
129,10,30000,1500,0.722000,7.983416,1044.206415,5.827201,9.094351,8.094623,2025-10-12 17:44:59
130,10,30000,1500,0.718667,8.446014,1052.652429,5.827201,9.094351,8.097326,2025-10-12 17:45:07
131,10,30000,1500,0.732667,7.945243,1060.597672,5.827201,9.094351,8.096165,2025-10-12 17:45:15
132,10,30000,1500,0.686667,7.733068,1068.330740,5.827201,9.094351,8.093415,2025-10-12 17:45:23
133,10,30000,1500,0.679333,8.002688,1076.333428,5.827201,9.094351,8.092733,2025-10-12 17:45:31
134,10,30000,1500,0.737333,8.614098,1084.947526,5.827201,9.094351,8.096623,2025-10-12 17:45:40
135,10,30000,1500,0.692667,7.771393,1092.718918,5.827201,9.094351,8.094214,2025-10-12 17:45:48
136,10,30000,1500,0.734000,8.626970,1101.345888,5.827201,9.094351,8.098132,2025-10-12 17:45:56
137,10,30000,1500,0.688667,8.633725,1109.979613,5.827201,9.094351,8.102041,2025-10-12 17:46:05
138,10,30000,1500,0.634667,8.566168,1118.545781,5.827201,9.094351,8.105404,2025-10-12 17:46:13
139,10,30000,1500,0.758000,8.416864,1126.962645,5.827201,9.094351,8.107645,2025-10-12 17:46:22
140,10,30000,1500,0.756667,8.193977,1135.156622,5.827201,9.094351,8.108262,2025-10-12 17:46:30
141,10,30000,1500,0.750667,8.727688,1143.884309,5.827201,9.094351,8.112655,2025-10-12 17:46:39
142,10,30000,1500,0.682667,7.977574,1151.861883,5.827201,9.094351,8.111703,2025-10-12 17:46:47
143,10,30000,1500,0.733333,8.026806,1159.888689,5.827201,9.094351,8.111110,2025-10-12 17:46:55
144,10,30000,1500,0.679333,7.665771,1167.554460,5.827201,9.094351,8.108017,2025-10-12 17:47:02
145,10,30000,1500,0.750000,8.036072,1175.590532,5.827201,9.094351,8.107521,2025-10-12 17:47:10
146,10,30000,1500,0.705333,8.237952,1183.828485,5.827201,9.094351,8.108414,2025-10-12 17:47:19
147,10,30000,1500,0.677333,8.117647,1191.946131,5.827201,9.094351,8.108477,2025-10-12 17:47:27
148,10,30000,1500,0.707333,8.461058,1200.407189,5.827201,9.094351,8.110859,2025-10-12 17:47:35
149,10,30000,1500,0.806667,8.384551,1208.791740,5.827201,9.094351,8.112696,2025-10-12 17:47:44
150,10,30000,1500,0.726000,7.707426,1216.499166,5.827201,9.094351,8.109994,2025-10-12 17:47:51
151,10,30000,1500,0.754000,8.792324,1225.291490,5.827201,9.094351,8.114513,2025-10-12 17:48:00
152,10,30000,1500,0.738000,8.057826,1233.349316,5.827201,9.094351,8.114140,2025-10-12 17:48:08
153,10,30000,1500,0.646667,8.093028,1241.442344,5.827201,9.094351,8.114002,2025-10-12 17:48:16
154,10,30000,1500,0.648667,7.843189,1249.285533,5.827201,9.094351,8.112244,2025-10-12 17:48:24
155,10,30000,1500,0.759333,8.408873,1257.694406,5.827201,9.094351,8.114157,2025-10-12 17:48:33
156,10,30000,1500,0.733333,8.735788,1266.430194,5.827201,9.094351,8.118142,2025-10-12 17:48:41
157,10,30000,1500,0.754000,8.253060,1274.683254,5.827201,9.094351,8.119002,2025-10-12 17:48:50
158,10,30000,1500,0.677333,7.891232,1282.574487,5.827201,9.094351,8.117560,2025-10-12 17:48:57
159,10,30000,1500,0.646000,8.391720,1290.966207,5.827201,9.094351,8.119284,2025-10-12 17:49:06
160,10,30000,1500,0.786000,7.978912,1298.945118,5.827201,9.094351,8.118407,2025-10-12 17:49:14
161,10,30000,1500,0.741333,8.195471,1307.140589,5.827201,9.094351,8.118886,2025-10-12 17:49:22
162,10,30000,1500,0.719333,7.837699,1314.978289,5.827201,9.094351,8.117150,2025-10-12 17:49:30
163,10,30000,1500,0.652667,7.560130,1322.538418,5.827201,9.094351,8.113733,2025-10-12 17:49:37
164,10,30000,1500,0.759333,8.180712,1330.719130,5.827201,9.094351,8.114141,2025-10-12 17:49:46
165,10,30000,1500,0.652000,7.904534,1338.623664,5.827201,9.094351,8.112871,2025-10-12 17:49:54
166,10,30000,1500,0.742000,7.691002,1346.314666,5.827201,9.094351,8.110329,2025-10-12 17:50:01
167,10,30000,1500,0.660000,8.333863,1354.648528,5.827201,9.094351,8.111668,2025-10-12 17:50:10
168,10,30000,1500,0.642000,8.353908,1363.002437,5.827201,9.094351,8.113110,2025-10-12 17:50:18
169,10,30000,1500,0.621333,7.836591,1370.839028,5.827201,9.094351,8.111474,2025-10-12 17:50:26
170,10,30000,1500,0.704000,7.770774,1378.609802,5.827201,9.094351,8.109469,2025-10-12 17:50:34
171,10,30000,1500,0.722667,8.385392,1386.995193,5.827201,9.094351,8.111083,2025-10-12 17:50:42
172,10,30000,1500,0.732000,8.285164,1395.280357,5.827201,9.094351,8.112095,2025-10-12 17:50:50
173,10,30000,1500,0.714000,7.953278,1403.233635,5.827201,9.094351,8.111177,2025-10-12 17:50:58
174,10,30000,1500,0.656667,8.782487,1412.016122,5.827201,9.094351,8.115035,2025-10-12 17:51:07
175,10,30000,1500,0.670000,8.630549,1420.646670,5.827201,9.094351,8.117981,2025-10-12 17:51:16
176,10,30000,1500,0.658667,7.791456,1428.438126,5.827201,9.094351,8.116126,2025-10-12 17:51:23
177,10,30000,1500,0.664000,8.386495,1436.824622,5.827201,9.094351,8.117653,2025-10-12 17:51:32
178,10,30000,1500,0.593333,7.764840,1444.589462,5.827201,9.094351,8.115671,2025-10-12 17:51:40
179,10,30000,1500,0.649333,8.291064,1452.880525,5.827201,9.094351,8.116651,2025-10-12 17:51:48
180,10,30000,1500,0.657333,7.811303,1460.691829,5.827201,9.094351,8.114955,2025-10-12 17:51:56
181,10,30000,1500,0.694000,7.534322,1468.226151,5.827201,9.094351,8.111747,2025-10-12 17:52:03
182,10,30000,1500,0.628667,8.487126,1476.713277,5.827201,9.094351,8.113809,2025-10-12 17:52:12
183,10,30000,1500,0.596667,8.514032,1485.227309,5.827201,9.094351,8.115996,2025-10-12 17:52:20
184,10,30000,1500,0.637333,8.362193,1493.589502,5.827201,9.094351,8.117334,2025-10-12 17:52:29
185,10,30000,1500,0.693333,8.111033,1501.700535,5.827201,9.094351,8.117300,2025-10-12 17:52:37
186,10,30000,1500,0.703333,8.022447,1509.722982,5.827201,9.094351,8.116790,2025-10-12 17:52:45
187,10,30000,1500,0.704000,7.770914,1517.493895,5.827201,9.094351,8.114941,2025-10-12 17:52:52
188,10,30000,1500,0.614000,7.783994,1525.277889,5.827201,9.094351,8.113180,2025-10-12 17:53:00
189,10,30000,1500,0.677333,7.770540,1533.048430,5.827201,9.094351,8.111367,2025-10-12 17:53:08
190,10,30000,1500,0.598667,8.463202,1541.511632,5.827201,9.094351,8.113219,2025-10-12 17:53:16
191,10,30000,1500,0.623333,7.749966,1549.261598,5.827201,9.094351,8.111317,2025-10-12 17:53:24
192,10,30000,1500,0.681333,8.017154,1557.278751,5.827201,9.094351,8.110827,2025-10-12 17:53:32
193,10,30000,1500,0.618667,8.196381,1565.475132,5.827201,9.094351,8.111270,2025-10-12 17:53:40
194,10,30000,1500,0.612667,8.139649,1573.614781,5.827201,9.094351,8.111416,2025-10-12 17:53:49
195,10,30000,1500,0.703333,8.376767,1581.991547,5.827201,9.094351,8.112777,2025-10-12 17:53:57
196,10,30000,1500,0.702000,7.885714,1589.877261,5.827201,9.094351,8.111619,2025-10-12 17:54:05
197,10,30000,1500,0.703333,8.381396,1598.258657,5.827201,9.094351,8.112988,2025-10-12 17:54:13
198,10,30000,1500,0.704000,7.925767,1606.184424,5.827201,9.094351,8.112043,2025-10-12 17:54:21
199,10,30000,1500,0.602000,8.125959,1614.310382,5.827201,9.094351,8.112112,2025-10-12 17:54:29
200,10,30000,1500,0.680667,8.381440,1622.691823,5.827201,9.094351,8.113459,2025-10-12 17:54:38
201,10,30000,1500,0.649333,8.101648,1630.793471,5.827201,9.094351,8.113400,2025-10-12 17:54:46
202,10,30000,1500,0.696667,8.711316,1639.504787,5.827201,9.094351,8.116360,2025-10-12 17:54:54
203,10,30000,1500,0.697333,8.377965,1647.882752,5.827201,9.094351,8.117649,2025-10-12 17:55:03
204,10,30000,1500,0.643333,8.496740,1656.379492,5.827201,9.094351,8.119507,2025-10-12 17:55:11
205,10,30000,1500,0.722000,8.403516,1664.783008,5.827201,9.094351,8.120893,2025-10-12 17:55:20
206,10,30000,1500,0.726667,7.921681,1672.704689,5.827201,9.094351,8.119926,2025-10-12 17:55:28
207,10,30000,1500,0.737333,8.115743,1680.820431,5.827201,9.094351,8.119905,2025-10-12 17:55:36
208,10,30000,1500,0.728000,8.108030,1688.928461,5.827201,9.094351,8.119848,2025-10-12 17:55:44
209,10,30000,1500,0.615333,7.533142,1696.461603,5.827201,9.094351,8.117041,2025-10-12 17:55:51
210,10,30000,1500,0.701333,8.318157,1704.779760,5.827201,9.094351,8.117999,2025-10-12 17:56:00
211,10,30000,1500,0.723333,7.974293,1712.754053,5.827201,9.094351,8.117318,2025-10-12 17:56:08
212,10,30000,1500,0.715333,8.250751,1721.004804,5.827201,9.094351,8.117947,2025-10-12 17:56:16
213,10,30000,1500,0.714667,8.512068,1729.516871,5.827201,9.094351,8.119798,2025-10-12 17:56:25
214,10,30000,1500,0.630667,8.099161,1737.616032,5.827201,9.094351,8.119701,2025-10-12 17:56:33
215,10,30000,1500,0.641333,8.067345,1745.683377,5.827201,9.094351,8.119458,2025-10-12 17:56:41
216,10,30000,1500,0.766667,8.360545,1754.043922,5.827201,9.094351,8.120574,2025-10-12 17:56:49
217,10,30000,1500,0.760000,8.131025,1762.174947,5.827201,9.094351,8.120622,2025-10-12 17:56:57
218,10,30000,1500,0.696667,8.198954,1770.373901,5.827201,9.094351,8.120981,2025-10-12 17:57:05
219,10,30000,1500,0.706000,8.305093,1778.678994,5.827201,9.094351,8.121822,2025-10-12 17:57:14
220,10,30000,1500,0.744667,8.506621,1787.185615,5.827201,9.094351,8.123571,2025-10-12 17:57:22
221,10,30000,1500,0.677333,8.351812,1795.537427,5.827201,9.094351,8.124604,2025-10-12 17:57:31
222,10,30000,1500,0.784000,8.491613,1804.029039,5.827201,9.094351,8.126257,2025-10-12 17:57:39
223,10,30000,1500,0.644000,7.844807,1811.873846,5.827201,9.094351,8.124995,2025-10-12 17:57:47
224,10,30000,1500,0.693333,7.957219,1819.831066,5.827201,9.094351,8.124246,2025-10-12 17:57:55
225,10,30000,1500,0.672000,8.163980,1827.995046,5.827201,9.094351,8.124422,2025-10-12 17:58:03
226,10,30000,1500,0.665333,8.318697,1836.313742,5.827201,9.094351,8.125282,2025-10-12 17:58:11
227,10,30000,1500,0.653333,8.261121,1844.574863,5.827201,9.094351,8.125880,2025-10-12 17:58:20
228,10,30000,1500,0.681333,8.360589,1852.935452,5.827201,9.094351,8.126910,2025-10-12 17:58:28
229,10,30000,1500,0.601333,8.309660,1861.245112,5.827201,9.094351,8.127708,2025-10-12 17:58:36
230,10,30000,1500,0.635333,7.989143,1869.234256,5.827201,9.094351,8.127105,2025-10-12 17:58:44
231,10,30000,1500,0.674667,8.606330,1877.840586,5.827201,9.094351,8.129180,2025-10-12 17:58:53
232,10,30000,1500,0.648667,8.429831,1886.270417,5.827201,9.094351,8.130476,2025-10-12 17:59:01
233,10,30000,1500,0.651333,8.753899,1895.024316,5.827201,9.094351,8.133152,2025-10-12 17:59:10
234,10,30000,1500,0.646000,8.109773,1903.134089,5.827201,9.094351,8.133052,2025-10-12 17:59:18
235,10,30000,1500,0.690000,7.643469,1910.777558,5.827201,9.094351,8.130968,2025-10-12 17:59:26
236,10,30000,1500,0.671333,8.179980,1918.957538,5.827201,9.094351,8.131176,2025-10-12 17:59:34
237,10,30000,1500,0.743333,7.995623,1926.953161,5.827201,9.094351,8.130604,2025-10-12 17:59:42
238,10,30000,1500,0.628667,7.967116,1934.920278,5.827201,9.094351,8.129917,2025-10-12 17:59:50
239,10,30000,1500,0.664667,7.999866,1942.920144,5.827201,9.094351,8.129373,2025-10-12 17:59:58
240,10,30000,1500,0.670667,8.350288,1951.270432,5.827201,9.094351,8.130293,2025-10-12 18:00:06
241,10,30000,1500,0.678667,8.491501,1959.761933,5.827201,9.094351,8.131792,2025-10-12 18:00:15
242,10,30000,1500,0.694000,8.258476,1968.020409,5.827201,9.094351,8.132316,2025-10-12 18:00:23
243,10,30000,1500,0.654667,7.959369,1975.979778,5.827201,9.094351,8.131604,2025-10-12 18:00:31
244,10,30000,1500,0.617333,8.007144,1983.986923,5.827201,9.094351,8.131094,2025-10-12 18:00:39
245,10,30000,1500,0.672667,8.282036,1992.268959,5.827201,9.094351,8.131710,2025-10-12 18:00:47
246,10,30000,1500,0.602000,8.624110,2000.893069,5.827201,9.094351,8.133712,2025-10-12 18:00:56
247,10,30000,1500,0.691333,7.381306,2008.274374,5.827201,9.094351,8.130665,2025-10-12 18:01:03
248,10,30000,1500,0.654667,7.888407,2016.162782,5.827201,9.094351,8.129689,2025-10-12 18:01:11
249,10,30000,1500,0.629333,8.159320,2024.322102,5.827201,9.094351,8.129808,2025-10-12 18:01:19
250,10,30000,1500,0.651333,8.505353,2032.827455,5.827201,9.094351,8.131310,2025-10-12 18:01:28
251,10,30000,1500,0.708000,8.444501,2041.271956,5.827201,9.094351,8.132558,2025-10-12 18:01:36
252,10,30000,1500,0.713333,8.372027,2049.643983,5.827201,9.094351,8.133508,2025-10-12 18:01:45
253,10,30000,1500,0.762667,8.245059,2057.889042,5.827201,9.094351,8.133949,2025-10-12 18:01:53
254,10,30000,1500,0.691333,7.420343,2065.309385,5.827201,9.094351,8.131139,2025-10-12 18:02:00
255,10,30000,1500,0.687333,8.758416,2074.067801,5.827201,9.094351,8.133599,2025-10-12 18:02:09
256,10,30000,1500,0.730667,8.086824,2082.154626,5.827201,9.094351,8.133417,2025-10-12 18:02:17
257,10,30000,1500,0.692000,7.849340,2090.003965,5.827201,9.094351,8.132311,2025-10-12 18:02:25
258,10,30000,1500,0.766000,7.595236,2097.599202,5.827201,9.094351,8.130229,2025-10-12 18:02:33
259,10,30000,1500,0.762667,7.856527,2105.455729,5.827201,9.094351,8.129173,2025-10-12 18:02:41
260,10,30000,1500,0.715333,8.490312,2113.946041,5.827201,9.094351,8.130562,2025-10-12 18:02:49
261,10,30000,1500,0.708000,10.093264,2124.039305,5.827201,10.093264,8.138082,2025-10-12 18:02:59
262,10,30000,1500,0.731333,8.699627,2132.738932,5.827201,10.093264,8.140225,2025-10-12 18:03:08
263,10,30000,1500,0.724667,8.684704,2141.423636,5.827201,10.093264,8.142295,2025-10-12 18:03:17
264,10,30000,1500,0.628000,8.635667,2150.059303,5.827201,10.093264,8.144164,2025-10-12 18:03:25
265,10,30000,1500,0.660667,7.851216,2157.910519,5.827201,10.093264,8.143059,2025-10-12 18:03:33
266,10,30000,1500,0.699333,7.824495,2165.735014,5.827201,10.093264,8.141861,2025-10-12 18:03:41
267,10,30000,1500,0.664000,8.436307,2174.171321,5.827201,10.093264,8.142964,2025-10-12 18:03:49
268,10,30000,1500,0.629333,8.282270,2182.453590,5.827201,10.093264,8.143484,2025-10-12 18:03:58
269,10,30000,1500,0.632000,8.155654,2190.609244,5.827201,10.093264,8.143529,2025-10-12 18:04:06
270,10,30000,1500,0.705333,8.113678,2198.722922,5.827201,10.093264,8.143418,2025-10-12 18:04:14
271,10,30000,1500,0.648667,8.761374,2207.484297,5.827201,10.093264,8.145699,2025-10-12 18:04:23
272,10,30000,1500,0.764000,7.695609,2215.179906,5.827201,10.093264,8.144044,2025-10-12 18:04:30
273,10,30000,1500,0.587333,8.621653,2223.801559,5.827201,10.093264,8.145793,2025-10-12 18:04:39
274,10,30000,1500,0.652667,7.904393,2231.705953,5.827201,10.093264,8.144912,2025-10-12 18:04:47
275,10,30000,1500,0.628000,7.956180,2239.662132,5.827201,10.093264,8.144226,2025-10-12 18:04:55
276,10,30000,1500,0.716667,8.683429,2248.345562,5.827201,10.093264,8.146180,2025-10-12 18:05:03
277,10,30000,1500,0.710667,8.227227,2256.572789,5.827201,10.093264,8.146472,2025-10-12 18:05:12
278,10,30000,1500,0.634000,8.478246,2265.051035,5.827201,10.093264,8.147666,2025-10-12 18:05:20
279,10,30000,1500,0.626667,8.136936,2273.187971,5.827201,10.093264,8.147627,2025-10-12 18:05:28
280,10,30000,1500,0.704000,8.022021,2281.209991,5.827201,10.093264,8.147179,2025-10-12 18:05:36
281,10,30000,1500,0.604667,7.849408,2289.059399,5.827201,10.093264,8.146119,2025-10-12 18:05:44
282,10,30000,1500,0.696000,7.861258,2296.920657,5.827201,10.093264,8.145109,2025-10-12 18:05:52
283,10,30000,1500,0.639333,8.353586,2305.274243,5.827201,10.093264,8.145845,2025-10-12 18:06:00
284,10,30000,1500,0.640000,7.685392,2312.959635,5.827201,10.093264,8.144224,2025-10-12 18:06:08
285,10,30000,1500,0.598667,7.839611,2320.799246,5.827201,10.093264,8.143155,2025-10-12 18:06:16
286,10,30000,1500,0.741333,8.221938,2329.021184,5.827201,10.093264,8.143431,2025-10-12 18:06:24
287,10,30000,1500,0.688667,7.575033,2336.596217,5.827201,10.093264,8.141450,2025-10-12 18:06:32
288,10,30000,1500,0.766667,8.165870,2344.762087,5.827201,10.093264,8.141535,2025-10-12 18:06:40
289,10,30000,1500,0.666667,7.985827,2352.747914,5.827201,10.093264,8.140996,2025-10-12 18:06:48
290,10,30000,1500,0.647333,8.156216,2360.904131,5.827201,10.093264,8.141049,2025-10-12 18:06:56
291,10,30000,1500,0.674667,7.771518,2368.675648,5.827201,10.093264,8.139779,2025-10-12 18:07:04
292,10,30000,1500,0.656667,8.063863,2376.739512,5.827201,10.093264,8.139519,2025-10-12 18:07:12
293,10,30000,1500,0.760000,8.470201,2385.209713,5.827201,10.093264,8.140647,2025-10-12 18:07:20
294,10,30000,1500,0.708000,8.241480,2393.451193,5.827201,10.093264,8.140990,2025-10-12 18:07:29
295,10,30000,1500,0.640667,7.648840,2401.100033,5.827201,10.093264,8.139322,2025-10-12 18:07:36
296,10,30000,1500,0.638667,8.435859,2409.535892,5.827201,10.093264,8.140324,2025-10-12 18:07:45
297,10,30000,1500,0.637333,7.969315,2417.505207,5.827201,10.093264,8.139748,2025-10-12 18:07:53
298,10,30000,1500,0.624667,8.614095,2426.119302,5.827201,10.093264,8.141340,2025-10-12 18:08:01
299,10,30000,1500,0.572000,8.068470,2434.187772,5.827201,10.093264,8.141096,2025-10-12 18:08:09
300,10,30000,1500,0.644667,8.070952,2442.258724,5.827201,10.093264,8.140862,2025-10-12 18:08:17
301,10,30000,1500,0.597333,7.572602,2449.831326,5.827201,10.093264,8.138975,2025-10-12 18:08:25
302,10,30000,1500,0.711333,8.124757,2457.956083,5.827201,10.093264,8.138927,2025-10-12 18:08:33
303,10,30000,1500,0.611333,8.363869,2466.319952,5.827201,10.093264,8.139670,2025-10-12 18:08:42
304,10,30000,1500,0.628000,8.164639,2474.484591,5.827201,10.093264,8.139752,2025-10-12 18:08:50
305,10,30000,1500,0.646667,7.955116,2482.439706,5.827201,10.093264,8.139147,2025-10-12 18:08:58
306,10,30000,1500,0.622000,7.889230,2490.328936,5.827201,10.093264,8.138330,2025-10-12 18:09:06
307,10,30000,1500,0.666667,8.341844,2498.670781,5.827201,10.093264,8.138993,2025-10-12 18:09:14
308,10,30000,1500,0.678000,8.513115,2507.183896,5.827201,10.093264,8.140207,2025-10-12 18:09:22
309,10,30000,1500,0.600667,8.169379,2515.353275,5.827201,10.093264,8.140302,2025-10-12 18:09:31
310,10,30000,1500,0.585333,7.751011,2523.104286,5.827201,10.093264,8.139046,2025-10-12 18:09:38
311,10,30000,1500,0.654667,8.488112,2531.592398,5.827201,10.093264,8.140168,2025-10-12 18:09:47
312,10,30000,1500,0.646667,8.407387,2539.999785,5.827201,10.093264,8.141025,2025-10-12 18:09:55
313,10,30000,1500,0.692000,8.482385,2548.482170,5.827201,10.093264,8.142116,2025-10-12 18:10:04
314,10,30000,1500,0.718000,8.411964,2556.894134,5.827201,10.093264,8.142975,2025-10-12 18:10:12
315,10,30000,1500,0.628667,7.867294,2564.761428,5.827201,10.093264,8.142100,2025-10-12 18:10:20
316,10,30000,1500,0.668667,7.861085,2572.622514,5.827201,10.093264,8.141210,2025-10-12 18:10:28
317,10,30000,1500,0.621333,8.073828,2580.696341,5.827201,10.093264,8.140998,2025-10-12 18:10:36
318,10,30000,1500,0.665333,7.898173,2588.594514,5.827201,10.093264,8.140234,2025-10-12 18:10:44
319,10,30000,1500,0.662667,8.346407,2596.940922,5.827201,10.093264,8.140881,2025-10-12 18:10:52
320,10,30000,1500,0.584000,7.930506,2604.871428,5.827201,10.093264,8.140223,2025-10-12 18:11:00
321,10,30000,1500,0.638000,8.143928,2613.015356,5.827201,10.093264,8.140235,2025-10-12 18:11:08
322,10,30000,1500,0.597333,8.660316,2621.675672,5.827201,10.093264,8.141850,2025-10-12 18:11:17
323,10,30000,1500,0.688667,8.386831,2630.062503,5.827201,10.093264,8.142608,2025-10-12 18:11:25
324,10,30000,1500,0.648667,8.425161,2638.487663,5.827201,10.093264,8.143480,2025-10-12 18:11:34
325,10,30000,1500,0.647333,7.695477,2646.183140,5.827201,10.093264,8.142102,2025-10-12 18:11:41
326,10,30000,1500,0.677333,8.305759,2654.488899,5.827201,10.093264,8.142604,2025-10-12 18:11:50
327,10,30000,1500,0.706000,8.295953,2662.784852,5.827201,10.093264,8.143073,2025-10-12 18:11:58
328,10,30000,1500,0.746000,7.734474,2670.519326,5.827201,10.093264,8.141827,2025-10-12 18:12:06
329,10,30000,1500,0.675333,8.862430,2679.381756,5.827201,10.093264,8.144017,2025-10-12 18:12:15
330,10,30000,1500,0.726000,7.941231,2687.322987,5.827201,10.093264,8.143403,2025-10-12 18:12:23
331,10,30000,1500,0.801333,7.903264,2695.226251,5.827201,10.093264,8.142677,2025-10-12 18:12:31
332,10,30000,1500,0.767333,8.528639,2703.754889,5.827201,10.093264,8.143840,2025-10-12 18:12:39
333,10,30000,1500,0.779333,8.230756,2711.985645,5.827201,10.093264,8.144101,2025-10-12 18:12:47
334,10,30000,1500,0.728000,8.231027,2720.216673,5.827201,10.093264,8.144361,2025-10-12 18:12:56
335,10,30000,1500,0.767333,7.421139,2727.637812,5.827201,10.093264,8.142202,2025-10-12 18:13:03
336,10,30000,1500,0.721333,8.093027,2735.730839,5.827201,10.093264,8.142056,2025-10-12 18:13:11
337,10,30000,1500,0.678000,7.972892,2743.703731,5.827201,10.093264,8.141554,2025-10-12 18:13:19
338,10,30000,1500,0.818000,7.665935,2751.369666,5.827201,10.093264,8.140147,2025-10-12 18:13:27
339,10,30000,1500,0.758667,7.728845,2759.098511,5.827201,10.093264,8.138934,2025-10-12 18:13:34
340,10,30000,1500,0.710667,8.441674,2767.540185,5.827201,10.093264,8.139824,2025-10-12 18:13:43
341,10,30000,1500,0.746667,8.317347,2775.857532,5.827201,10.093264,8.140345,2025-10-12 18:13:51
342,10,30000,1500,0.750667,8.464563,2784.322096,5.827201,10.093264,8.141293,2025-10-12 18:14:00
343,10,30000,1500,0.693333,8.717241,2793.039336,5.827201,10.093264,8.142972,2025-10-12 18:14:08
344,10,30000,1500,0.757333,8.835322,2801.874658,5.827201,10.093264,8.144984,2025-10-12 18:14:17
345,10,30000,1500,0.671333,8.201245,2810.075903,5.827201,10.093264,8.145148,2025-10-12 18:14:25
346,10,30000,1500,0.745333,8.447167,2818.523070,5.827201,10.093264,8.146020,2025-10-12 18:14:34
347,10,30000,1500,0.729333,8.550934,2827.074005,5.827201,10.093264,8.147187,2025-10-12 18:14:42
348,10,30000,1500,0.651333,8.518818,2835.592823,5.827201,10.093264,8.148255,2025-10-12 18:14:51
349,10,30000,1500,0.733333,8.185018,2843.777842,5.827201,10.093264,8.148361,2025-10-12 18:14:59
350,10,30000,1500,0.760000,7.603472,2851.381314,5.827201,10.093264,8.146804,2025-10-12 18:15:07
351,10,30000,1500,0.800667,8.529650,2859.910964,5.827201,10.093264,8.147894,2025-10-12 18:15:15
352,10,30000,1500,0.689333,8.088446,2867.999411,5.827201,10.093264,8.147726,2025-10-12 18:15:23
353,10,30000,1500,0.709333,8.230424,2876.229835,5.827201,10.093264,8.147960,2025-10-12 18:15:32
354,10,30000,1500,0.688667,8.910411,2885.140246,5.827201,10.093264,8.150114,2025-10-12 18:15:40
355,10,30000,1500,0.703333,7.912976,2893.053222,5.827201,10.093264,8.149446,2025-10-12 18:15:48
356,10,30000,1500,0.752667,8.176779,2901.230000,5.827201,10.093264,8.149522,2025-10-12 18:15:57
357,10,30000,1500,0.674000,8.067722,2909.297722,5.827201,10.093264,8.149293,2025-10-12 18:16:05
358,10,30000,1500,0.736667,7.971494,2917.269216,5.827201,10.093264,8.148797,2025-10-12 18:16:13
359,10,30000,1500,0.823333,8.131878,2925.401094,5.827201,10.093264,8.148750,2025-10-12 18:16:21
360,10,30000,1500,0.740000,8.252866,2933.653960,5.827201,10.093264,8.149039,2025-10-12 18:16:29
361,10,30000,1500,0.730667,8.400326,2942.054285,5.827201,10.093264,8.149735,2025-10-12 18:16:37
362,10,30000,1500,0.746667,7.755344,2949.809629,5.827201,10.093264,8.148645,2025-10-12 18:16:45
363,10,30000,1500,0.717333,7.823758,2957.633387,5.827201,10.093264,8.147750,2025-10-12 18:16:53
364,10,30000,1500,0.664000,8.757399,2966.390787,5.827201,10.093264,8.149425,2025-10-12 18:17:02
365,10,30000,1500,0.770667,7.699690,2974.090476,5.827201,10.093264,8.148193,2025-10-12 18:17:09
366,10,30000,1500,0.689333,8.143106,2982.233582,5.827201,10.093264,8.148179,2025-10-12 18:17:18
367,10,30000,1500,0.755333,8.246565,2990.480147,5.827201,10.093264,8.148447,2025-10-12 18:17:26
368,10,30000,1500,0.700000,7.534866,2998.015013,5.827201,10.093264,8.146780,2025-10-12 18:17:33
369,10,30000,1500,0.652000,8.576173,3006.591185,5.827201,10.093264,8.147944,2025-10-12 18:17:42
370,10,30000,1500,0.730667,8.434763,3015.025948,5.827201,10.093264,8.148719,2025-10-12 18:17:50
371,10,30000,1500,0.729333,8.456246,3023.482194,5.827201,10.093264,8.149548,2025-10-12 18:17:59
372,10,30000,1500,0.742000,8.346322,3031.828516,5.827201,10.093264,8.150077,2025-10-12 18:18:07
373,10,30000,1500,0.649333,7.578718,3039.407234,5.827201,10.093264,8.148545,2025-10-12 18:18:15
374,10,30000,1500,0.693333,8.793159,3048.200393,5.827201,10.093264,8.150268,2025-10-12 18:18:24
375,10,30000,1500,0.624000,7.796058,3055.996451,5.827201,10.093264,8.149324,2025-10-12 18:18:31
376,10,30000,1500,0.664667,7.999731,3063.996182,5.827201,10.093264,8.148926,2025-10-12 18:18:39
377,10,30000,1500,0.678667,8.131632,3072.127814,5.827201,10.093264,8.148880,2025-10-12 18:18:48
378,10,30000,1500,0.630000,8.618266,3080.746080,5.827201,10.093264,8.150122,2025-10-12 18:18:56
379,10,30000,1500,0.632667,8.181787,3088.927867,5.827201,10.093264,8.150205,2025-10-12 18:19:04
380,10,30000,1500,0.770667,8.365174,3097.293041,5.827201,10.093264,8.150771,2025-10-12 18:19:13
381,10,30000,1500,0.724667,8.307690,3105.600731,5.827201,10.093264,8.151183,2025-10-12 18:19:21
382,10,30000,1500,0.776667,7.717309,3113.318040,5.827201,10.093264,8.150047,2025-10-12 18:19:29
383,10,30000,1500,0.806667,8.019869,3121.337910,5.827201,10.093264,8.149707,2025-10-12 18:19:37
384,10,30000,1500,0.713333,7.950988,3129.288898,5.827201,10.093264,8.149190,2025-10-12 18:19:45
385,10,30000,1500,0.672000,8.136323,3137.425221,5.827201,10.093264,8.149156,2025-10-12 18:19:53
386,10,30000,1500,0.695333,7.897673,3145.322894,5.827201,10.093264,8.148505,2025-10-12 18:20:01
387,10,30000,1500,0.754000,7.591234,3152.914128,5.827201,10.093264,8.147065,2025-10-12 18:20:08
388,10,30000,1500,0.633333,7.879626,3160.793754,5.827201,10.093264,8.146376,2025-10-12 18:20:16
389,10,30000,1500,0.645333,8.579059,3169.372813,5.827201,10.093264,8.147488,2025-10-12 18:20:25
390,10,30000,1500,0.662667,9.629951,3179.002764,5.827201,10.093264,8.151289,2025-10-12 18:20:34
391,10,30000,1500,0.674000,7.505195,3186.507959,5.827201,10.093264,8.149637,2025-10-12 18:20:42
392,10,30000,1500,0.704667,7.979486,3194.487446,5.827201,10.093264,8.149203,2025-10-12 18:20:50
393,10,30000,1500,0.623333,7.904900,3202.392346,5.827201,10.093264,8.148581,2025-10-12 18:20:58
394,10,30000,1500,0.717333,8.421194,3210.813540,5.827201,10.093264,8.149273,2025-10-12 18:21:06
395,10,30000,1500,0.652667,8.210197,3219.023738,5.827201,10.093264,8.149427,2025-10-12 18:21:14
396,10,30000,1500,0.736667,7.771015,3226.794752,5.827201,10.093264,8.148472,2025-10-12 18:21:22
397,10,30000,1500,0.773333,7.915835,3234.710588,5.827201,10.093264,8.147886,2025-10-12 18:21:30
398,10,30000,1500,0.663333,7.900018,3242.610606,5.827201,10.093264,8.147263,2025-10-12 18:21:38
399,10,30000,1500,0.654667,7.495784,3250.106390,5.827201,10.093264,8.145630,2025-10-12 18:21:46
400,10,30000,1500,0.612667,8.589076,3258.695466,5.827201,10.093264,8.146739,2025-10-12 18:21:54
401,10,30000,1500,0.580000,8.555936,3267.251402,5.827201,10.093264,8.147759,2025-10-12 18:22:03
402,10,30000,1500,0.724667,8.124142,3275.375544,5.827201,10.093264,8.147700,2025-10-12 18:22:11
403,10,30000,1500,0.646667,7.850124,3283.225668,5.827201,10.093264,8.146962,2025-10-12 18:22:19
404,10,30000,1500,0.656667,8.252745,3291.478413,5.827201,10.093264,8.147224,2025-10-12 18:22:27
405,10,30000,1500,0.664667,8.907000,3300.385412,5.827201,10.093264,8.149100,2025-10-12 18:22:36
406,10,30000,1500,0.696667,8.234708,3308.620120,5.827201,10.093264,8.149311,2025-10-12 18:22:44
407,10,30000,1500,0.666000,8.202349,3316.822469,5.827201,10.093264,8.149441,2025-10-12 18:22:52
408,10,30000,1500,0.753333,7.872579,3324.695048,5.827201,10.093264,8.148762,2025-10-12 18:23:00
409,10,30000,1500,0.624667,7.636817,3332.331865,5.827201,10.093264,8.147511,2025-10-12 18:23:08
410,10,30000,1500,0.714000,8.311110,3340.642975,5.827201,10.093264,8.147910,2025-10-12 18:23:16
411,10,30000,1500,0.632667,7.994611,3348.637586,5.827201,10.093264,8.147537,2025-10-12 18:23:24
412,10,30000,1500,0.647333,8.171523,3356.809109,5.827201,10.093264,8.147595,2025-10-12 18:23:32
413,10,30000,1500,0.685333,7.881294,3364.690403,5.827201,10.093264,8.146950,2025-10-12 18:23:40
414,10,30000,1500,0.675333,8.056337,3372.746740,5.827201,10.093264,8.146731,2025-10-12 18:23:48
415,10,30000,1500,0.737333,8.226445,3380.973185,5.827201,10.093264,8.146923,2025-10-12 18:23:56
416,10,30000,1500,0.704667,8.647892,3389.621077,5.827201,10.093264,8.148128,2025-10-12 18:24:05
417,10,30000,1500,0.692000,8.049169,3397.670246,5.827201,10.093264,8.147890,2025-10-12 18:24:13
418,10,30000,1500,0.724000,8.342976,3406.013221,5.827201,10.093264,8.148357,2025-10-12 18:24:22
419,10,30000,1500,0.638667,7.914143,3413.927364,5.827201,10.093264,8.147798,2025-10-12 18:24:29
420,10,30000,1500,0.694000,8.311049,3422.238413,5.827201,10.093264,8.148187,2025-10-12 18:24:38
421,10,30000,1500,0.693333,8.530064,3430.768477,5.827201,10.093264,8.149094,2025-10-12 18:24:46
422,10,30000,1500,0.663333,8.847208,3439.615685,5.827201,10.093264,8.150748,2025-10-12 18:24:55
423,10,30000,1500,0.693333,8.668696,3448.284380,5.827201,10.093264,8.151973,2025-10-12 18:25:04
424,10,30000,1500,0.634667,7.442403,3455.726784,5.827201,10.093264,8.150299,2025-10-12 18:25:11
425,10,30000,1500,0.622000,9.008780,3464.735563,5.827201,10.093264,8.152319,2025-10-12 18:25:20
426,10,30000,1500,0.704000,8.224266,3472.959829,5.827201,10.093264,8.152488,2025-10-12 18:25:28
427,10,30000,1500,0.732667,8.137148,3481.096977,5.827201,10.093264,8.152452,2025-10-12 18:25:37
428,10,30000,1500,0.699333,7.984692,3489.081669,5.827201,10.093264,8.152060,2025-10-12 18:25:45
429,10,30000,1500,0.658000,8.349885,3497.431554,5.827201,10.093264,8.152521,2025-10-12 18:25:53
430,10,30000,1500,0.685333,8.470185,3505.901739,5.827201,10.093264,8.153260,2025-10-12 18:26:01
431,10,30000,1500,0.624667,8.444046,3514.345785,5.827201,10.093264,8.153935,2025-10-12 18:26:10
432,10,30000,1500,0.710667,8.788046,3523.133831,5.827201,10.093264,8.155402,2025-10-12 18:26:19
433,10,30000,1500,0.656667,8.088406,3531.222237,5.827201,10.093264,8.155248,2025-10-12 18:26:27
434,10,30000,1500,0.660000,8.604025,3539.826262,5.827201,10.093264,8.156282,2025-10-12 18:26:35
435,10,30000,1500,0.674000,7.675913,3547.502175,5.827201,10.093264,8.155177,2025-10-12 18:26:43
436,10,30000,1500,0.689333,8.330366,3555.832541,5.827201,10.093264,8.155579,2025-10-12 18:26:51
437,10,30000,1500,0.651333,9.150819,3564.983360,5.827201,10.093264,8.157857,2025-10-12 18:27:01
438,10,30000,1500,0.718667,8.224540,3573.207900,5.827201,10.093264,8.158009,2025-10-12 18:27:09
439,10,30000,1500,0.694667,8.527257,3581.735158,5.827201,10.093264,8.158850,2025-10-12 18:27:17
440,10,30000,1500,0.672000,7.946496,3589.681654,5.827201,10.093264,8.158367,2025-10-12 18:27:25
441,10,30000,1500,0.644667,7.897166,3597.578819,5.827201,10.093264,8.157775,2025-10-12 18:27:33
442,10,30000,1500,0.670000,8.870452,3606.449271,5.827201,10.093264,8.159387,2025-10-12 18:27:42
443,10,30000,1500,0.699333,7.945947,3614.395218,5.827201,10.093264,8.158906,2025-10-12 18:27:50
444,10,30000,1500,0.659333,8.149060,3622.544278,5.827201,10.093264,8.158884,2025-10-12 18:27:58
445,10,30000,1500,0.668667,7.811452,3630.355730,5.827201,10.093264,8.158103,2025-10-12 18:28:06
446,10,30000,1500,0.678667,7.860654,3638.216384,5.827201,10.093264,8.157436,2025-10-12 18:28:14
447,10,30000,1500,0.724000,8.646895,3646.863278,5.827201,10.093264,8.158531,2025-10-12 18:28:22
448,10,30000,1500,0.664000,7.830138,3654.693416,5.827201,10.093264,8.157798,2025-10-12 18:28:30
449,10,30000,1500,0.670667,7.893796,3662.587212,5.827201,10.093264,8.157210,2025-10-12 18:28:38
450,10,30000,1500,0.722000,8.298287,3670.885499,5.827201,10.093264,8.157523,2025-10-12 18:28:46
451,10,30000,1500,0.625333,7.797810,3678.683309,5.827201,10.093264,8.156726,2025-10-12 18:28:54
452,10,30000,1500,0.685333,8.625844,3687.309152,5.827201,10.093264,8.157764,2025-10-12 18:29:03
453,10,30000,1500,0.693333,8.198281,3695.507434,5.827201,10.093264,8.157853,2025-10-12 18:29:11
454,10,30000,1500,0.620667,8.260085,3703.767519,5.827201,10.093264,8.158078,2025-10-12 18:29:19
455,10,30000,1500,0.642000,8.859554,3712.627073,5.827201,10.093264,8.159620,2025-10-12 18:29:28
456,10,30000,1500,0.584667,8.427820,3721.054893,5.827201,10.093264,8.160208,2025-10-12 18:29:37
457,10,30000,1500,0.648000,7.877944,3728.932837,5.827201,10.093264,8.159590,2025-10-12 18:29:45
458,10,30000,1500,0.696000,8.125066,3737.057904,5.827201,10.093264,8.159515,2025-10-12 18:29:53
459,10,30000,1500,0.643333,8.828598,3745.886502,5.827201,10.093264,8.160973,2025-10-12 18:30:01
460,10,30000,1500,0.664667,8.182548,3754.069050,5.827201,10.093264,8.161020,2025-10-12 18:30:10
461,10,30000,1500,0.668000,7.739606,3761.808656,5.827201,10.093264,8.160106,2025-10-12 18:30:17
462,10,30000,1500,0.690667,8.455625,3770.264281,5.827201,10.093264,8.160745,2025-10-12 18:30:26
463,10,30000,1500,0.711333,8.196757,3778.461038,5.827201,10.093264,8.160823,2025-10-12 18:30:34
464,10,30000,1500,0.724667,7.582625,3786.043663,5.827201,10.093264,8.159577,2025-10-12 18:30:42
465,10,30000,1500,0.666667,7.837528,3793.881191,5.827201,10.093264,8.158884,2025-10-12 18:30:49
466,10,30000,1500,0.759333,8.125423,3802.006614,5.827201,10.093264,8.158812,2025-10-12 18:30:58
467,10,30000,1500,0.692000,8.281082,3810.287695,5.827201,10.093264,8.159074,2025-10-12 18:31:06
468,10,30000,1500,0.730667,8.860256,3819.147951,5.827201,10.093264,8.160573,2025-10-12 18:31:15
469,10,30000,1500,0.762667,8.092386,3827.240337,5.827201,10.093264,8.160427,2025-10-12 18:31:23
470,10,30000,1500,0.743333,8.110644,3835.350981,5.827201,10.093264,8.160321,2025-10-12 18:31:31
471,10,30000,1500,0.736667,7.938398,3843.289379,5.827201,10.093264,8.159850,2025-10-12 18:31:39
472,10,30000,1500,0.701333,9.020000,3852.309379,5.827201,10.093264,8.161672,2025-10-12 18:31:48
473,10,30000,1500,0.748000,8.678234,3860.987614,5.827201,10.093264,8.162765,2025-10-12 18:31:57
474,10,30000,1500,0.691333,8.227498,3869.215112,5.827201,10.093264,8.162901,2025-10-12 18:32:05
475,10,30000,1500,0.680000,8.350318,3877.565430,5.827201,10.093264,8.163296,2025-10-12 18:32:13
476,10,30000,1500,0.662667,8.666710,3886.232140,5.827201,10.093264,8.164353,2025-10-12 18:32:22
477,10,30000,1500,0.672000,8.357223,3894.589363,5.827201,10.093264,8.164758,2025-10-12 18:32:30
478,10,30000,1500,0.661333,8.568007,3903.157370,5.827201,10.093264,8.165601,2025-10-12 18:32:39
479,10,30000,1500,0.610000,8.498160,3911.655531,5.827201,10.093264,8.166295,2025-10-12 18:32:47
480,10,30000,1500,0.668667,8.284659,3919.940189,5.827201,10.093264,8.166542,2025-10-12 18:32:56
481,10,30000,1500,0.624667,8.488587,3928.428776,5.827201,10.093264,8.167212,2025-10-12 18:33:04
482,10,30000,1500,0.708667,7.942385,3936.371161,5.827201,10.093264,8.166745,2025-10-12 18:33:12
483,10,30000,1500,0.633333,8.214233,3944.585394,5.827201,10.093264,8.166843,2025-10-12 18:33:20
484,10,30000,1500,0.646667,7.743921,3952.329316,5.827201,10.093264,8.165970,2025-10-12 18:33:28
485,10,30000,1500,0.652667,7.943630,3960.272946,5.827201,10.093264,8.165511,2025-10-12 18:33:36
486,10,30000,1500,0.651333,7.817664,3968.090609,5.827201,10.093264,8.164795,2025-10-12 18:33:44
487,10,30000,1500,0.702000,8.425513,3976.516123,5.827201,10.093264,8.165331,2025-10-12 18:33:52
488,10,30000,1500,0.666000,8.276758,3984.792880,5.827201,10.093264,8.165559,2025-10-12 18:34:00
489,10,30000,1500,0.622667,8.397916,3993.190796,5.827201,10.093264,8.166034,2025-10-12 18:34:09
490,10,30000,1500,0.661333,8.092778,4001.283574,5.827201,10.093264,8.165885,2025-10-12 18:34:17
491,10,30000,1500,0.579333,8.473002,4009.756575,5.827201,10.093264,8.166510,2025-10-12 18:34:25
492,10,30000,1500,0.612000,7.849477,4017.606052,5.827201,10.093264,8.165866,2025-10-12 18:34:33
493,10,30000,1500,0.655333,8.487394,4026.093446,5.827201,10.093264,8.166518,2025-10-12 18:34:42
494,10,30000,1500,0.625333,7.991042,4034.084488,5.827201,10.093264,8.166163,2025-10-12 18:34:50
495,10,30000,1500,0.602000,8.524752,4042.609241,5.827201,10.093264,8.166887,2025-10-12 18:34:58
496,10,30000,1500,0.688000,7.624236,4050.233477,5.827201,10.093264,8.165793,2025-10-12 18:35:06
497,10,30000,1500,0.643333,8.099517,4058.332993,5.827201,10.093264,8.165660,2025-10-12 18:35:14
498,10,30000,1500,0.693333,8.165792,4066.498785,5.827201,10.093264,8.165660,2025-10-12 18:35:22
499,10,30000,1500,0.667333,7.903855,4074.402640,5.827201,10.093264,8.165136,2025-10-12 18:35:30
500,10,30000,1500,0.606000,8.199223,4082.601864,5.827201,10.093264,8.165204,2025-10-12 18:35:38
501,10,30000,1500,0.672000,8.085375,4090.687238,5.827201,10.093264,8.165044,2025-10-12 18:35:46
502,10,30000,1500,0.594667,8.105539,4098.792778,5.827201,10.093264,8.164926,2025-10-12 18:35:54
503,10,30000,1500,0.690667,8.516000,4107.308778,5.827201,10.093264,8.165624,2025-10-12 18:36:03
504,10,30000,1500,0.678667,8.525387,4115.834165,5.827201,10.093264,8.166338,2025-10-12 18:36:12
505,10,30000,1500,0.655333,8.074522,4123.908687,5.827201,10.093264,8.166156,2025-10-12 18:36:20
506,10,30000,1500,0.634667,8.085579,4131.994266,5.827201,10.093264,8.165997,2025-10-12 18:36:28
507,10,30000,1500,0.678667,7.926374,4139.920640,5.827201,10.093264,8.165524,2025-10-12 18:36:36
508,10,30000,1500,0.730667,8.530051,4148.450691,5.827201,10.093264,8.166242,2025-10-12 18:36:44
509,10,30000,1500,0.628000,7.790799,4156.241491,5.827201,10.093264,8.165504,2025-10-12 18:36:52
510,10,30000,1500,0.662000,8.556119,4164.797610,5.827201,10.093264,8.166270,2025-10-12 18:37:01
511,10,30000,1500,0.626000,8.546629,4173.344239,5.827201,10.093264,8.167014,2025-10-12 18:37:09
512,10,30000,1500,0.708667,8.555931,4181.900170,5.827201,10.093264,8.167774,2025-10-12 18:37:18
513,10,30000,1500,0.715333,8.740503,4190.640673,5.827201,10.093264,8.168890,2025-10-12 18:37:26
514,10,30000,1500,0.675333,8.148384,4198.789057,5.827201,10.093264,8.168850,2025-10-12 18:37:35
515,10,30000,1500,0.752667,7.916880,4206.705937,5.827201,10.093264,8.168361,2025-10-12 18:37:42
516,10,30000,1500,0.605333,7.813224,4214.519161,5.827201,10.093264,8.167673,2025-10-12 18:37:50
517,10,30000,1500,0.668000,8.236463,4222.755625,5.827201,10.093264,8.167806,2025-10-12 18:37:58
518,10,30000,1500,0.672667,8.153120,4230.908744,5.827201,10.093264,8.167777,2025-10-12 18:38:07
519,10,30000,1500,0.670000,7.799137,4238.707881,5.827201,10.093264,8.167067,2025-10-12 18:38:14
520,10,30000,1500,0.620000,7.951740,4246.659621,5.827201,10.093264,8.166653,2025-10-12 18:38:22
521,10,30000,1500,0.712667,8.326347,4254.985969,5.827201,10.093264,8.166960,2025-10-12 18:38:31
522,10,30000,1500,0.642667,7.785406,4262.771375,5.827201,10.093264,8.166229,2025-10-12 18:38:39
523,10,30000,1500,0.676000,8.329349,4271.100724,5.827201,10.093264,8.166541,2025-10-12 18:38:47
524,10,30000,1500,0.723333,8.405442,4279.506166,5.827201,10.093264,8.166996,2025-10-12 18:38:55
525,10,30000,1500,0.682000,8.475776,4287.981942,5.827201,10.093264,8.167585,2025-10-12 18:39:04
526,10,30000,1500,0.617333,7.932232,4295.914173,5.827201,10.093264,8.167137,2025-10-12 18:39:12
527,10,30000,1500,0.613333,8.610358,4304.524531,5.827201,10.093264,8.167978,2025-10-12 18:39:20
528,10,30000,1500,0.604667,8.616900,4313.141431,5.827201,10.093264,8.168828,2025-10-12 18:39:29
529,10,30000,1500,0.710667,8.028137,4321.169568,5.827201,10.093264,8.168563,2025-10-12 18:39:37
530,10,30000,1500,0.618667,8.460554,4329.630122,5.827201,10.093264,8.169113,2025-10-12 18:39:45
531,10,30000,1500,0.684000,7.673839,4337.303961,5.827201,10.093264,8.168181,2025-10-12 18:39:53
532,10,30000,1500,0.586000,8.717184,4346.021146,5.827201,10.093264,8.169213,2025-10-12 18:40:02
533,10,30000,1500,0.642000,8.753783,4354.774929,5.827201,10.093264,8.170309,2025-10-12 18:40:11
534,10,30000,1500,0.646667,8.008314,4362.783243,5.827201,10.093264,8.170006,2025-10-12 18:40:19
535,10,30000,1500,0.683333,8.099538,4370.882781,5.827201,10.093264,8.169874,2025-10-12 18:40:27
536,10,30000,1500,0.653333,8.152091,4379.034872,5.827201,10.093264,8.169841,2025-10-12 18:40:35
537,10,30000,1500,0.670667,8.409683,4387.444555,5.827201,10.093264,8.170288,2025-10-12 18:40:43
538,10,30000,1500,0.742000,8.149377,4395.593932,5.827201,10.093264,8.170249,2025-10-12 18:40:51
539,10,30000,1500,0.710667,8.699355,4404.293287,5.827201,10.093264,8.171231,2025-10-12 18:41:00
540,10,30000,1500,0.717333,8.813170,4413.106458,5.827201,10.093264,8.172419,2025-10-12 18:41:09
541,10,30000,1500,0.801333,7.487146,4420.593604,5.827201,10.093264,8.171153,2025-10-12 18:41:16
542,10,30000,1500,0.798667,8.429673,4429.023277,5.827201,10.093264,8.171630,2025-10-12 18:41:25
543,10,30000,1500,0.764667,8.223460,4437.246737,5.827201,10.093264,8.171725,2025-10-12 18:41:33
544,10,30000,1500,0.803333,8.086347,4445.333084,5.827201,10.093264,8.171568,2025-10-12 18:41:41
545,10,30000,1500,0.732667,8.375846,4453.708929,5.827201,10.093264,8.171943,2025-10-12 18:41:50
546,10,30000,1500,0.752667,8.316400,4462.025329,5.827201,10.093264,8.172208,2025-10-12 18:41:58
547,10,30000,1500,0.764667,7.948880,4469.974209,5.827201,10.093264,8.171799,2025-10-12 18:42:06
548,10,30000,1500,0.748667,8.154228,4478.128437,5.827201,10.093264,8.171767,2025-10-12 18:42:14
549,10,30000,1500,0.766000,9.008885,4487.137322,5.827201,10.093264,8.173292,2025-10-12 18:42:23
550,10,30000,1500,0.722000,7.855794,4494.993117,5.827201,10.093264,8.172715,2025-10-12 18:42:31
551,10,30000,1500,0.684667,7.702072,4502.695189,5.827201,10.093264,8.171861,2025-10-12 18:42:39
552,10,30000,1500,0.769333,8.578824,4511.274013,5.827201,10.093264,8.172598,2025-10-12 18:42:47
553,10,30000,1500,0.800667,8.206696,4519.480708,5.827201,10.093264,8.172660,2025-10-12 18:42:55
554,10,30000,1500,0.743333,8.650349,4528.131057,5.827201,10.093264,8.173522,2025-10-12 18:43:04
555,10,30000,1500,0.711333,8.946788,4537.077845,5.827201,10.093264,8.174915,2025-10-12 18:43:13
556,10,30000,1500,0.758000,8.341143,4545.418988,5.827201,10.093264,8.175214,2025-10-12 18:43:21
557,10,30000,1500,0.695333,8.331619,4553.750606,5.827201,10.093264,8.175495,2025-10-12 18:43:30
558,10,30000,1500,0.745333,7.714981,4561.465587,5.827201,10.093264,8.174670,2025-10-12 18:43:37
559,10,30000,1500,0.739333,8.008304,4569.473891,5.827201,10.093264,8.174372,2025-10-12 18:43:45
560,10,30000,1500,0.714000,8.632964,4578.106855,5.827201,10.093264,8.175191,2025-10-12 18:43:54
561,10,30000,1500,0.695333,7.595765,4585.702620,5.827201,10.093264,8.174158,2025-10-12 18:44:02
562,10,30000,1500,0.754667,8.249462,4593.952083,5.827201,10.093264,8.174292,2025-10-12 18:44:10
563,10,30000,1500,0.692667,7.688709,4601.640791,5.827201,10.093264,8.173429,2025-10-12 18:44:17
564,10,30000,1500,0.744667,8.460848,4610.101639,5.827201,10.093264,8.173939,2025-10-12 18:44:26
565,10,30000,1500,0.739333,7.677953,4617.779592,5.827201,10.093264,8.173061,2025-10-12 18:44:34
566,10,30000,1500,0.696000,7.610382,4625.389974,5.827201,10.093264,8.172067,2025-10-12 18:44:41
567,10,30000,1500,0.723333,7.973875,4633.363849,5.827201,10.093264,8.171718,2025-10-12 18:44:49
568,10,30000,1500,0.759333,8.037799,4641.401648,5.827201,10.093264,8.171482,2025-10-12 18:44:57
569,10,30000,1500,0.764000,7.676291,4649.077939,5.827201,10.093264,8.170611,2025-10-12 18:45:05
570,10,30000,1500,0.709333,7.655801,4656.733740,5.827201,10.093264,8.169708,2025-10-12 18:45:13
571,10,30000,1500,0.718667,7.875282,4664.609021,5.827201,10.093264,8.169193,2025-10-12 18:45:20
572,10,30000,1500,0.688000,8.577553,4673.186574,5.827201,10.093264,8.169907,2025-10-12 18:45:29
573,10,30000,1500,0.762000,8.874445,4682.061019,5.827201,10.093264,8.171136,2025-10-12 18:45:38
574,10,30000,1500,0.747333,7.819827,4689.880846,5.827201,10.093264,8.170524,2025-10-12 18:45:46
575,10,30000,1500,0.760000,8.584826,4698.465672,5.827201,10.093264,8.171245,2025-10-12 18:45:54
576,10,30000,1500,0.778667,7.729346,4706.195019,5.827201,10.093264,8.170477,2025-10-12 18:46:02
577,10,30000,1500,0.688000,7.584480,4713.779498,5.827201,10.093264,8.169462,2025-10-12 18:46:10
578,10,30000,1500,0.736667,7.809848,4721.589346,5.827201,10.093264,8.168840,2025-10-12 18:46:17
579,10,30000,1500,0.712000,8.710985,4730.300331,5.827201,10.093264,8.169776,2025-10-12 18:46:26
580,10,30000,1500,0.654667,8.971342,4739.271673,5.827201,10.093264,8.171158,2025-10-12 18:46:35
581,10,30000,1500,0.693333,8.004677,4747.276349,5.827201,10.093264,8.170872,2025-10-12 18:46:43
582,10,30000,1500,0.635333,8.370589,4755.646938,5.827201,10.093264,8.171215,2025-10-12 18:46:52
583,10,30000,1500,0.672000,8.037365,4763.684303,5.827201,10.093264,8.170985,2025-10-12 18:47:00
584,10,30000,1500,0.706000,9.231086,4772.915389,5.827201,10.093264,8.172800,2025-10-12 18:47:09
585,10,30000,1500,0.659333,8.547062,4781.462450,5.827201,10.093264,8.173440,2025-10-12 18:47:17
586,10,30000,1500,0.641333,7.920365,4789.382815,5.827201,10.093264,8.173008,2025-10-12 18:47:25
587,10,30000,1500,0.734000,8.576599,4797.959414,5.827201,10.093264,8.173696,2025-10-12 18:47:34
588,10,30000,1500,0.715333,8.032015,4805.991429,5.827201,10.093264,8.173455,2025-10-12 18:47:42
589,10,30000,1500,0.741333,8.363684,4814.355113,5.827201,10.093264,8.173778,2025-10-12 18:47:50
590,10,30000,1500,0.778667,8.513709,4822.868822,5.827201,10.093264,8.174354,2025-10-12 18:47:59
591,10,30000,1500,0.712000,7.751203,4830.620025,5.827201,10.093264,8.173638,2025-10-12 18:48:07
592,10,30000,1500,0.775333,8.479486,4839.099510,5.827201,10.093264,8.174155,2025-10-12 18:48:15
593,10,30000,1500,0.688667,8.475483,4847.574993,5.827201,10.093264,8.174663,2025-10-12 18:48:23
594,10,30000,1500,0.746000,7.852311,4855.427305,5.827201,10.093264,8.174120,2025-10-12 18:48:31
595,10,30000,1500,0.741333,8.244714,4863.672019,5.827201,10.093264,8.174239,2025-10-12 18:48:40
596,10,30000,1500,0.762667,7.562492,4871.234511,5.827201,10.093264,8.173212,2025-10-12 18:48:47
597,10,30000,1500,0.749333,8.508811,4879.743322,5.827201,10.093264,8.173774,2025-10-12 18:48:56
598,10,30000,1500,0.704667,8.153011,4887.896333,5.827201,10.093264,8.173740,2025-10-12 18:49:04
599,10,30000,1500,0.737333,8.601231,4896.497564,5.827201,10.093264,8.174453,2025-10-12 18:49:12
600,10,30000,1500,0.722667,8.174552,4904.672116,5.827201,10.093264,8.174454,2025-10-12 18:49:21
601,10,30000,1500,0.677333,8.635276,4913.307392,5.827201,10.093264,8.175220,2025-10-12 18:49:29
602,10,30000,1500,0.718000,8.802955,4922.110347,5.827201,10.093264,8.176263,2025-10-12 18:49:38
603,10,30000,1500,0.716000,8.647122,4930.757469,5.827201,10.093264,8.177044,2025-10-12 18:49:47
604,10,30000,1500,0.700000,8.510283,4939.267751,5.827201,10.093264,8.177596,2025-10-12 18:49:55
605,10,30000,1500,0.642000,8.525542,4947.793293,5.827201,10.093264,8.178171,2025-10-12 18:50:04
606,10,30000,1500,0.722000,8.260245,4956.053538,5.827201,10.093264,8.178306,2025-10-12 18:50:12
607,10,30000,1500,0.653333,7.782871,4963.836409,5.827201,10.093264,8.177655,2025-10-12 18:50:20
608,10,30000,1500,0.729333,8.155878,4971.992287,5.827201,10.093264,8.177619,2025-10-12 18:50:28
609,10,30000,1500,0.688000,8.307961,4980.300249,5.827201,10.093264,8.177833,2025-10-12 18:50:36
610,10,30000,1500,0.691333,8.351078,4988.651327,5.827201,10.093264,8.178117,2025-10-12 18:50:45
611,10,30000,1500,0.684000,8.006072,4996.657399,5.827201,10.093264,8.177835,2025-10-12 18:50:53
612,10,30000,1500,0.675333,8.047296,5004.704695,5.827201,10.093264,8.177622,2025-10-12 18:51:01
613,10,30000,1500,0.722667,8.129623,5012.834318,5.827201,10.093264,8.177544,2025-10-12 18:51:09
614,10,30000,1500,0.665333,7.930090,5020.764408,5.827201,10.093264,8.177141,2025-10-12 18:51:17
615,10,30000,1500,0.612000,8.667020,5029.431427,5.827201,10.093264,8.177937,2025-10-12 18:51:25
616,10,30000,1500,0.687333,8.606158,5038.037585,5.827201,10.093264,8.178632,2025-10-12 18:51:34
617,10,30000,1500,0.628000,8.947856,5046.985441,5.827201,10.093264,8.179879,2025-10-12 18:51:43
618,10,30000,1500,0.622000,7.968259,5054.953699,5.827201,10.093264,8.179537,2025-10-12 18:51:51
619,10,30000,1500,0.681333,8.763047,5063.716747,5.827201,10.093264,8.180479,2025-10-12 18:52:00
620,10,30000,1500,0.640667,7.897134,5071.613880,5.827201,10.093264,8.180022,2025-10-12 18:52:08
621,10,30000,1500,0.584667,8.277973,5079.891853,5.827201,10.093264,8.180180,2025-10-12 18:52:16
622,10,30000,1500,0.712000,8.423472,5088.315325,5.827201,10.093264,8.180571,2025-10-12 18:52:24
623,10,30000,1500,0.649333,7.658137,5095.973462,5.827201,10.093264,8.179733,2025-10-12 18:52:32
624,10,30000,1500,0.664667,8.679729,5104.653191,5.827201,10.093264,8.180534,2025-10-12 18:52:41
625,10,30000,1500,0.696667,8.351616,5113.004807,5.827201,10.093264,8.180808,2025-10-12 18:52:49
626,10,30000,1500,0.633333,8.683798,5121.688605,5.827201,10.093264,8.181611,2025-10-12 18:52:58
627,10,30000,1500,0.641333,8.915095,5130.603700,5.827201,10.093264,8.182781,2025-10-12 18:53:07
628,10,30000,1500,0.636000,8.252867,5138.856567,5.827201,10.093264,8.182893,2025-10-12 18:53:15
629,10,30000,1500,0.671333,8.345302,5147.201869,5.827201,10.093264,8.183151,2025-10-12 18:53:23
630,10,30000,1500,0.653333,8.386321,5155.588190,5.827201,10.093264,8.183473,2025-10-12 18:53:32
631,10,30000,1500,0.648000,7.795773,5163.383963,5.827201,10.093264,8.182859,2025-10-12 18:53:39
632,10,30000,1500,0.676000,8.349728,5171.733691,5.827201,10.093264,8.183123,2025-10-12 18:53:48
633,10,30000,1500,0.734667,8.741231,5180.474922,5.827201,10.093264,8.184005,2025-10-12 18:53:56
634,10,30000,1500,0.741333,8.360332,5188.835254,5.827201,10.093264,8.184283,2025-10-12 18:54:05
635,10,30000,1500,0.648000,7.943924,5196.779178,5.827201,10.093264,8.183904,2025-10-12 18:54:13
636,10,30000,1500,0.672000,8.724091,5205.503269,5.827201,10.093264,8.184754,2025-10-12 18:54:22
637,10,30000,1500,0.621333,8.477200,5213.980469,5.827201,10.093264,8.185213,2025-10-12 18:54:30
638,10,30000,1500,0.645333,7.881548,5221.862018,5.827201,10.093264,8.184737,2025-10-12 18:54:38
639,10,30000,1500,0.732667,8.082581,5229.944599,5.827201,10.093264,8.184577,2025-10-12 18:54:46
640,10,30000,1500,0.689333,8.270765,5238.215364,5.827201,10.093264,8.184712,2025-10-12 18:54:54
641,10,30000,1500,0.705333,8.106690,5246.322054,5.827201,10.093264,8.184590,2025-10-12 18:55:02
642,10,30000,1500,0.676000,7.860890,5254.182943,5.827201,10.093264,8.184086,2025-10-12 18:55:10
643,10,30000,1500,0.688000,8.538753,5262.721697,5.827201,10.093264,8.184637,2025-10-12 18:55:19
644,10,30000,1500,0.680667,8.292738,5271.014435,5.827201,10.093264,8.184805,2025-10-12 18:55:27
645,10,30000,1500,0.724000,8.158134,5279.172569,5.827201,10.093264,8.184764,2025-10-12 18:55:35
646,10,30000,1500,0.627333,7.651143,5286.823712,5.827201,10.093264,8.183938,2025-10-12 18:55:43
647,10,30000,1500,0.722667,8.191620,5295.015332,5.827201,10.093264,8.183950,2025-10-12 18:55:51
648,10,30000,1500,0.663333,7.939366,5302.954698,5.827201,10.093264,8.183572,2025-10-12 18:55:59
649,10,30000,1500,0.732667,8.685710,5311.640408,5.827201,10.093264,8.184346,2025-10-12 18:56:08
650,10,30000,1500,0.728000,7.934631,5319.575039,5.827201,10.093264,8.183962,2025-10-12 18:56:16
651,10,30000,1500,0.732000,8.038853,5327.613892,5.827201,10.093264,8.183739,2025-10-12 18:56:24
652,10,30000,1500,0.648000,7.973657,5335.587549,5.827201,10.093264,8.183416,2025-10-12 18:56:32
653,10,30000,1500,0.621333,8.020110,5343.607659,5.827201,10.093264,8.183166,2025-10-12 18:56:40
654,10,30000,1500,0.590000,8.737055,5352.344714,5.827201,10.093264,8.184013,2025-10-12 18:56:48
655,10,30000,1500,0.694667,8.586036,5360.930751,5.827201,10.093264,8.184627,2025-10-12 18:56:57
656,10,30000,1500,0.620667,7.602055,5368.532806,5.827201,10.093264,8.183739,2025-10-12 18:57:05
657,10,30000,1500,0.620000,8.078769,5376.611574,5.827201,10.093264,8.183579,2025-10-12 18:57:13
658,10,30000,1500,0.625333,8.101038,5384.712612,5.827201,10.093264,8.183454,2025-10-12 18:57:21
659,10,30000,1500,0.621333,8.699003,5393.411615,5.827201,10.093264,8.184236,2025-10-12 18:57:29
660,10,30000,1500,0.622667,8.031284,5401.442899,5.827201,10.093264,8.184004,2025-10-12 18:57:38
661,10,30000,1500,0.622667,7.422870,5408.865769,5.827201,10.093264,8.182853,2025-10-12 18:57:45
662,10,30000,1500,0.680667,8.752735,5417.618504,5.827201,10.093264,8.183714,2025-10-12 18:57:54
663,10,30000,1500,0.660667,8.560260,5426.178764,5.827201,10.093264,8.184282,2025-10-12 18:58:02
664,10,30000,1500,0.715333,8.374954,5434.553718,5.827201,10.093264,8.184569,2025-10-12 18:58:11
665,10,30000,1500,0.722000,8.817483,5443.371201,5.827201,10.093264,8.185521,2025-10-12 18:58:19
666,10,30000,1500,0.694000,7.886141,5451.257342,5.827201,10.093264,8.185071,2025-10-12 18:58:27
667,10,30000,1500,0.714000,8.889250,5460.146592,5.827201,10.093264,8.186127,2025-10-12 18:58:36
668,10,30000,1500,0.717333,8.005430,5468.152023,5.827201,10.093264,8.185856,2025-10-12 18:58:44
669,10,30000,1500,0.738000,8.045788,5476.197810,5.827201,10.093264,8.185647,2025-10-12 18:58:52
670,10,30000,1500,0.688000,8.113415,5484.311225,5.827201,10.093264,8.185539,2025-10-12 18:59:00
671,10,30000,1500,0.684000,7.698238,5492.009463,5.827201,10.093264,8.184813,2025-10-12 18:59:08
672,10,30000,1500,0.734000,7.921678,5499.931141,5.827201,10.093264,8.184421,2025-10-12 18:59:16
673,10,30000,1500,0.754000,8.451533,5508.382674,5.827201,10.093264,8.184818,2025-10-12 18:59:24
674,10,30000,1500,0.690000,8.112290,5516.494964,5.827201,10.093264,8.184711,2025-10-12 18:59:33
675,10,30000,1500,0.726000,8.741552,5525.236517,5.827201,10.093264,8.185536,2025-10-12 18:59:41
676,10,30000,1500,0.745333,7.944109,5533.180625,5.827201,10.093264,8.185178,2025-10-12 18:59:49
677,10,30000,1500,0.696667,8.835831,5542.016456,5.827201,10.093264,8.186140,2025-10-12 18:59:58
678,10,30000,1500,0.792667,7.931489,5549.947946,5.827201,10.093264,8.185764,2025-10-12 19:00:06
679,10,30000,1500,0.702000,8.423468,5558.371413,5.827201,10.093264,8.186114,2025-10-12 19:00:15
680,10,30000,1500,0.767333,8.044097,5566.415510,5.827201,10.093264,8.185905,2025-10-12 19:00:23
681,10,30000,1500,0.747333,7.806917,5574.222427,5.827201,10.093264,8.185349,2025-10-12 19:00:30
682,10,30000,1500,0.707333,8.035530,5582.257957,5.827201,10.093264,8.185129,2025-10-12 19:00:38
683,10,30000,1500,0.719333,8.065368,5590.323325,5.827201,10.093264,8.184954,2025-10-12 19:00:46
684,10,30000,1500,0.654000,7.840122,5598.163447,5.827201,10.093264,8.184449,2025-10-12 19:00:54
685,10,30000,1500,0.649333,8.326249,5606.489696,5.827201,10.093264,8.184656,2025-10-12 19:01:03
686,10,30000,1500,0.711333,7.835161,5614.324856,5.827201,10.093264,8.184147,2025-10-12 19:01:10
687,10,30000,1500,0.638667,8.062959,5622.387816,5.827201,10.093264,8.183971,2025-10-12 19:01:19
688,10,30000,1500,0.710000,8.579693,5630.967509,5.827201,10.093264,8.184546,2025-10-12 19:01:27
689,10,30000,1500,0.677333,8.084323,5639.051832,5.827201,10.093264,8.184400,2025-10-12 19:01:35
690,10,30000,1500,0.655333,8.206382,5647.258214,5.827201,10.093264,8.184432,2025-10-12 19:01:43
691,10,30000,1500,0.644000,8.030002,5655.288215,5.827201,10.093264,8.184209,2025-10-12 19:01:51
692,10,30000,1500,0.750000,8.263796,5663.552011,5.827201,10.093264,8.184324,2025-10-12 19:02:00
693,10,30000,1500,0.707333,8.389810,5671.941821,5.827201,10.093264,8.184620,2025-10-12 19:02:08
694,10,30000,1500,0.788000,7.716179,5679.658001,5.827201,10.093264,8.183945,2025-10-12 19:02:16
695,10,30000,1500,0.717333,7.794589,5687.452589,5.827201,10.093264,8.183385,2025-10-12 19:02:24
696,10,30000,1500,0.725333,7.725370,5695.177959,5.827201,10.093264,8.182727,2025-10-12 19:02:31
697,10,30000,1500,0.735333,8.342970,5703.520929,5.827201,10.093264,8.182957,2025-10-12 19:02:40
698,10,30000,1500,0.699333,8.577252,5712.098181,5.827201,10.093264,8.183522,2025-10-12 19:02:48
699,10,30000,1500,0.787333,8.543825,5720.642006,5.827201,10.093264,8.184037,2025-10-12 19:02:57
700,10,30000,1500,0.764000,8.368547,5729.010553,5.827201,10.093264,8.184301,2025-10-12 19:03:05
701,10,30000,1500,0.740000,7.233895,5736.244448,5.827201,10.093264,8.182945,2025-10-12 19:03:12
702,10,30000,1500,0.650667,8.416440,5744.660888,5.827201,10.093264,8.183278,2025-10-12 19:03:21
703,10,30000,1500,0.712667,7.650950,5752.311838,5.827201,10.093264,8.182520,2025-10-12 19:03:29
704,10,30000,1500,0.672667,7.410898,5759.722736,5.827201,10.093264,8.181424,2025-10-12 19:03:36
705,10,30000,1500,0.653333,8.239885,5767.962621,5.827201,10.093264,8.181507,2025-10-12 19:03:44
706,10,30000,1500,0.677333,8.220087,5776.182709,5.827201,10.093264,8.181562,2025-10-12 19:03:52
707,10,30000,1500,0.618000,7.766245,5783.948953,5.827201,10.093264,8.180974,2025-10-12 19:04:00
708,10,30000,1500,0.694000,8.925335,5792.874289,5.827201,10.093264,8.182026,2025-10-12 19:04:09
709,10,30000,1500,0.698000,7.937567,5800.811856,5.827201,10.093264,8.181681,2025-10-12 19:04:17
710,10,30000,1500,0.696667,8.830891,5809.642747,5.827201,10.093264,8.182595,2025-10-12 19:04:26
711,10,30000,1500,0.712000,7.846914,5817.489662,5.827201,10.093264,8.182123,2025-10-12 19:04:34
712,10,30000,1500,0.708000,7.512581,5825.002242,5.827201,10.093264,8.181183,2025-10-12 19:04:41
713,10,30000,1500,0.722000,8.136295,5833.138537,5.827201,10.093264,8.181120,2025-10-12 19:04:49
714,10,30000,1500,0.768000,8.479243,5841.617780,5.827201,10.093264,8.181538,2025-10-12 19:04:58
715,10,30000,1500,0.728667,8.784373,5850.402153,5.827201,10.093264,8.182381,2025-10-12 19:05:07
716,10,30000,1500,0.736000,8.285764,5858.687916,5.827201,10.093264,8.182525,2025-10-12 19:05:15
717,10,30000,1500,0.780667,7.598284,5866.286201,5.827201,10.093264,8.181710,2025-10-12 19:05:23
718,10,30000,1500,0.718000,7.953261,5874.239462,5.827201,10.093264,8.181392,2025-10-12 19:05:30
719,10,30000,1500,0.805333,7.631618,5881.871080,5.827201,10.093264,8.180627,2025-10-12 19:05:38
720,10,30000,1500,0.817333,8.162612,5890.033692,5.827201,10.093264,8.180602,2025-10-12 19:05:46
721,10,30000,1500,0.817333,8.033970,5898.067662,5.827201,10.093264,8.180399,2025-10-12 19:05:54
722,10,30000,1500,0.680667,7.737100,5905.804761,5.827201,10.093264,8.179785,2025-10-12 19:06:02
723,10,30000,1500,0.630000,8.504475,5914.309236,5.827201,10.093264,8.180234,2025-10-12 19:06:11
724,10,30000,1500,0.698667,8.514525,5922.823761,5.827201,10.093264,8.180696,2025-10-12 19:06:19
725,10,30000,1500,0.715333,8.961278,5931.785039,5.827201,10.093264,8.181772,2025-10-12 19:06:28
726,10,30000,1500,0.662000,8.579747,5940.364786,5.827201,10.093264,8.182321,2025-10-12 19:06:37
727,10,30000,1500,0.682000,7.907601,5948.272387,5.827201,10.093264,8.181943,2025-10-12 19:06:45
728,10,30000,1500,0.639333,8.640853,5956.913240,5.827201,10.093264,8.182573,2025-10-12 19:06:53
729,10,30000,1500,0.704000,7.934374,5964.847614,5.827201,10.093264,8.182233,2025-10-12 19:07:01
730,10,30000,1500,0.697333,8.688888,5973.536502,5.827201,10.093264,8.182927,2025-10-12 19:07:10
731,10,30000,1500,0.689333,8.251674,5981.788175,5.827201,10.093264,8.183021,2025-10-12 19:07:18
732,10,30000,1500,0.741333,8.078575,5989.866750,5.827201,10.093264,8.182878,2025-10-12 19:07:26
733,10,30000,1500,0.787333,8.138632,5998.005382,5.827201,10.093264,8.182818,2025-10-12 19:07:34
734,10,30000,1500,0.822000,7.907925,6005.913307,5.827201,10.093264,8.182443,2025-10-12 19:07:42
735,10,30000,1500,0.813333,8.509487,6014.422794,5.827201,10.093264,8.182888,2025-10-12 19:07:51
736,10,30000,1500,0.806667,7.973370,6022.396164,5.827201,10.093264,8.182603,2025-10-12 19:07:59
737,10,30000,1500,0.678667,7.899103,6030.295267,5.827201,10.093264,8.182219,2025-10-12 19:08:07
738,10,30000,1500,0.705333,7.951231,6038.246497,5.827201,10.093264,8.181906,2025-10-12 19:08:15
739,10,30000,1500,0.651333,7.960545,6046.207043,5.827201,10.093264,8.181606,2025-10-12 19:08:22
740,10,30000,1500,0.639333,8.591519,6054.798561,5.827201,10.093264,8.182160,2025-10-12 19:08:31
741,10,30000,1500,0.693333,8.777252,6063.575813,5.827201,10.093264,8.182963,2025-10-12 19:08:40
742,10,30000,1500,0.620667,8.434176,6072.009989,5.827201,10.093264,8.183302,2025-10-12 19:08:48
743,10,30000,1500,0.695333,8.625507,6080.635496,5.827201,10.093264,8.183897,2025-10-12 19:08:57
744,10,30000,1500,0.684000,8.188713,6088.824210,5.827201,10.093264,8.183904,2025-10-12 19:09:05
745,10,30000,1500,0.678667,7.637707,6096.461916,5.827201,10.093264,8.183170,2025-10-12 19:09:13
746,10,30000,1500,0.676667,8.079559,6104.541475,5.827201,10.093264,8.183031,2025-10-12 19:09:21
747,10,30000,1500,0.698000,7.946468,6112.487944,5.827201,10.093264,8.182715,2025-10-12 19:09:29
748,10,30000,1500,0.662000,8.795225,6121.283168,5.827201,10.093264,8.183534,2025-10-12 19:09:38
749,10,30000,1500,0.734000,8.219371,6129.502539,5.827201,10.093264,8.183581,2025-10-12 19:09:46
750,10,30000,1500,0.650000,8.514308,6138.016847,5.827201,10.093264,8.184022,2025-10-12 19:09:54
751,10,30000,1500,0.656667,8.436263,6146.453111,5.827201,10.093264,8.184358,2025-10-12 19:10:03
752,10,30000,1500,0.696000,8.195500,6154.648611,5.827201,10.093264,8.184373,2025-10-12 19:10:11
753,10,30000,1500,0.682000,8.211597,6162.860207,5.827201,10.093264,8.184409,2025-10-12 19:10:19
754,10,30000,1500,0.786000,8.011132,6170.871340,5.827201,10.093264,8.184179,2025-10-12 19:10:27
755,10,30000,1500,0.750667,8.586533,6179.457872,5.827201,10.093264,8.184712,2025-10-12 19:10:36
756,10,30000,1500,0.724000,8.093975,6187.551847,5.827201,10.093264,8.184592,2025-10-12 19:10:44
757,10,30000,1500,0.676000,8.059121,6195.610968,5.827201,10.093264,8.184427,2025-10-12 19:10:52
758,10,30000,1500,0.608000,8.461988,6204.072956,5.827201,10.093264,8.184793,2025-10-12 19:11:00
759,10,30000,1500,0.621333,8.191267,6212.264223,5.827201,10.093264,8.184801,2025-10-12 19:11:09
760,10,30000,1500,0.652667,8.132040,6220.396263,5.827201,10.093264,8.184732,2025-10-12 19:11:17
761,10,30000,1500,0.629333,8.403813,6228.800077,5.827201,10.093264,8.185020,2025-10-12 19:11:25
762,10,30000,1500,0.569333,8.018740,6236.818817,5.827201,10.093264,8.184802,2025-10-12 19:11:33
763,10,30000,1500,0.628667,8.275163,6245.093980,5.827201,10.093264,8.184920,2025-10-12 19:11:41
764,10,30000,1500,0.652667,8.529511,6253.623491,5.827201,10.093264,8.185371,2025-10-12 19:11:50
765,10,30000,1500,0.636667,8.142709,6261.766200,5.827201,10.093264,8.185315,2025-10-12 19:11:58
766,10,30000,1500,0.610667,7.656865,6269.423066,5.827201,10.093264,8.184625,2025-10-12 19:12:06
767,10,30000,1500,0.667333,7.877378,6277.300443,5.827201,10.093264,8.184225,2025-10-12 19:12:14
768,10,30000,1500,0.739333,8.616229,6285.916672,5.827201,10.093264,8.184787,2025-10-12 19:12:22
769,10,30000,1500,0.725333,7.435387,6293.352059,5.827201,10.093264,8.183813,2025-10-12 19:12:30
770,10,30000,1500,0.703333,8.506197,6301.858256,5.827201,10.093264,8.184232,2025-10-12 19:12:38
771,10,30000,1500,0.725333,8.268241,6310.126497,5.827201,10.093264,8.184340,2025-10-12 19:12:46
772,10,30000,1500,0.656000,7.896311,6318.022808,5.827201,10.093264,8.183967,2025-10-12 19:12:54
773,10,30000,1500,0.610667,8.665967,6326.688775,5.827201,10.093264,8.184591,2025-10-12 19:13:03
774,10,30000,1500,0.674667,8.405435,6335.094210,5.827201,10.093264,8.184876,2025-10-12 19:13:11
775,10,30000,1500,0.704667,8.865689,6343.959899,5.827201,10.093264,8.185755,2025-10-12 19:13:20
776,10,30000,1500,0.640667,8.709675,6352.669574,5.827201,10.093264,8.186430,2025-10-12 19:13:29
777,10,30000,1500,0.704000,7.719053,6360.388626,5.827201,10.093264,8.185828,2025-10-12 19:13:37
778,10,30000,1500,0.624667,8.001858,6368.390484,5.827201,10.093264,8.185592,2025-10-12 19:13:45
779,10,30000,1500,0.700000,8.839414,6377.229898,5.827201,10.093264,8.186431,2025-10-12 19:13:54
780,10,30000,1500,0.685333,9.344170,6386.574068,5.827201,10.093264,8.187915,2025-10-12 19:14:03
781,10,30000,1500,0.724000,8.506785,6395.080854,5.827201,10.093264,8.188324,2025-10-12 19:14:11
782,10,30000,1500,0.698000,8.665941,6403.746794,5.827201,10.093264,8.188935,2025-10-12 19:14:20
783,10,30000,1500,0.712000,7.925698,6411.672492,5.827201,10.093264,8.188598,2025-10-12 19:14:28
784,10,30000,1500,0.788000,7.866600,6419.539092,5.827201,10.093264,8.188188,2025-10-12 19:14:36
785,10,30000,1500,0.745333,8.706742,6428.245834,5.827201,10.093264,8.188848,2025-10-12 19:14:45
786,10,30000,1500,0.799333,8.281813,6436.527647,5.827201,10.093264,8.188966,2025-10-12 19:14:53
787,10,30000,1500,0.606000,8.533322,6445.060969,5.827201,10.093264,8.189404,2025-10-12 19:15:01
788,10,30000,1500,0.646667,8.362210,6453.423179,5.827201,10.093264,8.189623,2025-10-12 19:15:10
789,10,30000,1500,0.671333,8.375602,6461.798781,5.827201,10.093264,8.189859,2025-10-12 19:15:18
790,10,30000,1500,0.666000,7.751780,6469.550561,5.827201,10.093264,8.189305,2025-10-12 19:15:26
791,10,30000,1500,0.670667,8.024813,6477.575374,5.827201,10.093264,8.189097,2025-10-12 19:15:34
792,10,30000,1500,0.780000,8.432150,6486.007524,5.827201,10.093264,8.189403,2025-10-12 19:15:42
793,10,30000,1500,0.728667,8.341968,6494.349492,5.827201,10.093264,8.189596,2025-10-12 19:15:51
794,10,30000,1500,0.790667,7.924492,6502.273984,5.827201,10.093264,8.189262,2025-10-12 19:15:59
795,10,30000,1500,0.754000,7.920254,6510.194239,5.827201,10.093264,8.188924,2025-10-12 19:16:07
796,10,30000,1500,0.734000,8.119862,6518.314101,5.827201,10.093264,8.188837,2025-10-12 19:16:15
797,10,30000,1500,0.716000,8.084530,6526.398631,5.827201,10.093264,8.188706,2025-10-12 19:16:23
798,10,30000,1500,0.680667,7.880939,6534.279570,5.827201,10.093264,8.188320,2025-10-12 19:16:31
799,10,30000,1500,0.609333,8.204948,6542.484519,5.827201,10.093264,8.188341,2025-10-12 19:16:39
800,10,30000,1500,0.758000,8.207444,6550.691963,5.827201,10.093264,8.188365,2025-10-12 19:16:47
801,10,30000,1500,0.699333,8.371092,6559.063055,5.827201,10.093264,8.188593,2025-10-12 19:16:55
802,10,30000,1500,0.636667,7.937406,6567.000461,5.827201,10.093264,8.188280,2025-10-12 19:17:03
803,10,30000,1500,0.646667,8.832894,6575.833355,5.827201,10.093264,8.189083,2025-10-12 19:17:12
804,10,30000,1500,0.650000,7.858288,6583.691643,5.827201,10.093264,8.188671,2025-10-12 19:17:20
805,10,30000,1500,0.606000,7.880467,6591.572111,5.827201,10.093264,8.188288,2025-10-12 19:17:28
806,10,30000,1500,0.752000,9.065897,6600.638007,5.827201,10.093264,8.189377,2025-10-12 19:17:37
807,10,30000,1500,0.718000,7.620301,6608.258308,5.827201,10.093264,8.188672,2025-10-12 19:17:45
808,10,30000,1500,0.740000,7.792545,6616.050853,5.827201,10.093264,8.188182,2025-10-12 19:17:52
809,10,30000,1500,0.735333,7.470646,6623.521499,5.827201,10.093264,8.187295,2025-10-12 19:18:00
810,10,30000,1500,0.648000,8.152926,6631.674425,5.827201,10.093264,8.187252,2025-10-12 19:18:08
811,10,30000,1500,0.702000,8.623706,6640.298130,5.827201,10.093264,8.187791,2025-10-12 19:18:17
812,10,30000,1500,0.699333,7.993242,6648.291372,5.827201,10.093264,8.187551,2025-10-12 19:18:25
813,10,30000,1500,0.727333,7.981030,6656.272402,5.827201,10.093264,8.187297,2025-10-12 19:18:33
814,10,30000,1500,0.642667,7.863317,6664.135719,5.827201,10.093264,8.186899,2025-10-12 19:18:41
815,10,30000,1500,0.653333,8.052610,6672.188329,5.827201,10.093264,8.186734,2025-10-12 19:18:49
816,10,30000,1500,0.642667,7.847849,6680.036178,5.827201,10.093264,8.186319,2025-10-12 19:18:56
817,10,30000,1500,0.661333,8.073160,6688.109338,5.827201,10.093264,8.186180,2025-10-12 19:19:05
818,10,30000,1500,0.664000,7.849149,6695.958488,5.827201,10.093264,8.185768,2025-10-12 19:19:12
819,10,30000,1500,0.576000,8.376066,6704.334554,5.827201,10.093264,8.186001,2025-10-12 19:19:21
820,10,30000,1500,0.652667,7.539425,6711.873979,5.827201,10.093264,8.185212,2025-10-12 19:19:28
821,10,30000,1500,0.821333,7.725250,6719.599229,5.827201,10.093264,8.184652,2025-10-12 19:19:36
822,10,30000,1500,0.698667,8.581836,6728.181064,5.827201,10.093264,8.185135,2025-10-12 19:19:45
823,10,30000,1500,0.710667,7.799023,6735.980087,5.827201,10.093264,8.184666,2025-10-12 19:19:52
824,10,30000,1500,0.684667,8.233392,6744.213479,5.827201,10.093264,8.184725,2025-10-12 19:20:01
825,10,30000,1500,0.668000,9.282790,6753.496268,5.827201,10.093264,8.186056,2025-10-12 19:20:10
826,10,30000,1500,0.597333,8.259448,6761.755717,5.827201,10.093264,8.186145,2025-10-12 19:20:18
827,10,30000,1500,0.804667,8.775217,6770.530934,5.827201,10.093264,8.186857,2025-10-12 19:20:27
828,10,30000,1500,0.812667,8.589257,6779.120190,5.827201,10.093264,8.187343,2025-10-12 19:20:36
829,10,30000,1500,0.806667,8.583744,6787.703935,5.827201,10.093264,8.187821,2025-10-12 19:20:44
830,10,30000,1500,0.766000,7.620340,6795.324275,5.827201,10.093264,8.187138,2025-10-12 19:20:52
831,10,30000,1500,0.712667,7.698688,6803.022963,5.827201,10.093264,8.186550,2025-10-12 19:21:00
832,10,30000,1500,0.727333,8.058456,6811.081419,5.827201,10.093264,8.186396,2025-10-12 19:21:08
833,10,30000,1500,0.684000,7.948951,6819.030369,5.827201,10.093264,8.186111,2025-10-12 19:21:16
834,10,30000,1500,0.701333,8.673591,6827.703960,5.827201,10.093264,8.186695,2025-10-12 19:21:24
835,10,30000,1500,0.600000,7.989626,6835.693586,5.827201,10.093264,8.186459,2025-10-12 19:21:32
836,10,30000,1500,0.706000,7.824918,6843.518504,5.827201,10.093264,8.186027,2025-10-12 19:21:40
837,10,30000,1500,0.658667,8.070732,6851.589236,5.827201,10.093264,8.185889,2025-10-12 19:21:48
838,10,30000,1500,0.697333,7.941591,6859.530827,5.827201,10.093264,8.185598,2025-10-12 19:21:56
839,10,30000,1500,0.645333,8.746726,6868.277553,5.827201,10.093264,8.186266,2025-10-12 19:22:05
840,10,30000,1500,0.578667,8.144154,6876.421707,5.827201,10.093264,8.186216,2025-10-12 19:22:13
841,10,30000,1500,0.610667,8.467197,6884.888903,5.827201,10.093264,8.186550,2025-10-12 19:22:21
842,10,30000,1500,0.738667,8.010758,6892.899661,5.827201,10.093264,8.186342,2025-10-12 19:22:29
843,10,30000,1500,0.741333,8.843969,6901.743630,5.827201,10.093264,8.187122,2025-10-12 19:22:38
844,10,30000,1500,0.719333,8.354221,6910.097851,5.827201,10.093264,8.187320,2025-10-12 19:22:47
845,10,30000,1500,0.736667,8.020747,6918.118598,5.827201,10.093264,8.187123,2025-10-12 19:22:55
846,10,30000,1500,0.640667,8.557678,6926.676276,5.827201,10.093264,8.187561,2025-10-12 19:23:03
847,10,30000,1500,0.662000,8.317827,6934.994103,5.827201,10.093264,8.187714,2025-10-12 19:23:12
848,10,30000,1500,0.646667,8.253772,6943.247875,5.827201,10.093264,8.187792,2025-10-12 19:23:20
849,10,30000,1500,0.686000,8.117685,6951.365560,5.827201,10.093264,8.187710,2025-10-12 19:23:28
850,10,30000,1500,0.594000,7.916646,6959.282206,5.827201,10.093264,8.187391,2025-10-12 19:23:36
851,10,30000,1500,0.611333,7.938154,6967.220360,5.827201,10.093264,8.187098,2025-10-12 19:23:44
852,10,30000,1500,0.622667,8.246921,6975.467282,5.827201,10.093264,8.187168,2025-10-12 19:23:52
853,10,30000,1500,0.631333,8.759429,6984.226711,5.827201,10.093264,8.187839,2025-10-12 19:24:01
854,10,30000,1500,0.635333,8.961626,6993.188336,5.827201,10.093264,8.188745,2025-10-12 19:24:10
855,10,30000,1500,0.542000,8.378859,7001.567195,5.827201,10.093264,8.188967,2025-10-12 19:24:18
856,10,30000,1500,0.633333,8.226935,7009.794130,5.827201,10.093264,8.189012,2025-10-12 19:24:26
857,10,30000,1500,0.726000,8.140289,7017.934419,5.827201,10.093264,8.188955,2025-10-12 19:24:34
858,10,30000,1500,0.720000,9.013720,7026.948139,5.827201,10.093264,8.189916,2025-10-12 19:24:44
859,10,30000,1500,0.762667,7.661092,7034.609231,5.827201,10.093264,8.189301,2025-10-12 19:24:51
860,10,30000,1500,0.646000,7.760705,7042.369936,5.827201,10.093264,8.188802,2025-10-12 19:24:59
861,10,30000,1500,0.734667,7.739186,7050.109122,5.827201,10.093264,8.188280,2025-10-12 19:25:07
862,10,30000,1500,0.707333,7.645173,7057.754295,5.827201,10.093264,8.187650,2025-10-12 19:25:14
863,10,30000,1500,0.687333,7.718410,7065.472705,5.827201,10.093264,8.187106,2025-10-12 19:25:22
864,10,30000,1500,0.728000,8.347008,7073.819713,5.827201,10.093264,8.187291,2025-10-12 19:25:30
865,10,30000,1500,0.646000,7.475549,7081.295262,5.827201,10.093264,8.186469,2025-10-12 19:25:38
866,10,30000,1500,0.654667,8.125905,7089.421167,5.827201,10.093264,8.186399,2025-10-12 19:25:46
867,10,30000,1500,0.655333,8.089111,7097.510278,5.827201,10.093264,8.186286,2025-10-12 19:25:54
868,10,30000,1500,0.681333,7.690597,7105.200875,5.827201,10.093264,8.185715,2025-10-12 19:26:02
869,10,30000,1500,0.648000,8.511924,7113.712799,5.827201,10.093264,8.186091,2025-10-12 19:26:10
870,10,30000,1500,0.670000,8.381675,7122.094474,5.827201,10.093264,8.186315,2025-10-12 19:26:19
871,10,30000,1500,0.569333,8.886667,7130.981141,5.827201,10.093264,8.187120,2025-10-12 19:26:28
872,10,30000,1500,0.645333,8.230698,7139.211839,5.827201,10.093264,8.187170,2025-10-12 19:26:36
873,10,30000,1500,0.608667,8.240692,7147.452532,5.827201,10.093264,8.187231,2025-10-12 19:26:44
874,10,30000,1500,0.626667,9.184273,7156.636804,5.827201,10.093264,8.188372,2025-10-12 19:26:53
875,10,30000,1500,0.657333,8.287526,7164.924331,5.827201,10.093264,8.188485,2025-10-12 19:27:02
876,10,30000,1500,0.604667,8.295954,7173.220284,5.827201,10.093264,8.188608,2025-10-12 19:27:10
877,10,30000,1500,0.728000,8.144506,7181.364790,5.827201,10.093264,8.188557,2025-10-12 19:27:18
878,10,30000,1500,0.669333,8.231712,7189.596502,5.827201,10.093264,8.188606,2025-10-12 19:27:26
879,10,30000,1500,0.644667,8.718682,7198.315184,5.827201,10.093264,8.189210,2025-10-12 19:27:35
880,10,30000,1500,0.643333,8.030946,7206.346130,5.827201,10.093264,8.189030,2025-10-12 19:27:43
881,10,30000,1500,0.596000,8.859241,7215.205371,5.827201,10.093264,8.189790,2025-10-12 19:27:52
882,10,30000,1500,0.610667,8.096167,7223.301538,5.827201,10.093264,8.189684,2025-10-12 19:28:00
883,10,30000,1500,0.732667,8.951935,7232.253473,5.827201,10.093264,8.190548,2025-10-12 19:28:09
884,10,30000,1500,0.698667,8.569720,7240.823193,5.827201,10.093264,8.190976,2025-10-12 19:28:17
885,10,30000,1500,0.698000,7.737957,7248.561150,5.827201,10.093264,8.190465,2025-10-12 19:28:25
886,10,30000,1500,0.644667,8.422929,7256.984079,5.827201,10.093264,8.190727,2025-10-12 19:28:34
887,10,30000,1500,0.620667,8.317842,7265.301921,5.827201,10.093264,8.190870,2025-10-12 19:28:42
888,10,30000,1500,0.712000,8.415232,7273.717153,5.827201,10.093264,8.191123,2025-10-12 19:28:50
889,10,30000,1500,0.678667,8.707445,7282.424599,5.827201,10.093264,8.191704,2025-10-12 19:28:59
890,10,30000,1500,0.672000,8.265696,7290.690295,5.827201,10.093264,8.191787,2025-10-12 19:29:07
891,10,30000,1500,0.617333,8.118242,7298.808537,5.827201,10.093264,8.191704,2025-10-12 19:29:15
892,10,30000,1500,0.656667,7.392619,7306.201156,5.827201,10.093264,8.190808,2025-10-12 19:29:23
893,10,30000,1500,0.614667,8.353900,7314.555056,5.827201,10.093264,8.190991,2025-10-12 19:29:31
894,10,30000,1500,0.686000,8.243916,7322.798972,5.827201,10.093264,8.191050,2025-10-12 19:29:39
895,10,30000,1500,0.589333,7.875876,7330.674848,5.827201,10.093264,8.190698,2025-10-12 19:29:47
896,10,30000,1500,0.566667,8.447764,7339.122611,5.827201,10.093264,8.190985,2025-10-12 19:29:56
897,10,30000,1500,0.622667,7.713368,7346.835979,5.827201,10.093264,8.190453,2025-10-12 19:30:03
898,10,30000,1500,0.672000,8.054033,7354.890013,5.827201,10.093264,8.190301,2025-10-12 19:30:12
899,10,30000,1500,0.642667,7.989826,7362.879839,5.827201,10.093264,8.190078,2025-10-12 19:30:20
900,10,30000,1500,0.650000,8.103589,7370.983428,5.827201,10.093264,8.189982,2025-10-12 19:30:28
901,10,30000,1500,0.638667,8.323890,7379.307318,5.827201,10.093264,8.190130,2025-10-12 19:30:36
902,10,30000,1500,0.599333,7.980875,7387.288193,5.827201,10.093264,8.189898,2025-10-12 19:30:44
903,10,30000,1500,0.630667,8.129029,7395.417222,5.827201,10.093264,8.189831,2025-10-12 19:30:52
904,10,30000,1500,0.610000,7.747885,7403.165108,5.827201,10.093264,8.189342,2025-10-12 19:31:00
905,10,30000,1500,0.638000,8.092448,7411.257556,5.827201,10.093264,8.189235,2025-10-12 19:31:08
906,10,30000,1500,0.611333,9.071301,7420.328857,5.827201,10.093264,8.190208,2025-10-12 19:31:17
907,10,30000,1500,0.590000,8.330053,7428.658910,5.827201,10.093264,8.190363,2025-10-12 19:31:25
908,10,30000,1500,0.607333,8.401783,7437.060693,5.827201,10.093264,8.190595,2025-10-12 19:31:34
909,10,30000,1500,0.630000,8.115477,7445.176170,5.827201,10.093264,8.190513,2025-10-12 19:31:42
910,10,30000,1500,0.571333,7.696892,7452.873062,5.827201,10.093264,8.189970,2025-10-12 19:31:50
911,10,30000,1500,0.560000,7.964225,7460.837287,5.827201,10.093264,8.189723,2025-10-12 19:31:58
912,10,30000,1500,0.621333,8.475441,7469.312728,5.827201,10.093264,8.190036,2025-10-12 19:32:06
913,10,30000,1500,0.678000,8.724909,7478.037638,5.827201,10.093264,8.190622,2025-10-12 19:32:15
914,10,30000,1500,0.670000,8.252574,7486.290212,5.827201,10.093264,8.190690,2025-10-12 19:32:23
915,10,30000,1500,0.693333,8.366948,7494.657160,5.827201,10.093264,8.190882,2025-10-12 19:32:31
916,10,30000,1500,0.598000,8.800976,7503.458135,5.827201,10.093264,8.191548,2025-10-12 19:32:40
917,10,30000,1500,0.657333,8.128438,7511.586573,5.827201,10.093264,8.191479,2025-10-12 19:32:48
918,10,30000,1500,0.610000,8.581645,7520.168218,5.827201,10.093264,8.191904,2025-10-12 19:32:57
919,10,30000,1500,0.663333,7.839255,7528.007474,5.827201,10.093264,8.191521,2025-10-12 19:33:05
920,10,30000,1500,0.642667,8.184522,7536.191996,5.827201,10.093264,8.191513,2025-10-12 19:33:13
921,10,30000,1500,0.593333,7.838829,7544.030825,5.827201,10.093264,8.191130,2025-10-12 19:33:21
922,10,30000,1500,0.639333,8.040507,7552.071332,5.827201,10.093264,8.190967,2025-10-12 19:33:29
923,10,30000,1500,0.632667,8.710323,7560.781655,5.827201,10.093264,8.191529,2025-10-12 19:33:38
924,10,30000,1500,0.661333,7.727036,7568.508691,5.827201,10.093264,8.191027,2025-10-12 19:33:45
925,10,30000,1500,0.680000,7.829510,7576.338201,5.827201,10.093264,8.190636,2025-10-12 19:33:53
926,10,30000,1500,0.633333,9.037875,7585.376077,5.827201,10.093264,8.191551,2025-10-12 19:34:02
927,10,30000,1500,0.592667,7.730219,7593.106296,5.827201,10.093264,8.191053,2025-10-12 19:34:10
928,10,30000,1500,0.672000,8.645876,7601.752172,5.827201,10.093264,8.191543,2025-10-12 19:34:18
929,10,30000,1500,0.599333,8.843495,7610.595667,5.827201,10.093264,8.192245,2025-10-12 19:34:27
930,10,30000,1500,0.632000,8.614573,7619.210240,5.827201,10.093264,8.192699,2025-10-12 19:34:36
931,10,30000,1500,0.674667,8.752840,7627.963080,5.827201,10.093264,8.193301,2025-10-12 19:34:45
932,10,30000,1500,0.618000,8.006033,7635.969113,5.827201,10.093264,8.193100,2025-10-12 19:34:53
933,10,30000,1500,0.724000,8.128121,7644.097234,5.827201,10.093264,8.193030,2025-10-12 19:35:01
934,10,30000,1500,0.770000,8.500535,7652.597769,5.827201,10.093264,8.193359,2025-10-12 19:35:09
935,10,30000,1500,0.732000,8.779244,7661.377013,5.827201,10.093264,8.193986,2025-10-12 19:35:18
936,10,30000,1500,0.685333,7.994999,7669.372013,5.827201,10.093264,8.193774,2025-10-12 19:35:26
937,10,30000,1500,0.658000,7.695287,7677.067300,5.827201,10.093264,8.193242,2025-10-12 19:35:34
938,10,30000,1500,0.668000,7.920405,7684.987705,5.827201,10.093264,8.192951,2025-10-12 19:35:42
939,10,30000,1500,0.635333,8.361930,7693.349635,5.827201,10.093264,8.193131,2025-10-12 19:35:50
940,10,30000,1500,0.658667,7.689431,7701.039066,5.827201,10.093264,8.192595,2025-10-12 19:35:58
941,10,30000,1500,0.588000,8.358360,7709.397427,5.827201,10.093264,8.192771,2025-10-12 19:36:06
942,10,30000,1500,0.634000,7.984391,7717.381818,5.827201,10.093264,8.192550,2025-10-12 19:36:14
943,10,30000,1500,0.616667,8.470316,7725.852135,5.827201,10.093264,8.192844,2025-10-12 19:36:23
944,10,30000,1500,0.665333,8.145084,7733.997219,5.827201,10.093264,8.192794,2025-10-12 19:36:31
945,10,30000,1500,0.592000,8.128180,7742.125399,5.827201,10.093264,8.192725,2025-10-12 19:36:39
946,10,30000,1500,0.558000,7.770269,7749.895667,5.827201,10.093264,8.192279,2025-10-12 19:36:47
947,10,30000,1500,0.614000,8.034705,7757.930372,5.827201,10.093264,8.192112,2025-10-12 19:36:55
948,10,30000,1500,0.750667,8.828923,7766.759295,5.827201,10.093264,8.192784,2025-10-12 19:37:04
949,10,30000,1500,0.715333,7.907653,7774.666949,5.827201,10.093264,8.192484,2025-10-12 19:37:11
950,10,30000,1500,0.698000,7.832289,7782.499237,5.827201,10.093264,8.192104,2025-10-12 19:37:19
951,10,30000,1500,0.622667,7.699312,7790.198550,5.827201,10.093264,8.191586,2025-10-12 19:37:27
952,10,30000,1500,0.748667,8.251913,7798.450463,5.827201,10.093264,8.191650,2025-10-12 19:37:35
953,10,30000,1500,0.658000,8.609376,7807.059840,5.827201,10.093264,8.192088,2025-10-12 19:37:44
954,10,30000,1500,0.732000,8.339829,7815.399669,5.827201,10.093264,8.192243,2025-10-12 19:37:52
955,10,30000,1500,0.676000,8.169647,7823.569316,5.827201,10.093264,8.192219,2025-10-12 19:38:00
956,10,30000,1500,0.645333,8.021237,7831.590553,5.827201,10.093264,8.192040,2025-10-12 19:38:08
957,10,30000,1500,0.641333,8.335703,7839.926256,5.827201,10.093264,8.192190,2025-10-12 19:38:17
958,10,30000,1500,0.656000,7.956357,7847.882613,5.827201,10.093264,8.191944,2025-10-12 19:38:25
959,10,30000,1500,0.664667,8.421597,7856.304210,5.827201,10.093264,8.192184,2025-10-12 19:38:33
960,10,30000,1500,0.655333,8.581374,7864.885584,5.827201,10.093264,8.192589,2025-10-12 19:38:42
961,10,30000,1500,0.634000,8.204190,7873.089774,5.827201,10.093264,8.192601,2025-10-12 19:38:50
962,10,30000,1500,0.564000,8.531363,7881.621137,5.827201,10.093264,8.192953,2025-10-12 19:38:58
963,10,30000,1500,0.626667,8.057638,7889.678775,5.827201,10.093264,8.192813,2025-10-12 19:39:06
964,10,30000,1500,0.595333,8.274509,7897.953284,5.827201,10.093264,8.192898,2025-10-12 19:39:15
965,10,30000,1500,0.669333,8.317988,7906.271272,5.827201,10.093264,8.193027,2025-10-12 19:39:23
966,10,30000,1500,0.666000,8.320479,7914.591751,5.827201,10.093264,8.193159,2025-10-12 19:39:31
967,10,30000,1500,0.587333,8.280989,7922.872740,5.827201,10.093264,8.193250,2025-10-12 19:39:40
968,10,30000,1500,0.668000,8.392222,7931.264962,5.827201,10.093264,8.193456,2025-10-12 19:39:48
969,10,30000,1500,0.658000,8.254628,7939.519590,5.827201,10.093264,8.193519,2025-10-12 19:39:56
970,10,30000,1500,0.680667,8.067150,7947.586739,5.827201,10.093264,8.193388,2025-10-12 19:40:04
971,10,30000,1500,0.590667,7.599005,7955.185745,5.827201,10.093264,8.192776,2025-10-12 19:40:12
972,10,30000,1500,0.661333,8.027501,7963.213246,5.827201,10.093264,8.192606,2025-10-12 19:40:20
973,10,30000,1500,0.640667,7.640830,7970.854076,5.827201,10.093264,8.192039,2025-10-12 19:40:28
974,10,30000,1500,0.695333,8.075296,7978.929372,5.827201,10.093264,8.191919,2025-10-12 19:40:36
975,10,30000,1500,0.648667,7.979176,7986.908548,5.827201,10.093264,8.191701,2025-10-12 19:40:44
976,10,30000,1500,0.590667,7.892781,7994.801329,5.827201,10.093264,8.191395,2025-10-12 19:40:52
977,10,30000,1500,0.652000,8.300403,8003.101732,5.827201,10.093264,8.191506,2025-10-12 19:41:00
978,10,30000,1500,0.615333,7.944828,8011.046559,5.827201,10.093264,8.191254,2025-10-12 19:41:08
979,10,30000,1500,0.634667,7.768398,8018.814957,5.827201,10.093264,8.190822,2025-10-12 19:41:16
980,10,30000,1500,0.637333,8.117456,8026.932414,5.827201,10.093264,8.190747,2025-10-12 19:41:24
981,10,30000,1500,0.628667,7.736287,8034.668700,5.827201,10.093264,8.190284,2025-10-12 19:41:32
982,10,30000,1500,0.548667,8.513772,8043.182472,5.827201,10.093264,8.190614,2025-10-12 19:41:40
983,10,30000,1500,0.642000,8.776687,8051.959159,5.827201,10.093264,8.191210,2025-10-12 19:41:49
984,10,30000,1500,0.584667,7.872924,8059.832082,5.827201,10.093264,8.190886,2025-10-12 19:41:57
985,10,30000,1500,0.614667,8.743432,8068.575514,5.827201,10.093264,8.191447,2025-10-12 19:42:05
986,10,30000,1500,0.658667,8.267412,8076.842926,5.827201,10.093264,8.191524,2025-10-12 19:42:14
987,10,30000,1500,0.594000,8.389402,8085.232327,5.827201,10.093264,8.191725,2025-10-12 19:42:22
988,10,30000,1500,0.656667,8.357984,8093.590311,5.827201,10.093264,8.191893,2025-10-12 19:42:30
989,10,30000,1500,0.666667,8.558904,8102.149215,5.827201,10.093264,8.192264,2025-10-12 19:42:39
990,10,30000,1500,0.654000,8.764716,8110.913931,5.827201,10.093264,8.192842,2025-10-12 19:42:48
991,10,30000,1500,0.661333,8.464443,8119.378374,5.827201,10.093264,8.193116,2025-10-12 19:42:56
992,10,30000,1500,0.572667,7.649026,8127.027400,5.827201,10.093264,8.192568,2025-10-12 19:43:04
993,10,30000,1500,0.643333,7.682348,8134.709748,5.827201,10.093264,8.192054,2025-10-12 19:43:12
994,10,30000,1500,0.616000,7.993787,8142.703535,5.827201,10.093264,8.191855,2025-10-12 19:43:20
995,10,30000,1500,0.689333,8.431778,8151.135313,5.827201,10.093264,8.192096,2025-10-12 19:43:28
996,10,30000,1500,0.700000,7.770661,8158.905974,5.827201,10.093264,8.191673,2025-10-12 19:43:36
997,10,30000,1500,0.645333,7.759304,8166.665278,5.827201,10.093264,8.191239,2025-10-12 19:43:44
998,10,30000,1500,0.618000,8.145920,8174.811197,5.827201,10.093264,8.191194,2025-10-12 19:43:52
999,10,30000,1500,0.618000,8.864991,8183.676188,5.827201,10.093264,8.191868,2025-10-12 19:44:01
1000,10,30000,1500,0.681333,7.893310,8191.569498,5.827201,10.093264,8.191569,2025-10-12 19:44:08
1001,10,30000,1500,0.612000,8.082129,8199.651627,5.827201,10.093264,8.191460,2025-10-12 19:44:17
1002,10,30000,1500,0.640667,7.642365,8207.293992,5.827201,10.093264,8.190912,2025-10-12 19:44:24
1003,10,30000,1500,0.764000,8.052592,8215.346584,5.827201,10.093264,8.190774,2025-10-12 19:44:32
1004,10,30000,1500,0.714000,8.219849,8223.566433,5.827201,10.093264,8.190803,2025-10-12 19:44:40
1005,10,30000,1500,0.726667,8.730570,8232.297003,5.827201,10.093264,8.191340,2025-10-12 19:44:49
1006,10,30000,1500,0.706000,8.051991,8240.348994,5.827201,10.093264,8.191202,2025-10-12 19:44:57
1007,10,30000,1500,0.643333,9.047460,8249.396454,5.827201,10.093264,8.192052,2025-10-12 19:45:06
1008,10,30000,1500,0.626667,8.215161,8257.611615,5.827201,10.093264,8.192075,2025-10-12 19:45:15
1009,10,30000,1500,0.721333,8.481135,8266.092750,5.827201,10.093264,8.192361,2025-10-12 19:45:23
1010,10,30000,1500,0.720667,8.522772,8274.615521,5.827201,10.093264,8.192689,2025-10-12 19:45:32
1011,10,30000,1500,0.729333,8.391656,8283.007177,5.827201,10.093264,8.192885,2025-10-12 19:45:40
1012,10,30000,1500,0.652667,7.937351,8290.944527,5.827201,10.093264,8.192633,2025-10-12 19:45:48
1013,10,30000,1500,0.621333,8.308400,8299.252928,5.827201,10.093264,8.192747,2025-10-12 19:45:56
1014,10,30000,1500,0.754667,8.742234,8307.995162,5.827201,10.093264,8.193289,2025-10-12 19:46:05
1015,10,30000,1500,0.724000,8.277077,8316.272240,5.827201,10.093264,8.193372,2025-10-12 19:46:13
1016,10,30000,1500,0.701333,8.260075,8324.532314,5.827201,10.093264,8.193437,2025-10-12 19:46:21
1017,10,30000,1500,0.616667,7.981199,8332.513514,5.827201,10.093264,8.193229,2025-10-12 19:46:29
1018,10,30000,1500,0.723333,8.052819,8340.566332,5.827201,10.093264,8.193091,2025-10-12 19:46:38
1019,10,30000,1500,0.626667,8.543504,8349.109836,5.827201,10.093264,8.193435,2025-10-12 19:46:46
1020,10,30000,1500,0.704667,8.342142,8357.451979,5.827201,10.093264,8.193580,2025-10-12 19:46:54
1021,10,30000,1500,0.638000,8.606274,8366.058253,5.827201,10.093264,8.193985,2025-10-12 19:47:03
1022,10,30000,1500,0.596000,8.914044,8374.972297,5.827201,10.093264,8.194689,2025-10-12 19:47:12
1023,10,30000,1500,0.582667,8.444583,8383.416880,5.827201,10.093264,8.194933,2025-10-12 19:47:20
1024,10,30000,1500,0.685333,8.876755,8392.293635,5.827201,10.093264,8.195599,2025-10-12 19:47:29
1025,10,30000,1500,0.708667,8.070469,8400.364104,5.827201,10.093264,8.195477,2025-10-12 19:47:37
1026,10,30000,1500,0.722000,8.288281,8408.652385,5.827201,10.093264,8.195568,2025-10-12 19:47:46
1027,10,30000,1500,0.712000,7.684321,8416.336705,5.827201,10.093264,8.195070,2025-10-12 19:47:53
1028,10,30000,1500,0.649333,8.430223,8424.766928,5.827201,10.093264,8.195299,2025-10-12 19:48:02
1029,10,30000,1500,0.660667,8.674309,8433.441237,5.827201,10.093264,8.195764,2025-10-12 19:48:10
1030,10,30000,1500,0.653333,8.409321,8441.850558,5.827201,10.093264,8.195971,2025-10-12 19:48:19
1031,10,30000,1500,0.682000,8.893511,8450.744069,5.827201,10.093264,8.196648,2025-10-12 19:48:28
1032,10,30000,1500,0.605333,8.598114,8459.342183,5.827201,10.093264,8.197037,2025-10-12 19:48:36
1033,10,30000,1500,0.654667,7.829920,8467.172102,5.827201,10.093264,8.196682,2025-10-12 19:48:44
1034,10,30000,1500,0.656667,8.947261,8476.119363,5.827201,10.093264,8.197408,2025-10-12 19:48:53
1035,10,30000,1500,0.699333,7.884199,8484.003562,5.827201,10.093264,8.197105,2025-10-12 19:49:01
1036,10,30000,1500,0.646667,7.683553,8491.687116,5.827201,10.093264,8.196609,2025-10-12 19:49:09
1037,10,30000,1500,0.600667,7.844239,8499.531355,5.827201,10.093264,8.196269,2025-10-12 19:49:17
1038,10,30000,1500,0.666667,8.818175,8508.349529,5.827201,10.093264,8.196869,2025-10-12 19:49:25
1039,10,30000,1500,0.673333,9.058580,8517.408110,5.827201,10.093264,8.197698,2025-10-12 19:49:34
1040,10,30000,1500,0.696000,8.255621,8525.663731,5.827201,10.093264,8.197754,2025-10-12 19:49:43
1041,10,30000,1500,0.697333,8.796016,8534.459746,5.827201,10.093264,8.198328,2025-10-12 19:49:51
1042,10,30000,1500,0.602000,8.331407,8542.791153,5.827201,10.093264,8.198456,2025-10-12 19:50:00
1043,10,30000,1500,0.676667,8.842636,8551.633790,5.827201,10.093264,8.199074,2025-10-12 19:50:09
1044,10,30000,1500,0.612000,7.924819,8559.558609,5.827201,10.093264,8.198811,2025-10-12 19:50:17
1045,10,30000,1500,0.616667,8.165147,8567.723756,5.827201,10.093264,8.198779,2025-10-12 19:50:25
1046,10,30000,1500,0.675333,7.881809,8575.605565,5.827201,10.093264,8.198476,2025-10-12 19:50:33
1047,10,30000,1500,0.605333,8.112717,8583.718282,5.827201,10.093264,8.198394,2025-10-12 19:50:41
1048,10,30000,1500,0.607333,8.392639,8592.110922,5.827201,10.093264,8.198579,2025-10-12 19:50:49
1049,10,30000,1500,0.684000,8.828078,8600.939000,5.827201,10.093264,8.199179,2025-10-12 19:50:58
1050,10,30000,1500,0.698000,8.005942,8608.944942,5.827201,10.093264,8.198995,2025-10-12 19:51:06
1051,10,30000,1500,0.692667,8.161657,8617.106599,5.827201,10.093264,8.198960,2025-10-12 19:51:14
1052,10,30000,1500,0.704000,7.516834,8624.623432,5.827201,10.093264,8.198311,2025-10-12 19:51:22
1053,10,30000,1500,0.596000,7.707933,8632.331365,5.827201,10.093264,8.197846,2025-10-12 19:51:29
1054,10,30000,1500,0.683333,8.145976,8640.477341,5.827201,10.093264,8.197796,2025-10-12 19:51:38
1055,10,30000,1500,0.651333,8.573758,8649.051099,5.827201,10.093264,8.198153,2025-10-12 19:51:46
1056,10,30000,1500,0.678000,8.232875,8657.283973,5.827201,10.093264,8.198186,2025-10-12 19:51:54
1057,10,30000,1500,0.695333,7.297933,8664.581907,5.827201,10.093264,8.197334,2025-10-12 19:52:02
1058,10,30000,1500,0.647333,8.047260,8672.629167,5.827201,10.093264,8.197192,2025-10-12 19:52:10
1059,10,30000,1500,0.738667,7.841073,8680.470240,5.827201,10.093264,8.196856,2025-10-12 19:52:18
1060,10,30000,1500,0.797333,8.013121,8688.483361,5.827201,10.093264,8.196682,2025-10-12 19:52:26
1061,10,30000,1500,0.776000,8.449617,8696.932978,5.827201,10.093264,8.196921,2025-10-12 19:52:34
1062,10,30000,1500,0.714000,8.572810,8705.505788,5.827201,10.093264,8.197275,2025-10-12 19:52:43
1063,10,30000,1500,0.674667,8.613200,8714.118988,5.827201,10.093264,8.197666,2025-10-12 19:52:51
1064,10,30000,1500,0.690000,8.359300,8722.478288,5.827201,10.093264,8.197818,2025-10-12 19:53:00
1065,10,30000,1500,0.654667,7.807587,8730.285875,5.827201,10.093264,8.197452,2025-10-12 19:53:07
1066,10,30000,1500,0.654000,7.761780,8738.047654,5.827201,10.093264,8.197043,2025-10-12 19:53:15
1067,10,30000,1500,0.558667,8.649844,8746.697498,5.827201,10.093264,8.197467,2025-10-12 19:53:24
1068,10,30000,1500,0.693333,8.315539,8755.013038,5.827201,10.093264,8.197578,2025-10-12 19:53:32
1069,10,30000,1500,0.630000,8.049264,8763.062302,5.827201,10.093264,8.197439,2025-10-12 19:53:40
1070,10,30000,1500,0.704000,8.007624,8771.069926,5.827201,10.093264,8.197262,2025-10-12 19:53:48
1071,10,30000,1500,0.608000,8.321147,8779.391073,5.827201,10.093264,8.197377,2025-10-12 19:53:56
1072,10,30000,1500,0.572000,8.541546,8787.932619,5.827201,10.093264,8.197698,2025-10-12 19:54:05
1073,10,30000,1500,0.600000,7.829945,8795.762564,5.827201,10.093264,8.197356,2025-10-12 19:54:13
1074,10,30000,1500,0.732667,8.344368,8804.106932,5.827201,10.093264,8.197492,2025-10-12 19:54:21
1075,10,30000,1500,0.734000,7.687187,8811.794120,5.827201,10.093264,8.197018,2025-10-12 19:54:29
1076,10,30000,1500,0.689333,8.273337,8820.067457,5.827201,10.093264,8.197089,2025-10-12 19:54:37
1077,10,30000,1500,0.627333,8.383584,8828.451041,5.827201,10.093264,8.197262,2025-10-12 19:54:46
1078,10,30000,1500,0.737333,7.896405,8836.347446,5.827201,10.093264,8.196983,2025-10-12 19:54:53
1079,10,30000,1500,0.658667,8.556983,8844.904429,5.827201,10.093264,8.197316,2025-10-12 19:55:02
1080,10,30000,1500,0.665333,7.955163,8852.859593,5.827201,10.093264,8.197092,2025-10-12 19:55:10
1081,10,30000,1500,0.670000,8.115332,8860.974925,5.827201,10.093264,8.197017,2025-10-12 19:55:18
1082,10,30000,1500,0.641333,7.856985,8868.831909,5.827201,10.093264,8.196702,2025-10-12 19:55:26
1083,10,30000,1500,0.570667,7.763572,8876.595481,5.827201,10.093264,8.196302,2025-10-12 19:55:34
1084,10,30000,1500,0.704667,8.587564,8885.183045,5.827201,10.093264,8.196663,2025-10-12 19:55:42
1085,10,30000,1500,0.663333,8.150750,8893.333795,5.827201,10.093264,8.196621,2025-10-12 19:55:50
1086,10,30000,1500,0.680000,8.213625,8901.547420,5.827201,10.093264,8.196637,2025-10-12 19:55:59
1087,10,30000,1500,0.654667,8.319048,8909.866468,5.827201,10.093264,8.196749,2025-10-12 19:56:07
1088,10,30000,1500,0.558667,8.289567,8918.156034,5.827201,10.093264,8.196835,2025-10-12 19:56:15
1089,10,30000,1500,0.598667,8.567927,8926.723962,5.827201,10.093264,8.197175,2025-10-12 19:56:24
1090,10,30000,1500,0.597333,8.420599,8935.144561,5.827201,10.093264,8.197380,2025-10-12 19:56:32
1091,10,30000,1500,0.664667,8.635984,8943.780545,5.827201,10.093264,8.197782,2025-10-12 19:56:41
1092,10,30000,1500,0.626667,8.231159,8952.011704,5.827201,10.093264,8.197813,2025-10-12 19:56:49
1093,10,30000,1500,0.551333,8.364718,8960.376422,5.827201,10.093264,8.197966,2025-10-12 19:56:58
1094,10,30000,1500,0.682000,7.959559,8968.335981,5.827201,10.093264,8.197748,2025-10-12 19:57:05
1095,10,30000,1500,0.657333,7.798493,8976.134474,5.827201,10.093264,8.197383,2025-10-12 19:57:13
1096,10,30000,1500,0.694000,8.018425,8984.152899,5.827201,10.093264,8.197220,2025-10-12 19:57:21
1097,10,30000,1500,0.584000,8.227698,8992.380597,5.827201,10.093264,8.197248,2025-10-12 19:57:30
1098,10,30000,1500,0.701333,7.833014,9000.213611,5.827201,10.093264,8.196916,2025-10-12 19:57:37
1099,10,30000,1500,0.645333,7.990428,9008.204039,5.827201,10.093264,8.196728,2025-10-12 19:57:45
1100,10,30000,1500,0.703333,8.603299,9016.807338,5.827201,10.093264,8.197098,2025-10-12 19:57:54
1101,10,30000,1500,0.688667,7.860694,9024.668032,5.827201,10.093264,8.196792,2025-10-12 19:58:02
1102,10,30000,1500,0.614000,13.621044,9038.289075,5.827201,13.621044,8.201714,2025-10-12 19:58:15
1103,10,30000,1500,0.663333,15.320934,9053.610010,5.827201,15.320934,8.208169,2025-10-12 19:58:31
1104,10,30000,1500,0.594667,15.184916,9068.794925,5.827201,15.320934,8.214488,2025-10-12 19:58:46
1105,10,30000,1500,0.626000,15.197431,9083.992357,5.827201,15.320934,8.220808,2025-10-12 19:59:01
1106,10,30000,1500,0.628000,15.302659,9099.295016,5.827201,15.320934,8.227211,2025-10-12 19:59:16
1107,10,30000,1500,0.627333,15.270076,9114.565092,5.827201,15.320934,8.233573,2025-10-12 19:59:32
1108,10,30000,1500,0.535333,15.291817,9129.856909,5.827201,15.320934,8.239943,2025-10-12 19:59:47
1109,10,30000,1500,0.622667,15.237049,9145.093958,5.827201,15.320934,8.246252,2025-10-12 20:00:02
1110,10,30000,1500,0.604000,15.399190,9160.493148,5.827201,15.399190,8.252697,2025-10-12 20:00:18
1111,10,30000,1500,0.624667,15.156108,9175.649255,5.827201,15.399190,8.258910,2025-10-12 20:00:33
1112,10,30000,1500,0.660667,15.218488,9190.867743,5.827201,15.399190,8.265169,2025-10-12 20:00:48
1113,10,30000,1500,0.599333,15.177475,9206.045218,5.827201,15.399190,8.271379,2025-10-12 20:01:03
1114,10,30000,1500,0.672667,14.892655,9220.937873,5.827201,15.399190,8.277323,2025-10-12 20:01:18
1115,10,30000,1500,0.658000,15.341017,9236.278890,5.827201,15.399190,8.283658,2025-10-12 20:01:33
1116,10,30000,1500,0.610000,15.374417,9251.653307,5.827201,15.399190,8.290012,2025-10-12 20:01:49
1117,10,30000,1500,0.672667,15.219101,9266.872407,5.827201,15.399190,8.296215,2025-10-12 20:02:04
1118,10,30000,1500,0.572667,15.359115,9282.231522,5.827201,15.399190,8.302533,2025-10-12 20:02:19
1119,10,30000,1500,0.600000,15.434163,9297.665685,5.827201,15.434163,8.308906,2025-10-12 20:02:35
1120,10,30000,1500,0.633333,15.030599,9312.696284,5.827201,15.434163,8.314907,2025-10-12 20:02:50
1121,10,30000,1500,0.648000,15.226819,9327.923103,5.827201,15.434163,8.321073,2025-10-12 20:03:05
1122,10,30000,1500,0.664000,15.386767,9343.309870,5.827201,15.434163,8.327371,2025-10-12 20:03:21
1123,10,30000,1500,0.616000,15.234660,9358.544530,5.827201,15.434163,8.333521,2025-10-12 20:03:36
1124,10,30000,1500,0.628667,15.098137,9373.642668,5.827201,15.434163,8.339540,2025-10-12 20:03:51
1125,10,30000,1500,0.626000,14.549153,9388.191821,5.827201,15.434163,8.345059,2025-10-12 20:04:05
1126,10,30000,1500,0.672667,14.830509,9403.022330,5.827201,15.434163,8.350819,2025-10-12 20:04:20
1127,10,30000,1500,0.606667,15.220184,9418.242515,5.827201,15.434163,8.356914,2025-10-12 20:04:35
1128,10,30000,1500,0.645333,15.101342,9433.343857,5.827201,15.434163,8.362893,2025-10-12 20:04:51
1129,10,30000,1500,0.672000,15.111018,9448.454874,5.827201,15.434163,8.368871,2025-10-12 20:05:06
1130,10,30000,1500,0.706000,15.433345,9463.888219,5.827201,15.434163,8.375122,2025-10-12 20:05:21
1131,10,30000,1500,0.694000,15.520099,9479.408318,5.827201,15.520099,8.381440,2025-10-12 20:05:37
1132,10,30000,1500,0.618667,15.541844,9494.950162,5.827201,15.541844,8.387765,2025-10-12 20:05:52
1133,10,30000,1500,0.622667,15.266172,9510.216335,5.827201,15.541844,8.393836,2025-10-12 20:06:07
1134,10,30000,1500,0.682000,15.552777,9525.769111,5.827201,15.552777,8.400149,2025-10-12 20:06:23
1135,10,30000,1500,0.654000,14.885358,9540.654470,5.827201,15.552777,8.405863,2025-10-12 20:06:38
1136,10,30000,1500,0.622000,15.517876,9556.172346,5.827201,15.552777,8.412124,2025-10-12 20:06:53
1137,10,30000,1500,0.616667,15.093188,9571.265534,5.827201,15.552777,8.418000,2025-10-12 20:07:09
1138,10,30000,1500,0.680667,15.684881,9586.950415,5.827201,15.684881,8.424385,2025-10-12 20:07:24
1139,10,30000,1500,0.628667,14.799876,9601.750291,5.827201,15.684881,8.429983,2025-10-12 20:07:39
1140,10,30000,1500,0.726667,15.690361,9617.440652,5.827201,15.690361,8.436351,2025-10-12 20:07:55
1141,10,30000,1500,0.579333,15.031426,9632.472078,5.827201,15.690361,8.442132,2025-10-12 20:08:10
1142,10,30000,1500,0.634000,15.672025,9648.144103,5.827201,15.690361,8.448462,2025-10-12 20:08:25
1143,10,30000,1500,0.618667,14.881651,9663.025753,5.827201,15.690361,8.454091,2025-10-12 20:08:40
1144,10,30000,1500,0.694667,15.668781,9678.694534,5.827201,15.690361,8.460397,2025-10-12 20:08:56
1145,10,30000,1500,0.675333,14.892176,9693.586709,5.827201,15.690361,8.466015,2025-10-12 20:09:11
1146,10,30000,1500,0.614667,15.667543,9709.254252,5.827201,15.690361,8.472299,2025-10-12 20:09:27
1147,10,30000,1500,0.584667,14.941134,9724.195386,5.827201,15.690361,8.477938,2025-10-12 20:09:41
1148,10,30000,1500,0.694000,15.687829,9739.883215,5.827201,15.690361,8.484219,2025-10-12 20:09:57
1149,10,30000,1500,0.593333,15.028489,9754.911704,5.827201,15.690361,8.489914,2025-10-12 20:10:12
1150,10,30000,1500,0.676667,15.659741,9770.571445,5.827201,15.690361,8.496149,2025-10-12 20:10:28
1151,10,30000,1500,0.608667,14.926664,9785.498110,5.827201,15.690361,8.501736,2025-10-12 20:10:43
1152,10,30000,1500,0.605333,15.619086,9801.117196,5.827201,15.690361,8.507914,2025-10-12 20:10:58
1153,10,30000,1500,0.564000,14.952916,9816.070112,5.827201,15.690361,8.513504,2025-10-12 20:11:13
1154,10,30000,1500,0.706000,15.621244,9831.691357,5.827201,15.690361,8.519663,2025-10-12 20:11:29
1155,10,30000,1500,0.671333,15.047382,9846.738738,5.827201,15.690361,8.525315,2025-10-12 20:11:44
1156,10,30000,1500,0.729333,15.566506,9862.305245,5.827201,15.690361,8.531406,2025-10-12 20:12:00
1157,10,30000,1500,0.656000,14.973451,9877.278696,5.827201,15.690361,8.536974,2025-10-12 20:12:15
1158,10,30000,1500,0.612000,15.607768,9892.886464,5.827201,15.690361,8.543080,2025-10-12 20:12:30
1159,10,30000,1500,0.662000,14.601970,9907.488433,5.827201,15.690361,8.548308,2025-10-12 20:12:45
1160,10,30000,1500,0.628000,15.495270,9922.983703,5.827201,15.690361,8.554296,2025-10-12 20:13:00
1161,10,30000,1500,0.727333,14.797703,9937.781406,5.827201,15.690361,8.559674,2025-10-12 20:13:15
1162,10,30000,1500,0.688000,15.633118,9953.414524,5.827201,15.690361,8.565761,2025-10-12 20:13:31
1163,10,30000,1500,0.610000,14.899113,9968.313636,5.827201,15.690361,8.571207,2025-10-12 20:13:46
1164,10,30000,1500,0.634000,15.520816,9983.834453,5.827201,15.690361,8.577177,2025-10-12 20:14:01
1165,10,30000,1500,0.620000,15.137530,9998.971982,5.827201,15.690361,8.582809,2025-10-12 20:14:16
1166,10,30000,1500,0.624000,15.372309,10014.344291,5.827201,15.690361,8.588631,2025-10-12 20:14:32
1167,10,30000,1500,0.540000,15.256494,10029.600785,5.827201,15.690361,8.594345,2025-10-12 20:14:47
1168,10,30000,1500,0.643333,15.387313,10044.988098,5.827201,15.690361,8.600161,2025-10-12 20:15:02
1169,10,30000,1500,0.614667,15.390695,10060.378794,5.827201,15.690361,8.605970,2025-10-12 20:15:18
1170,10,30000,1500,0.700667,15.438100,10075.816894,5.827201,15.690361,8.611809,2025-10-12 20:15:33
1171,10,30000,1500,0.620000,15.179070,10090.995964,5.827201,15.690361,8.617418,2025-10-12 20:15:48
1172,10,30000,1500,0.613333,15.308079,10106.304043,5.827201,15.690361,8.623126,2025-10-12 20:16:04
1173,10,30000,1500,0.668000,15.462531,10121.766575,5.827201,15.690361,8.628957,2025-10-12 20:16:19
1174,10,30000,1500,0.620000,15.119250,10136.885824,5.827201,15.690361,8.634485,2025-10-12 20:16:34
1175,10,30000,1500,0.666000,15.310351,10152.196175,5.827201,15.690361,8.640167,2025-10-12 20:16:50
1176,10,30000,1500,0.675333,15.227472,10167.423647,5.827201,15.690361,8.645768,2025-10-12 20:17:05
1177,10,30000,1500,0.611333,15.154400,10182.578047,5.827201,15.690361,8.651298,2025-10-12 20:17:20
1178,10,30000,1500,0.592000,15.309670,10197.887717,5.827201,15.690361,8.656951,2025-10-12 20:17:35
1179,10,30000,1500,0.662000,15.370603,10213.258320,5.827201,15.690361,8.662645,2025-10-12 20:17:51
1180,10,30000,1500,0.643333,15.314101,10228.572421,5.827201,15.690361,8.668282,2025-10-12 20:18:06
1181,10,30000,1500,0.695333,15.564365,10244.136787,5.827201,15.690361,8.674121,2025-10-12 20:18:21
1182,10,30000,1500,0.728667,14.748991,10258.885778,5.827201,15.690361,8.679260,2025-10-12 20:18:36
1183,10,30000,1500,0.637333,14.899057,10273.784835,5.827201,15.690361,8.684518,2025-10-12 20:18:51
1184,10,30000,1500,0.666000,14.868374,10288.653210,5.827201,15.690361,8.689741,2025-10-12 20:19:06
1185,10,30000,1500,0.608667,15.401441,10304.054651,5.827201,15.690361,8.695405,2025-10-12 20:19:21
1186,10,30000,1500,0.650667,15.326192,10319.380842,5.827201,15.690361,8.700996,2025-10-12 20:19:37
1187,10,30000,1500,0.650667,15.459489,10334.840332,5.827201,15.690361,8.706689,2025-10-12 20:19:52
1188,10,30000,1500,0.574000,15.300637,10350.140969,5.827201,15.690361,8.712240,2025-10-12 20:20:08
1189,10,30000,1500,0.630000,14.910446,10365.051415,5.827201,15.690361,8.717453,2025-10-12 20:20:22
1190,10,30000,1500,0.608667,15.079181,10380.130595,5.827201,15.690361,8.722799,2025-10-12 20:20:38
1191,10,30000,1500,0.676667,15.547458,10395.678053,5.827201,15.690361,8.728529,2025-10-12 20:20:53
1192,10,30000,1500,0.676000,15.056368,10410.734421,5.827201,15.690361,8.733838,2025-10-12 20:21:08
1193,10,30000,1500,0.638667,15.345255,10426.079676,5.827201,15.690361,8.739379,2025-10-12 20:21:23
1194,10,30000,1500,0.676000,15.411064,10441.490740,5.827201,15.690361,8.744967,2025-10-12 20:21:39
1195,10,30000,1500,0.701333,15.298806,10456.789546,5.827201,15.690361,8.750452,2025-10-12 20:21:54
1196,10,30000,1500,0.747333,15.315762,10472.105308,5.827201,15.690361,8.755941,2025-10-12 20:22:09
1197,10,30000,1500,0.690000,15.328898,10487.434206,5.827201,15.690361,8.761432,2025-10-12 20:22:25
1198,10,30000,1500,0.740000,15.036709,10502.470915,5.827201,15.690361,8.766670,2025-10-12 20:22:40
1199,10,30000,1500,0.708000,15.334155,10517.805071,5.827201,15.690361,8.772148,2025-10-12 20:22:55
1200,10,30000,1500,0.680000,15.485769,10533.290839,5.827201,15.690361,8.777742,2025-10-12 20:23:11
1201,10,30000,1500,0.653333,15.188677,10548.479516,5.827201,15.690361,8.783080,2025-10-12 20:23:26
1202,10,30000,1500,0.602000,15.380908,10563.860425,5.827201,15.690361,8.788569,2025-10-12 20:23:41
1203,10,30000,1500,0.731333,15.264283,10579.124707,5.827201,15.690361,8.793952,2025-10-12 20:23:57
1204,10,30000,1500,0.660000,13.108668,10592.233375,5.827201,15.690361,8.797536,2025-10-12 20:24:10
1205,10,30000,1500,0.756000,8.406735,10600.640110,5.827201,15.690361,8.797212,2025-10-12 20:24:18
1206,10,30000,1500,0.640000,7.988645,10608.628755,5.827201,15.690361,8.796541,2025-10-12 20:24:26
1207,10,30000,1500,0.641333,7.996187,10616.624943,5.827201,15.690361,8.795878,2025-10-12 20:24:34
1208,10,30000,1500,0.653333,8.221037,10624.845980,5.827201,15.690361,8.795402,2025-10-12 20:24:42
1209,10,30000,1500,0.634000,8.270744,10633.116724,5.827201,15.690361,8.794968,2025-10-12 20:24:51
1210,10,30000,1500,0.632667,8.021104,10641.137828,5.827201,15.690361,8.794329,2025-10-12 20:24:59
1211,10,30000,1500,0.675333,9.070470,10650.208298,5.827201,15.690361,8.794557,2025-10-12 20:25:08
1212,10,30000,1500,0.588000,7.760456,10657.968755,5.827201,15.690361,8.793704,2025-10-12 20:25:15
1213,10,30000,1500,0.550000,8.404200,10666.372955,5.827201,15.690361,8.793382,2025-10-12 20:25:24
1214,10,30000,1500,0.608667,8.121661,10674.494616,5.827201,15.690361,8.792829,2025-10-12 20:25:32
1215,10,30000,1500,0.616000,9.594541,10684.089157,5.827201,15.690361,8.793489,2025-10-12 20:25:42
1216,10,30000,1500,0.718667,8.333176,10692.422332,5.827201,15.690361,8.793110,2025-10-12 20:25:50
1217,10,30000,1500,0.686000,9.947344,10702.369676,5.827201,15.690361,8.794059,2025-10-12 20:26:00
1218,10,30000,1500,0.583333,8.267490,10710.637166,5.827201,15.690361,8.793627,2025-10-12 20:26:08
1219,10,30000,1500,0.716000,8.704431,10719.341597,5.827201,15.690361,8.793553,2025-10-12 20:26:17
1220,10,30000,1500,0.628667,8.394355,10727.735952,5.827201,15.690361,8.793226,2025-10-12 20:26:25
1221,10,30000,1500,0.674000,8.938417,10736.674369,5.827201,15.690361,8.793345,2025-10-12 20:26:34
1222,10,30000,1500,0.641333,8.707025,10745.381395,5.827201,15.690361,8.793274,2025-10-12 20:26:43
1223,10,30000,1500,0.601333,9.380946,10754.762340,5.827201,15.690361,8.793755,2025-10-12 20:26:52
1224,10,30000,1500,0.587333,9.154427,10763.916767,5.827201,15.690361,8.794050,2025-10-12 20:27:01
1225,10,30000,1500,0.633333,9.118730,10773.035497,5.827201,15.690361,8.794315,2025-10-12 20:27:10
1226,10,30000,1500,0.713333,9.334895,10782.370392,5.827201,15.690361,8.794756,2025-10-12 20:27:20
1227,10,30000,1500,0.672000,8.989171,10791.359563,5.827201,15.690361,8.794914,2025-10-12 20:27:29
1228,10,30000,1500,0.592667,9.503330,10800.862893,5.827201,15.690361,8.795491,2025-10-12 20:27:38
1229,10,30000,1500,0.638667,8.469587,10809.332480,5.827201,15.690361,8.795226,2025-10-12 20:27:47
1230,10,30000,1500,0.695333,9.198465,10818.530945,5.827201,15.690361,8.795554,2025-10-12 20:27:56
1231,10,30000,1500,0.697333,9.273077,10827.804022,5.827201,15.690361,8.795942,2025-10-12 20:28:05
1232,10,30000,1500,0.598667,9.152920,10836.956941,5.827201,15.690361,8.796231,2025-10-12 20:28:14
1233,10,30000,1500,0.682667,9.031116,10845.988058,5.827201,15.690361,8.796422,2025-10-12 20:28:23
1234,10,30000,1500,0.616000,9.098673,10855.086731,5.827201,15.690361,8.796667,2025-10-12 20:28:33
1235,10,30000,1500,0.614000,9.484206,10864.570937,5.827201,15.690361,8.797223,2025-10-12 20:28:42
1236,10,30000,1500,0.650667,8.632920,10873.203857,5.827201,15.690361,8.797090,2025-10-12 20:28:51
1237,10,30000,1500,0.629333,8.629038,10881.832895,5.827201,15.690361,8.796955,2025-10-12 20:28:59
1238,10,30000,1500,0.544667,7.771414,10889.604309,5.827201,15.690361,8.796126,2025-10-12 20:29:07
1239,10,30000,1500,0.636000,7.922883,10897.527191,5.827201,15.690361,8.795421,2025-10-12 20:29:15
1240,10,30000,1500,0.632667,8.946788,10906.473979,5.827201,15.690361,8.795544,2025-10-12 20:29:24
1241,10,30000,1500,0.722000,8.647511,10915.121490,5.827201,15.690361,8.795424,2025-10-12 20:29:33
1242,10,30000,1500,0.732000,9.346516,10924.468006,5.827201,15.690361,8.795868,2025-10-12 20:29:42
1243,10,30000,1500,0.672667,7.733465,10932.201470,5.827201,15.690361,8.795013,2025-10-12 20:29:50
1244,10,30000,1500,0.614667,8.504854,10940.706325,5.827201,15.690361,8.794780,2025-10-12 20:29:58
1245,10,30000,1500,0.619333,8.201057,10948.907382,5.827201,15.690361,8.794303,2025-10-12 20:30:06
1246,10,30000,1500,0.681333,8.201799,10957.109181,5.827201,15.690361,8.793828,2025-10-12 20:30:15
1247,10,30000,1500,0.615333,8.294536,10965.403717,5.827201,15.690361,8.793427,2025-10-12 20:30:23
1248,10,30000,1500,0.686667,7.787285,10973.191003,5.827201,15.690361,8.792621,2025-10-12 20:30:31
1249,10,30000,1500,0.628000,8.182085,10981.373087,5.827201,15.690361,8.792132,2025-10-12 20:30:39
1250,10,30000,1500,0.654000,8.153944,10989.527031,5.827201,15.690361,8.791622,2025-10-12 20:30:47
1251,10,30000,1500,0.674667,7.629956,10997.156987,5.827201,15.690361,8.790693,2025-10-12 20:30:55
1252,10,30000,1500,0.610000,7.976526,11005.133512,5.827201,15.690361,8.790043,2025-10-12 20:31:03
1253,10,30000,1500,0.708667,8.435835,11013.569347,5.827201,15.690361,8.789760,2025-10-12 20:31:11
1254,10,30000,1500,0.690667,8.056978,11021.626325,5.827201,15.690361,8.789176,2025-10-12 20:31:19
1255,10,30000,1500,0.797333,9.011496,11030.637821,5.827201,15.690361,8.789353,2025-10-12 20:31:28
1256,10,30000,1500,0.735333,8.040457,11038.678278,5.827201,15.690361,8.788757,2025-10-12 20:31:36
1257,10,30000,1500,0.703333,7.883763,11046.562040,5.827201,15.690361,8.788037,2025-10-12 20:31:44
1258,10,30000,1500,0.721333,8.250210,11054.812250,5.827201,15.690361,8.787609,2025-10-12 20:31:52
1259,10,30000,1500,0.712667,8.201459,11063.013709,5.827201,15.690361,8.787144,2025-10-12 20:32:01
1260,10,30000,1500,0.638667,8.827843,11071.841552,5.827201,15.690361,8.787176,2025-10-12 20:32:09
1261,10,30000,1500,0.742667,8.362106,11080.203658,5.827201,15.690361,8.786839,2025-10-12 20:32:18
1262,10,30000,1500,0.688000,9.022909,11089.226568,5.827201,15.690361,8.787026,2025-10-12 20:32:27
1263,10,30000,1500,0.731333,8.135194,11097.361762,5.827201,15.690361,8.786510,2025-10-12 20:32:35
1264,10,30000,1500,0.687333,8.057721,11105.419482,5.827201,15.690361,8.785933,2025-10-12 20:32:43
1265,10,30000,1500,0.637333,8.121043,11113.540525,5.827201,15.690361,8.785408,2025-10-12 20:32:51
1266,10,30000,1500,0.694667,7.785343,11121.325869,5.827201,15.690361,8.784618,2025-10-12 20:32:59
1267,10,30000,1500,0.708000,8.055992,11129.381860,5.827201,15.690361,8.784043,2025-10-12 20:33:07
1268,10,30000,1500,0.721333,8.179387,11137.561247,5.827201,15.690361,8.783566,2025-10-12 20:33:15
1269,10,30000,1500,0.611333,7.688090,11145.249337,5.827201,15.690361,8.782702,2025-10-12 20:33:23
1270,10,30000,1500,0.663333,7.921648,11153.170985,5.827201,15.690361,8.782024,2025-10-12 20:33:31
1271,10,30000,1500,0.618000,7.966248,11161.137233,5.827201,15.690361,8.781383,2025-10-12 20:33:39
1272,10,30000,1500,0.626667,8.098973,11169.236206,5.827201,15.690361,8.780846,2025-10-12 20:33:47
1273,10,30000,1500,0.656667,7.671547,11176.907753,5.827201,15.690361,8.779975,2025-10-12 20:33:54
1274,10,30000,1500,0.594000,7.753817,11184.661570,5.827201,15.690361,8.779169,2025-10-12 20:34:02
1275,10,30000,1500,0.595333,8.687588,11193.349158,5.827201,15.690361,8.779097,2025-10-12 20:34:11
1276,10,30000,1500,0.758667,8.332215,11201.681372,5.827201,15.690361,8.778747,2025-10-12 20:34:19
1277,10,30000,1500,0.727333,8.259416,11209.940789,5.827201,15.690361,8.778340,2025-10-12 20:34:28
1278,10,30000,1500,0.782000,8.089443,11218.030231,5.827201,15.690361,8.777801,2025-10-12 20:34:36
1279,10,30000,1500,0.805333,7.979010,11226.009242,5.827201,15.690361,8.777177,2025-10-12 20:34:44
1280,10,30000,1500,0.695333,8.615552,11234.624794,5.827201,15.690361,8.777051,2025-10-12 20:34:52
1281,10,30000,1500,0.668000,8.083886,11242.708680,5.827201,15.690361,8.776510,2025-10-12 20:35:00
1282,10,30000,1500,0.705333,7.927550,11250.636230,5.827201,15.690361,8.775847,2025-10-12 20:35:08
1283,10,30000,1500,0.762000,8.455377,11259.091608,5.827201,15.690361,8.775598,2025-10-12 20:35:17
1284,10,30000,1500,0.653333,7.725701,11266.817309,5.827201,15.690361,8.774780,2025-10-12 20:35:24
1285,10,30000,1500,0.654000,8.096763,11274.914072,5.827201,15.690361,8.774252,2025-10-12 20:35:33
1286,10,30000,1500,0.674667,8.011686,11282.925759,5.827201,15.690361,8.773659,2025-10-12 20:35:41
1287,10,30000,1500,0.686667,8.185067,11291.110826,5.827201,15.690361,8.773202,2025-10-12 20:35:49
1288,10,30000,1500,0.722000,8.379587,11299.490413,5.827201,15.690361,8.772896,2025-10-12 20:35:57
1289,10,30000,1500,0.634000,7.679990,11307.170402,5.827201,15.690361,8.772048,2025-10-12 20:36:05
1290,10,30000,1500,0.728667,8.911008,11316.081411,5.827201,15.690361,8.772156,2025-10-12 20:36:14
1291,10,30000,1500,0.656000,8.484042,11324.565452,5.827201,15.690361,8.771933,2025-10-12 20:36:22
1292,10,30000,1500,0.726667,9.117820,11333.683272,5.827201,15.690361,8.772201,2025-10-12 20:36:31
1293,10,30000,1500,0.761333,8.007560,11341.690833,5.827201,15.690361,8.771609,2025-10-12 20:36:39
1294,10,30000,1500,0.629333,8.042482,11349.733315,5.827201,15.690361,8.771046,2025-10-12 20:36:47
1295,10,30000,1500,0.661333,7.666928,11357.400243,5.827201,15.690361,8.770193,2025-10-12 20:36:55
1296,10,30000,1500,0.628000,7.997535,11365.397778,5.827201,15.690361,8.769597,2025-10-12 20:37:03
1297,10,30000,1500,0.592000,8.998723,11374.396501,5.827201,15.690361,8.769774,2025-10-12 20:37:12
1298,10,30000,1500,0.718667,8.404384,11382.800885,5.827201,15.690361,8.769492,2025-10-12 20:37:20
1299,10,30000,1500,0.641333,7.894861,11390.695746,5.827201,15.690361,8.768819,2025-10-12 20:37:28
1300,10,30000,1500,0.648000,8.514948,11399.210695,5.827201,15.690361,8.768624,2025-10-12 20:37:37
1301,10,30000,1500,0.661333,8.118121,11407.328815,5.827201,15.690361,8.768124,2025-10-12 20:37:45
1302,10,30000,1500,0.695333,8.733595,11416.062410,5.827201,15.690361,8.768097,2025-10-12 20:37:54
1303,10,30000,1500,0.650000,8.681041,11424.743451,5.827201,15.690361,8.768030,2025-10-12 20:38:02
1304,10,30000,1500,0.767333,9.051485,11433.794935,5.827201,15.690361,8.768248,2025-10-12 20:38:11
1305,10,30000,1500,0.630000,9.429059,11443.223994,5.827201,15.690361,8.768754,2025-10-12 20:38:21
1306,10,30000,1500,0.720667,8.409188,11451.633181,5.827201,15.690361,8.768479,2025-10-12 20:38:29
1307,10,30000,1500,0.644000,9.135413,11460.768594,5.827201,15.690361,8.768759,2025-10-12 20:38:38
1308,10,30000,1500,0.632667,8.968774,11469.737368,5.827201,15.690361,8.768912,2025-10-12 20:38:47
1309,10,30000,1500,0.686667,9.181818,11478.919186,5.827201,15.690361,8.769228,2025-10-12 20:38:57
1310,10,30000,1500,0.666667,9.125120,11488.044306,5.827201,15.690361,8.769499,2025-10-12 20:39:06
1311,10,30000,1500,0.770000,9.109226,11497.153532,5.827201,15.690361,8.769759,2025-10-12 20:39:15
1312,10,30000,1500,0.772000,8.991259,11506.144791,5.827201,15.690361,8.769927,2025-10-12 20:39:24
1313,10,30000,1500,0.802000,8.222179,11514.366971,5.827201,15.690361,8.769510,2025-10-12 20:39:32
1314,10,30000,1500,0.790000,9.220141,11523.587112,5.827201,15.690361,8.769853,2025-10-12 20:39:41
1315,10,30000,1500,0.718667,7.986915,11531.574026,5.827201,15.690361,8.769258,2025-10-12 20:39:49
1316,10,30000,1500,0.686000,8.866372,11540.440399,5.827201,15.690361,8.769332,2025-10-12 20:39:58
1317,10,30000,1500,0.680667,8.444800,11548.885199,5.827201,15.690361,8.769085,2025-10-12 20:40:07
1318,10,30000,1500,0.724000,8.064466,11556.949665,5.827201,15.690361,8.768551,2025-10-12 20:40:15
1319,10,30000,1500,0.602000,8.193539,11565.143204,5.827201,15.690361,8.768115,2025-10-12 20:40:23
1320,10,30000,1500,0.682000,8.141457,11573.284661,5.827201,15.690361,8.767640,2025-10-12 20:40:31
1321,10,30000,1500,0.646667,8.322663,11581.607324,5.827201,15.690361,8.767303,2025-10-12 20:40:39
1322,10,30000,1500,0.683333,8.359394,11589.966717,5.827201,15.690361,8.766994,2025-10-12 20:40:48
1323,10,30000,1500,0.681333,8.150898,11598.117615,5.827201,15.690361,8.766529,2025-10-12 20:40:56
1324,10,30000,1500,0.614000,8.186090,11606.303705,5.827201,15.690361,8.766090,2025-10-12 20:41:04
1325,10,30000,1500,0.665333,8.235287,11614.538992,5.827201,15.690361,8.765690,2025-10-12 20:41:12
1326,10,30000,1500,0.697333,7.838468,11622.377460,5.827201,15.690361,8.764991,2025-10-12 20:41:20
1327,10,30000,1500,0.744000,8.406429,11630.783889,5.827201,15.690361,8.764720,2025-10-12 20:41:28
1328,10,30000,1500,0.734000,8.044272,11638.828161,5.827201,15.690361,8.764178,2025-10-12 20:41:37
1329,10,30000,1500,0.654000,7.630974,11646.459135,5.827201,15.690361,8.763325,2025-10-12 20:41:44
1330,10,30000,1500,0.708000,8.419620,11654.878756,5.827201,15.690361,8.763067,2025-10-12 20:41:53
1331,10,30000,1500,0.652000,7.769533,11662.648289,5.827201,15.690361,8.762320,2025-10-12 20:42:00
1332,10,30000,1500,0.630667,8.074642,11670.722931,5.827201,15.690361,8.761804,2025-10-12 20:42:08
1333,10,30000,1500,0.711333,8.520339,11679.243270,5.827201,15.690361,8.761623,2025-10-12 20:42:17
1334,10,30000,1500,0.671333,9.054450,11688.297720,5.827201,15.690361,8.761842,2025-10-12 20:42:26
1335,10,30000,1500,0.642000,8.743096,11697.040817,5.827201,15.690361,8.761828,2025-10-12 20:42:35
1336,10,30000,1500,0.661333,9.321113,11706.361930,5.827201,15.690361,8.762247,2025-10-12 20:42:44
1337,10,30000,1500,0.657333,9.010546,11715.372476,5.827201,15.690361,8.762433,2025-10-12 20:42:53
1338,10,30000,1500,0.615333,9.050323,11724.422799,5.827201,15.690361,8.762648,2025-10-12 20:43:02
1339,10,30000,1500,0.688667,9.201563,11733.624362,5.827201,15.690361,8.762976,2025-10-12 20:43:11
1340,10,30000,1500,0.580000,9.299413,11742.923775,5.827201,15.690361,8.763376,2025-10-12 20:43:21
1341,10,30000,1500,0.614667,8.978878,11751.902652,5.827201,15.690361,8.763537,2025-10-12 20:43:30
1342,10,30000,1500,0.602667,8.746905,11760.649557,5.827201,15.690361,8.763524,2025-10-12 20:43:38
1343,10,30000,1500,0.610667,9.413470,11770.063027,5.827201,15.690361,8.764008,2025-10-12 20:43:48
1344,10,30000,1500,0.632667,9.190959,11779.253987,5.827201,15.690361,8.764326,2025-10-12 20:43:57
1345,10,30000,1500,0.576000,9.319171,11788.573157,5.827201,15.690361,8.764738,2025-10-12 20:44:06
1346,10,30000,1500,0.704000,9.341009,11797.914166,5.827201,15.690361,8.765167,2025-10-12 20:44:16
1347,10,30000,1500,0.732667,9.055241,11806.969407,5.827201,15.690361,8.765382,2025-10-12 20:44:25
1348,10,30000,1500,0.800667,8.903152,11815.872559,5.827201,15.690361,8.765484,2025-10-12 20:44:34
1349,10,30000,1500,0.658000,9.315007,11825.187566,5.827201,15.690361,8.765891,2025-10-12 20:44:43
1350,10,30000,1500,0.731333,8.161339,11833.348906,5.827201,15.690361,8.765444,2025-10-12 20:44:51
1351,10,30000,1500,0.709333,7.611864,11840.960769,5.827201,15.690361,8.764590,2025-10-12 20:44:59
1352,10,30000,1500,0.712667,9.007322,11849.968091,5.827201,15.690361,8.764769,2025-10-12 20:45:08
1353,10,30000,1500,0.776000,9.267699,11859.235791,5.827201,15.690361,8.765141,2025-10-12 20:45:17
1354,10,30000,1500,0.692000,9.107856,11868.343647,5.827201,15.690361,8.765394,2025-10-12 20:45:26
1355,10,30000,1500,0.742000,9.183349,11877.526995,5.827201,15.690361,8.765703,2025-10-12 20:45:35
1356,10,30000,1500,0.617333,8.757102,11886.284097,5.827201,15.690361,8.765696,2025-10-12 20:45:44
1357,10,30000,1500,0.668000,8.934269,11895.218367,5.827201,15.690361,8.765820,2025-10-12 20:45:53
1358,10,30000,1500,0.644000,9.295417,11904.513783,5.827201,15.690361,8.766210,2025-10-12 20:46:02
1359,10,30000,1500,0.724000,9.298956,11913.812739,5.827201,15.690361,8.766602,2025-10-12 20:46:12
1360,10,30000,1500,0.588000,8.305261,11922.118001,5.827201,15.690361,8.766263,2025-10-12 20:46:20
1361,10,30000,1500,0.703333,8.891772,11931.009773,5.827201,15.690361,8.766355,2025-10-12 20:46:29
1362,10,30000,1500,0.630667,9.071022,11940.080795,5.827201,15.690361,8.766579,2025-10-12 20:46:38
1363,10,30000,1500,0.637333,8.468459,11948.549254,5.827201,15.690361,8.766360,2025-10-12 20:46:46
1364,10,30000,1500,0.694667,9.291120,11957.840374,5.827201,15.690361,8.766745,2025-10-12 20:46:56
1365,10,30000,1500,0.676667,9.207167,11967.047540,5.827201,15.690361,8.767068,2025-10-12 20:47:05
1366,10,30000,1500,0.672667,9.126032,11976.173572,5.827201,15.690361,8.767331,2025-10-12 20:47:14
1367,10,30000,1500,0.696000,9.301360,11985.474932,5.827201,15.690361,8.767721,2025-10-12 20:47:23
1368,10,30000,1500,0.616000,9.057425,11994.532357,5.827201,15.690361,8.767933,2025-10-12 20:47:32
1369,10,30000,1500,0.760667,8.955333,12003.487690,5.827201,15.690361,8.768070,2025-10-12 20:47:41
1370,10,30000,1500,0.646667,8.909337,12012.397027,5.827201,15.690361,8.768173,2025-10-12 20:47:50
1371,10,30000,1500,0.691333,8.887129,12021.284155,5.827201,15.690361,8.768260,2025-10-12 20:47:59
1372,10,30000,1500,0.670667,8.851090,12030.135245,5.827201,15.690361,8.768320,2025-10-12 20:48:08
1373,10,30000,1500,0.644667,9.218815,12039.354060,5.827201,15.690361,8.768648,2025-10-12 20:48:17
1374,10,30000,1500,0.681333,8.756395,12048.110455,5.827201,15.690361,8.768639,2025-10-12 20:48:26
1375,10,30000,1500,0.689333,8.775115,12056.885571,5.827201,15.690361,8.768644,2025-10-12 20:48:35
1376,10,30000,1500,0.648667,9.046237,12065.931808,5.827201,15.690361,8.768846,2025-10-12 20:48:44
1377,10,30000,1500,0.602000,8.619732,12074.551540,5.827201,15.690361,8.768738,2025-10-12 20:48:52
1378,10,30000,1500,0.688667,9.111361,12083.662900,5.827201,15.690361,8.768986,2025-10-12 20:49:01
1379,10,30000,1500,0.648000,8.977460,12092.640361,5.827201,15.690361,8.769137,2025-10-12 20:49:10
1380,10,30000,1500,0.658000,8.633728,12101.274089,5.827201,15.690361,8.769039,2025-10-12 20:49:19
1381,10,30000,1500,0.701333,7.911819,12109.185908,5.827201,15.690361,8.768418,2025-10-12 20:49:27
1382,10,30000,1500,0.689333,8.086564,12117.272472,5.827201,15.690361,8.767925,2025-10-12 20:49:35
1383,10,30000,1500,0.713333,8.286842,12125.559314,5.827201,15.690361,8.767577,2025-10-12 20:49:43
1384,10,30000,1500,0.691333,8.056814,12133.616128,5.827201,15.690361,8.767064,2025-10-12 20:49:51
1385,10,30000,1500,0.648667,7.799866,12141.415994,5.827201,15.690361,8.766365,2025-10-12 20:49:59
1386,10,30000,1500,0.640667,8.129284,12149.545278,5.827201,15.690361,8.765906,2025-10-12 20:50:07
1387,10,30000,1500,0.656000,8.065728,12157.611007,5.827201,15.690361,8.765401,2025-10-12 20:50:15
1388,10,30000,1500,0.659333,8.314129,12165.925135,5.827201,15.690361,8.765076,2025-10-12 20:50:24
1389,10,30000,1500,0.598667,8.636240,12174.561375,5.827201,15.690361,8.764983,2025-10-12 20:50:32
1390,10,30000,1500,0.642667,7.584667,12182.146042,5.827201,15.690361,8.764134,2025-10-12 20:50:40
1391,10,30000,1500,0.618667,7.724761,12189.870803,5.827201,15.690361,8.763387,2025-10-12 20:50:48
1392,10,30000,1500,0.696000,7.619455,12197.490259,5.827201,15.690361,8.762565,2025-10-12 20:50:55
1393,10,30000,1500,0.625333,7.882049,12205.372308,5.827201,15.690361,8.761933,2025-10-12 20:51:03
1394,10,30000,1500,0.622000,8.263553,12213.635861,5.827201,15.690361,8.761575,2025-10-12 20:51:12
1395,10,30000,1500,0.665333,8.220950,12221.856811,5.827201,15.690361,8.761188,2025-10-12 20:51:20
1396,10,30000,1500,0.646667,8.462860,12230.319671,5.827201,15.690361,8.760974,2025-10-12 20:51:28
1397,10,30000,1500,0.667333,8.975725,12239.295396,5.827201,15.690361,8.761128,2025-10-12 20:51:37
1398,10,30000,1500,0.646667,7.768779,12247.064175,5.827201,15.690361,8.760418,2025-10-12 20:51:45
1399,10,30000,1500,0.584000,8.712006,12255.776181,5.827201,15.690361,8.760383,2025-10-12 20:51:54
1400,10,30000,1500,0.652667,7.602796,12263.378977,5.827201,15.690361,8.759556,2025-10-12 20:52:01
1401,10,30000,1500,0.575333,8.619535,12271.998511,5.827201,15.690361,8.759456,2025-10-12 20:52:10
1402,10,30000,1500,0.611333,8.280303,12280.278814,5.827201,15.690361,8.759115,2025-10-12 20:52:18
1403,10,30000,1500,0.636000,7.972728,12288.251543,5.827201,15.690361,8.758554,2025-10-12 20:52:26
1404,10,30000,1500,0.614667,8.494987,12296.746530,5.827201,15.690361,8.758366,2025-10-12 20:52:35
1405,10,30000,1500,0.586667,7.895902,12304.642432,5.827201,15.690361,8.757753,2025-10-12 20:52:43
1406,10,30000,1500,0.651333,8.126739,12312.769172,5.827201,15.690361,8.757304,2025-10-12 20:52:51
1407,10,30000,1500,0.626667,8.529349,12321.298521,5.827201,15.690361,8.757142,2025-10-12 20:52:59
1408,10,30000,1500,0.661333,8.573651,12329.872172,5.827201,15.690361,8.757011,2025-10-12 20:53:08
1409,10,30000,1500,0.661333,7.794935,12337.667107,5.827201,15.690361,8.756329,2025-10-12 20:53:16
1410,10,30000,1500,0.572000,7.348227,12345.015334,5.827201,15.690361,8.755330,2025-10-12 20:53:23
1411,10,30000,1500,0.670000,8.233136,12353.248470,5.827201,15.690361,8.754960,2025-10-12 20:53:31
1412,10,30000,1500,0.590667,8.292338,12361.540808,5.827201,15.690361,8.754632,2025-10-12 20:53:39
1413,10,30000,1500,0.656000,8.010647,12369.551455,5.827201,15.690361,8.754106,2025-10-12 20:53:47
1414,10,30000,1500,0.654000,7.679846,12377.231301,5.827201,15.690361,8.753346,2025-10-12 20:53:55
1415,10,30000,1500,0.639333,7.615382,12384.846683,5.827201,15.690361,8.752542,2025-10-12 20:54:03
1416,10,30000,1500,0.630000,8.037826,12392.884510,5.827201,15.690361,8.752037,2025-10-12 20:54:11
1417,10,30000,1500,0.666000,9.001444,12401.885954,5.827201,15.690361,8.752213,2025-10-12 20:54:20
1418,10,30000,1500,0.730667,8.905196,12410.791150,5.827201,15.690361,8.752321,2025-10-12 20:54:29
1419,10,30000,1500,0.612667,9.453426,12420.244576,5.827201,15.690361,8.752815,2025-10-12 20:54:38
1420,10,30000,1500,0.666667,8.686071,12428.930647,5.827201,15.690361,8.752768,2025-10-12 20:54:47
1421,10,30000,1500,0.653333,9.776700,12438.707347,5.827201,15.690361,8.753489,2025-10-12 20:54:57
1422,10,30000,1500,0.697333,8.772073,12447.479420,5.827201,15.690361,8.753502,2025-10-12 20:55:05
1423,10,30000,1500,0.728000,8.896182,12456.375602,5.827201,15.690361,8.753602,2025-10-12 20:55:14
1424,10,30000,1500,0.674000,9.027425,12465.403027,5.827201,15.690361,8.753794,2025-10-12 20:55:23
1425,10,30000,1500,0.759333,8.481886,12473.884913,5.827201,15.690361,8.753603,2025-10-12 20:55:32
1426,10,30000,1500,0.597333,9.443319,12483.328232,5.827201,15.690361,8.754087,2025-10-12 20:55:41
1427,10,30000,1500,0.665333,8.585675,12491.913907,5.827201,15.690361,8.753969,2025-10-12 20:55:50
1428,10,30000,1500,0.674667,8.872522,12500.786429,5.827201,15.690361,8.754052,2025-10-12 20:55:59
1429,10,30000,1500,0.678667,8.905108,12509.691537,5.827201,15.690361,8.754158,2025-10-12 20:56:08
1430,10,30000,1500,0.621333,8.861565,12518.553102,5.827201,15.690361,8.754233,2025-10-12 20:56:17
1431,10,30000,1500,0.728667,8.833051,12527.386153,5.827201,15.690361,8.754288,2025-10-12 20:56:25
1432,10,30000,1500,0.658667,8.582081,12535.968234,5.827201,15.690361,8.754168,2025-10-12 20:56:34
1433,10,30000,1500,0.684667,9.151945,12545.120178,5.827201,15.690361,8.754445,2025-10-12 20:56:43
1434,10,30000,1500,0.749333,8.852458,12553.972637,5.827201,15.690361,8.754514,2025-10-12 20:56:52
1435,10,30000,1500,0.708667,9.221653,12563.194289,5.827201,15.690361,8.754839,2025-10-12 20:57:01
1436,10,30000,1500,0.627333,8.968074,12572.162364,5.827201,15.690361,8.754988,2025-10-12 20:57:10
1437,10,30000,1500,0.633333,9.229399,12581.391763,5.827201,15.690361,8.755318,2025-10-12 20:57:19
1438,10,30000,1500,0.606000,9.093028,12590.484791,5.827201,15.690361,8.755553,2025-10-12 20:57:28
1439,10,30000,1500,0.722667,8.518093,12599.002885,5.827201,15.690361,8.755388,2025-10-12 20:57:37
1440,10,30000,1500,0.613333,9.413096,12608.415981,5.827201,15.690361,8.755844,2025-10-12 20:57:46
1441,10,30000,1500,0.684667,8.670113,12617.086094,5.827201,15.690361,8.755785,2025-10-12 20:57:55
1442,10,30000,1500,0.614000,8.830220,12625.916315,5.827201,15.690361,8.755837,2025-10-12 20:58:04
1443,10,30000,1500,0.646667,8.623077,12634.539391,5.827201,15.690361,8.755745,2025-10-12 20:58:13
1444,10,30000,1500,0.672000,9.144913,12643.684305,5.827201,15.690361,8.756014,2025-10-12 20:58:22
1445,10,30000,1500,0.675333,9.097446,12652.781751,5.827201,15.690361,8.756250,2025-10-12 20:58:31
1446,10,30000,1500,0.648667,8.583717,12661.365468,5.827201,15.690361,8.756131,2025-10-12 20:58:39
1447,10,30000,1500,0.668667,9.145446,12670.510914,5.827201,15.690361,8.756400,2025-10-12 20:58:49
1448,10,30000,1500,0.738667,9.083925,12679.594839,5.827201,15.690361,8.756626,2025-10-12 20:58:58
1449,10,30000,1500,0.732000,9.365561,12688.960400,5.827201,15.690361,8.757047,2025-10-12 20:59:07
1450,10,30000,1500,0.734000,8.995221,12697.955621,5.827201,15.690361,8.757211,2025-10-12 20:59:16
1451,10,30000,1500,0.704000,9.110622,12707.066243,5.827201,15.690361,8.757454,2025-10-12 20:59:25
1452,10,30000,1500,0.706667,9.331731,12716.397974,5.827201,15.690361,8.757850,2025-10-12 20:59:34
1453,10,30000,1500,0.728000,8.753904,12725.151878,5.827201,15.690361,8.757847,2025-10-12 20:59:43
1454,10,30000,1500,0.639333,9.272452,12734.424330,5.827201,15.690361,8.758201,2025-10-12 20:59:52
1455,10,30000,1500,0.723333,8.970397,12743.394727,5.827201,15.690361,8.758347,2025-10-12 21:00:01
1456,10,30000,1500,0.663333,9.562851,12752.957578,5.827201,15.690361,8.758899,2025-10-12 21:00:11
1457,10,30000,1500,0.746667,8.839022,12761.796600,5.827201,15.690361,8.758954,2025-10-12 21:00:20
1458,10,30000,1500,0.714000,8.895023,12770.691622,5.827201,15.690361,8.759048,2025-10-12 21:00:29
1459,10,30000,1500,0.682667,8.798530,12779.490153,5.827201,15.690361,8.759075,2025-10-12 21:00:38
1460,10,30000,1500,0.716000,9.060110,12788.550263,5.827201,15.690361,8.759281,2025-10-12 21:00:47
1461,10,30000,1500,0.621333,9.366905,12797.917168,5.827201,15.690361,8.759697,2025-10-12 21:00:56
1462,10,30000,1500,0.622667,8.790061,12806.707229,5.827201,15.690361,8.759718,2025-10-12 21:01:05
1463,10,30000,1500,0.650667,9.303075,12816.010304,5.827201,15.690361,8.760089,2025-10-12 21:01:14
1464,10,30000,1500,0.645333,8.551745,12824.562049,5.827201,15.690361,8.759947,2025-10-12 21:01:23
1465,10,30000,1500,0.565333,9.086007,12833.648056,5.827201,15.690361,8.760169,2025-10-12 21:01:32
1466,10,30000,1500,0.654667,9.072080,12842.720136,5.827201,15.690361,8.760382,2025-10-12 21:01:41
1467,10,30000,1500,0.614667,9.106897,12851.827034,5.827201,15.690361,8.760618,2025-10-12 21:01:50
1468,10,30000,1500,0.690667,9.117426,12860.944459,5.827201,15.690361,8.760861,2025-10-12 21:01:59
1469,10,30000,1500,0.692000,9.231518,12870.175977,5.827201,15.690361,8.761182,2025-10-12 21:02:08
1470,10,30000,1500,0.647333,9.470416,12879.646393,5.827201,15.690361,8.761664,2025-10-12 21:02:18
1471,10,30000,1500,0.663333,8.815699,12888.462092,5.827201,15.690361,8.761701,2025-10-12 21:02:27
1472,10,30000,1500,0.625333,8.562316,12897.024408,5.827201,15.690361,8.761565,2025-10-12 21:02:35
1473,10,30000,1500,0.628667,8.589906,12905.614314,5.827201,15.690361,8.761449,2025-10-12 21:02:44
1474,10,30000,1500,0.693333,8.610273,12914.224587,5.827201,15.690361,8.761346,2025-10-12 21:02:52
1475,10,30000,1500,0.622667,8.981002,12923.205589,5.827201,15.690361,8.761495,2025-10-12 21:03:01
1476,10,30000,1500,0.631333,8.569787,12931.775375,5.827201,15.690361,8.761365,2025-10-12 21:03:10
1477,10,30000,1500,0.630000,8.895017,12940.670392,5.827201,15.690361,8.761456,2025-10-12 21:03:19
1478,10,30000,1500,0.658000,8.724017,12949.394409,5.827201,15.690361,8.761431,2025-10-12 21:03:27
1479,10,30000,1500,0.671333,8.870962,12958.265370,5.827201,15.690361,8.761505,2025-10-12 21:03:36
1480,10,30000,1500,0.654000,9.055795,12967.321166,5.827201,15.690361,8.761703,2025-10-12 21:03:45
1481,10,30000,1500,0.608000,8.596847,12975.918012,5.827201,15.690361,8.761592,2025-10-12 21:03:54
1482,10,30000,1500,0.634000,8.931899,12984.849912,5.827201,15.690361,8.761707,2025-10-12 21:04:03
1483,10,30000,1500,0.674000,8.561612,12993.411524,5.827201,15.690361,8.761572,2025-10-12 21:04:11
1484,10,30000,1500,0.624000,9.398468,13002.809993,5.827201,15.690361,8.762001,2025-10-12 21:04:21
1485,10,30000,1500,0.662000,8.934448,13011.744441,5.827201,15.690361,8.762117,2025-10-12 21:04:30
1486,10,30000,1500,0.645333,9.239297,13020.983738,5.827201,15.690361,8.762439,2025-10-12 21:04:39
1487,10,30000,1500,0.664667,9.088512,13030.072249,5.827201,15.690361,8.762658,2025-10-12 21:04:48
1488,10,30000,1500,0.664667,9.035094,13039.107343,5.827201,15.690361,8.762841,2025-10-12 21:04:57
1489,10,30000,1500,0.738667,8.955328,13048.062671,5.827201,15.690361,8.762970,2025-10-12 21:05:06
1490,10,30000,1500,0.618667,8.564515,13056.627186,5.827201,15.690361,8.762837,2025-10-12 21:05:15
1491,10,30000,1500,0.726667,8.973293,13065.600479,5.827201,15.690361,8.762978,2025-10-12 21:05:24
1492,10,30000,1500,0.688000,8.563482,13074.163960,5.827201,15.690361,8.762844,2025-10-12 21:05:32
1493,10,30000,1500,0.726667,8.481080,13082.645041,5.827201,15.690361,8.762656,2025-10-12 21:05:41
1494,10,30000,1500,0.766667,9.217248,13091.862289,5.827201,15.690361,8.762960,2025-10-12 21:05:50
1495,10,30000,1500,0.750667,8.383572,13100.245861,5.827201,15.690361,8.762706,2025-10-12 21:05:58
1496,10,30000,1500,0.630667,9.386779,13109.632640,5.827201,15.690361,8.763123,2025-10-12 21:06:08
1497,10,30000,1500,0.643333,8.824849,13118.457489,5.827201,15.690361,8.763165,2025-10-12 21:06:17
1498,10,30000,1500,0.722000,8.979975,13127.437464,5.827201,15.690361,8.763309,2025-10-12 21:06:26
1499,10,30000,1500,0.686667,9.346396,13136.783859,5.827201,15.690361,8.763698,2025-10-12 21:06:35
1500,10,30000,1500,0.715333,9.409825,13146.193685,5.827201,15.690361,8.764129,2025-10-12 21:06:44
1501,10,30000,1500,0.650667,9.061095,13155.254780,5.827201,15.690361,8.764327,2025-10-12 21:06:53
1502,10,30000,1500,0.630667,9.110278,13164.365058,5.827201,15.690361,8.764557,2025-10-12 21:07:02
1503,10,30000,1500,0.708667,9.219831,13173.584889,5.827201,15.690361,8.764860,2025-10-12 21:07:12
1504,10,30000,1500,0.684000,9.323237,13182.908126,5.827201,15.690361,8.765231,2025-10-12 21:07:21
1505,10,30000,1500,0.721333,9.249354,13192.157479,5.827201,15.690361,8.765553,2025-10-12 21:07:30
1506,10,30000,1500,0.702000,8.785989,13200.943468,5.827201,15.690361,8.765567,2025-10-12 21:07:39
1507,10,30000,1500,0.723333,9.095832,13210.039301,5.827201,15.690361,8.765786,2025-10-12 21:07:48
1508,10,30000,1500,0.716000,9.118338,13219.157639,5.827201,15.690361,8.766020,2025-10-12 21:07:57
1509,10,30000,1500,0.734667,9.192843,13228.350482,5.827201,15.690361,8.766303,2025-10-12 21:08:06
1510,10,30000,1500,0.697333,9.121464,13237.471946,5.827201,15.690361,8.766538,2025-10-12 21:08:16
1511,10,30000,1500,0.661333,9.074414,13246.546360,5.827201,15.690361,8.766741,2025-10-12 21:08:25
1512,10,30000,1500,0.688667,9.194542,13255.740902,5.827201,15.690361,8.767024,2025-10-12 21:08:34
1513,10,30000,1500,0.698000,8.382413,13264.123315,5.827201,15.690361,8.766770,2025-10-12 21:08:42
1514,10,30000,1500,0.690667,9.252343,13273.375658,5.827201,15.690361,8.767091,2025-10-12 21:08:52
1515,10,30000,1500,0.618000,9.089997,13282.465655,5.827201,15.690361,8.767304,2025-10-12 21:09:01
1516,10,30000,1500,0.679333,8.765864,13291.231520,5.827201,15.690361,8.767303,2025-10-12 21:09:09
1517,10,30000,1500,0.620667,9.452839,13300.684359,5.827201,15.690361,8.767755,2025-10-12 21:09:19
1518,10,30000,1500,0.669333,8.752449,13309.436808,5.827201,15.690361,8.767745,2025-10-12 21:09:28
1519,10,30000,1500,0.656000,8.929590,13318.366398,5.827201,15.690361,8.767851,2025-10-12 21:09:37
1520,10,30000,1500,0.636667,8.454509,13326.820907,5.827201,15.690361,8.767645,2025-10-12 21:09:45
1521,10,30000,1500,0.639333,9.210396,13336.031303,5.827201,15.690361,8.767936,2025-10-12 21:09:54
1522,10,30000,1500,0.670667,8.336418,13344.367721,5.827201,15.690361,8.767653,2025-10-12 21:10:03
1523,10,30000,1500,0.695333,8.520764,13352.888485,5.827201,15.690361,8.767491,2025-10-12 21:10:11
1524,10,30000,1500,0.652000,8.952033,13361.840518,5.827201,15.690361,8.767612,2025-10-12 21:10:20
1525,10,30000,1500,0.603333,8.929088,13370.769605,5.827201,15.690361,8.767718,2025-10-12 21:10:29
1526,10,30000,1500,0.694667,9.566874,13380.336479,5.827201,15.690361,8.768241,2025-10-12 21:10:39
1527,10,30000,1500,0.628000,8.717824,13389.054302,5.827201,15.690361,8.768208,2025-10-12 21:10:47
1528,10,30000,1500,0.640667,8.915340,13397.969642,5.827201,15.690361,8.768305,2025-10-12 21:10:56
1529,10,30000,1500,0.673333,8.924099,13406.893741,5.827201,15.690361,8.768407,2025-10-12 21:11:05
1530,10,30000,1500,0.644000,8.578218,13415.471958,5.827201,15.690361,8.768282,2025-10-12 21:11:14
1531,10,30000,1500,0.586000,9.223543,13424.695501,5.827201,15.690361,8.768580,2025-10-12 21:11:23
1532,10,30000,1500,0.686667,8.295248,13432.990749,5.827201,15.690361,8.768271,2025-10-12 21:11:31
1533,10,30000,1500,0.637333,9.254448,13442.245198,5.827201,15.690361,8.768588,2025-10-12 21:11:40
1534,10,30000,1500,0.654667,8.698687,13450.943884,5.827201,15.690361,8.768542,2025-10-12 21:11:49
1535,10,30000,1500,0.670000,8.565377,13459.509261,5.827201,15.690361,8.768410,2025-10-12 21:11:58
1536,10,30000,1500,0.601333,9.151464,13468.660725,5.827201,15.690361,8.768659,2025-10-12 21:12:07
1537,10,30000,1500,0.607333,8.275239,13476.935964,5.827201,15.690361,8.768338,2025-10-12 21:12:15
1538,10,30000,1500,0.639333,8.774434,13485.710398,5.827201,15.690361,8.768342,2025-10-12 21:12:24
1539,10,30000,1500,0.646667,8.752196,13494.462593,5.827201,15.690361,8.768332,2025-10-12 21:12:33
1540,10,30000,1500,0.653333,9.414828,13503.877421,5.827201,15.690361,8.768752,2025-10-12 21:12:42
1541,10,30000,1500,0.602667,8.925219,13512.802640,5.827201,15.690361,8.768853,2025-10-12 21:12:51
1542,10,30000,1500,0.666000,8.564911,13521.367551,5.827201,15.690361,8.768721,2025-10-12 21:13:00
1543,10,30000,1500,0.713333,8.912559,13530.280110,5.827201,15.690361,8.768814,2025-10-12 21:13:09
1544,10,30000,1500,0.728000,8.576087,13538.856198,5.827201,15.690361,8.768689,2025-10-12 21:13:17
1545,10,30000,1500,0.624000,9.376347,13548.232545,5.827201,15.690361,8.769083,2025-10-12 21:13:26
1546,10,30000,1500,0.675333,9.004480,13557.237024,5.827201,15.690361,8.769235,2025-10-12 21:13:35
1547,10,30000,1500,0.618000,9.136218,13566.373242,5.827201,15.690361,8.769472,2025-10-12 21:13:45
1548,10,30000,1500,0.633333,9.281767,13575.655009,5.827201,15.690361,8.769803,2025-10-12 21:13:54
1549,10,30000,1500,0.700000,8.608150,13584.263160,5.827201,15.690361,8.769699,2025-10-12 21:14:03
1550,10,30000,1500,0.656667,8.889157,13593.152317,5.827201,15.690361,8.769776,2025-10-12 21:14:11
1551,10,30000,1500,0.662667,8.619917,13601.772233,5.827201,15.690361,8.769679,2025-10-12 21:14:20
1552,10,30000,1500,0.655333,9.166472,13610.938705,5.827201,15.690361,8.769935,2025-10-12 21:14:29
1553,10,30000,1500,0.674667,9.088608,13620.027313,5.827201,15.690361,8.770140,2025-10-12 21:14:38
1554,10,30000,1500,0.664667,9.021879,13629.049192,5.827201,15.690361,8.770302,2025-10-12 21:14:47
1555,10,30000,1500,0.724667,9.156036,13638.205228,5.827201,15.690361,8.770550,2025-10-12 21:14:56
1556,10,30000,1500,0.622000,8.824567,13647.029795,5.827201,15.690361,8.770585,2025-10-12 21:15:05
1557,10,30000,1500,0.711333,9.226905,13656.256700,5.827201,15.690361,8.770878,2025-10-12 21:15:15
1558,10,30000,1500,0.631333,8.953224,13665.209924,5.827201,15.690361,8.770995,2025-10-12 21:15:23
1559,10,30000,1500,0.678000,9.383972,13674.593895,5.827201,15.690361,8.771388,2025-10-12 21:15:33
1560,10,30000,1500,0.700000,9.121683,13683.715578,5.827201,15.690361,8.771613,2025-10-12 21:15:42
1561,10,30000,1500,0.710000,9.265560,13692.981138,5.827201,15.690361,8.771929,2025-10-12 21:15:51
1562,10,30000,1500,0.650667,9.297771,13702.278909,5.827201,15.690361,8.772266,2025-10-12 21:16:01
1563,10,30000,1500,0.615333,8.960344,13711.239253,5.827201,15.690361,8.772386,2025-10-12 21:16:10
1564,10,30000,1500,0.607333,8.998949,13720.238202,5.827201,15.690361,8.772531,2025-10-12 21:16:19
1565,10,30000,1500,0.678667,8.616840,13728.855042,5.827201,15.690361,8.772431,2025-10-12 21:16:27
1566,10,30000,1500,0.610667,8.922242,13737.777284,5.827201,15.690361,8.772527,2025-10-12 21:16:36
1567,10,30000,1500,0.614667,9.133964,13746.911248,5.827201,15.690361,8.772758,2025-10-12 21:16:45
1568,10,30000,1500,0.636000,8.775420,13755.686668,5.827201,15.690361,8.772759,2025-10-12 21:16:54
1569,10,30000,1500,0.625333,8.819765,13764.506433,5.827201,15.690361,8.772789,2025-10-12 21:17:03
1570,10,30000,1500,0.636667,9.596224,13774.102657,5.827201,15.690361,8.773314,2025-10-12 21:17:12
1571,10,30000,1500,0.622000,9.432702,13783.535359,5.827201,15.690361,8.773734,2025-10-12 21:17:22
1572,10,30000,1500,0.656000,8.936815,13792.472174,5.827201,15.690361,8.773837,2025-10-12 21:17:31
1573,10,30000,1500,0.658000,9.038281,13801.510455,5.827201,15.690361,8.774005,2025-10-12 21:17:40
1574,10,30000,1500,0.712667,8.893955,13810.404410,5.827201,15.690361,8.774082,2025-10-12 21:17:49
1575,10,30000,1500,0.687333,8.965755,13819.370165,5.827201,15.690361,8.774203,2025-10-12 21:17:58
1576,10,30000,1500,0.688000,9.480358,13828.850522,5.827201,15.690361,8.774651,2025-10-12 21:18:07
1577,10,30000,1500,0.708000,9.521829,13838.372352,5.827201,15.690361,8.775125,2025-10-12 21:18:17
1578,10,30000,1500,0.713333,9.356730,13847.729082,5.827201,15.690361,8.775494,2025-10-12 21:18:26
1579,10,30000,1500,0.690000,9.055975,13856.785056,5.827201,15.690361,8.775671,2025-10-12 21:18:35
1580,10,30000,1500,0.620667,8.798405,13865.583461,5.827201,15.690361,8.775686,2025-10-12 21:18:44
1581,10,30000,1500,0.722000,8.962585,13874.546046,5.827201,15.690361,8.775804,2025-10-12 21:18:53
1582,10,30000,1500,0.654000,9.216947,13883.762993,5.827201,15.690361,8.776083,2025-10-12 21:19:02
1583,10,30000,1500,0.674667,8.891962,13892.654955,5.827201,15.690361,8.776156,2025-10-12 21:19:11
1584,10,30000,1500,0.713333,9.145632,13901.800587,5.827201,15.690361,8.776389,2025-10-12 21:19:20
1585,10,30000,1500,0.687333,9.254435,13911.055023,5.827201,15.690361,8.776691,2025-10-12 21:19:29
1586,10,30000,1500,0.656000,9.294090,13920.349113,5.827201,15.690361,8.777017,2025-10-12 21:19:39
1587,10,30000,1500,0.650667,9.385963,13929.735076,5.827201,15.690361,8.777401,2025-10-12 21:19:48
1588,10,30000,1500,0.612667,8.913337,13938.648413,5.827201,15.690361,8.777486,2025-10-12 21:19:57
1589,10,30000,1500,0.630667,9.220059,13947.868472,5.827201,15.690361,8.777765,2025-10-12 21:20:06
1590,10,30000,1500,0.651333,9.076863,13956.945335,5.827201,15.690361,8.777953,2025-10-12 21:20:15
1591,10,30000,1500,0.550000,9.222412,13966.167747,5.827201,15.690361,8.778232,2025-10-12 21:20:25
1592,10,30000,1500,0.622667,8.841124,13975.008871,5.827201,15.690361,8.778272,2025-10-12 21:20:33
1593,10,30000,1500,0.602667,8.921959,13983.930830,5.827201,15.690361,8.778362,2025-10-12 21:20:42
1594,10,30000,1500,0.666000,9.042874,13992.973704,5.827201,15.690361,8.778528,2025-10-12 21:20:51
1595,10,30000,1500,0.633333,8.594848,14001.568552,5.827201,15.690361,8.778413,2025-10-12 21:21:00
1596,10,30000,1500,0.624667,8.937293,14010.505844,5.827201,15.690361,8.778512,2025-10-12 21:21:09
1597,10,30000,1500,0.669333,8.431601,14018.937446,5.827201,15.690361,8.778295,2025-10-12 21:21:17
1598,10,30000,1500,0.617333,9.054580,14027.992026,5.827201,15.690361,8.778468,2025-10-12 21:21:26
1599,10,30000,1500,0.578667,9.133724,14037.125750,5.827201,15.690361,8.778690,2025-10-12 21:21:35
1600,10,30000,1500,0.650000,9.032018,14046.157768,5.827201,15.690361,8.778849,2025-10-12 21:21:45
1601,10,30000,1500,0.604667,8.985440,14055.143208,5.827201,15.690361,8.778978,2025-10-12 21:21:54
1602,10,30000,1500,0.559333,8.751869,14063.895077,5.827201,15.690361,8.778961,2025-10-12 21:22:02
1603,10,30000,1500,0.644667,8.944695,14072.839772,5.827201,15.690361,8.779064,2025-10-12 21:22:11
1604,10,30000,1500,0.634667,9.104805,14081.944577,5.827201,15.690361,8.779267,2025-10-12 21:22:20
1605,10,30000,1500,0.592000,8.782171,14090.726748,5.827201,15.690361,8.779269,2025-10-12 21:22:29
1606,10,30000,1500,0.611333,9.168863,14099.895611,5.827201,15.690361,8.779512,2025-10-12 21:22:38
1607,10,30000,1500,0.604667,9.197242,14109.092853,5.827201,15.690361,8.779772,2025-10-12 21:22:47
1608,10,30000,1500,0.582000,9.233500,14118.326353,5.827201,15.690361,8.780054,2025-10-12 21:22:57
1609,10,30000,1500,0.622000,8.980745,14127.307098,5.827201,15.690361,8.780178,2025-10-12 21:23:06
1610,10,30000,1500,0.548667,9.330520,14136.637618,5.827201,15.690361,8.780520,2025-10-12 21:23:15
1611,10,30000,1500,0.614000,8.883787,14145.521404,5.827201,15.690361,8.780584,2025-10-12 21:23:24
1612,10,30000,1500,0.678000,9.070351,14154.591755,5.827201,15.690361,8.780764,2025-10-12 21:23:33
1613,10,30000,1500,0.652667,8.814586,14163.406341,5.827201,15.690361,8.780785,2025-10-12 21:23:42
1614,10,30000,1500,0.639333,9.128167,14172.534509,5.827201,15.690361,8.781000,2025-10-12 21:23:51
1615,10,30000,1500,0.712667,8.904770,14181.439279,5.827201,15.690361,8.781077,2025-10-12 21:24:00
1616,10,30000,1500,0.606000,8.984381,14190.423660,5.827201,15.690361,8.781203,2025-10-12 21:24:09
1617,10,30000,1500,0.656667,9.024173,14199.447833,5.827201,15.690361,8.781353,2025-10-12 21:24:18
1618,10,30000,1500,0.672667,9.123737,14208.571570,5.827201,15.690361,8.781565,2025-10-12 21:24:27
1619,10,30000,1500,0.698000,8.668421,14217.239992,5.827201,15.690361,8.781495,2025-10-12 21:24:36
1620,10,30000,1500,0.722667,9.182152,14226.422143,5.827201,15.690361,8.781742,2025-10-12 21:24:45
1621,10,30000,1500,0.701333,8.922167,14235.344311,5.827201,15.690361,8.781829,2025-10-12 21:24:54
1622,10,30000,1500,0.618000,8.907861,14244.252172,5.827201,15.690361,8.781906,2025-10-12 21:25:03
1623,10,30000,1500,0.605333,8.688088,14252.940261,5.827201,15.690361,8.781849,2025-10-12 21:25:11
1624,10,30000,1500,0.663333,9.147090,14262.087351,5.827201,15.690361,8.782073,2025-10-12 21:25:21
1625,10,30000,1500,0.646000,9.256905,14271.344256,5.827201,15.690361,8.782366,2025-10-12 21:25:30
1626,10,30000,1500,0.694667,9.030737,14280.374993,5.827201,15.690361,8.782518,2025-10-12 21:25:39
1627,10,30000,1500,0.636000,8.862210,14289.237203,5.827201,15.690361,8.782567,2025-10-12 21:25:48
1628,10,30000,1500,0.598667,8.993798,14298.231001,5.827201,15.690361,8.782697,2025-10-12 21:25:57
1629,10,30000,1500,0.630667,8.855740,14307.086741,5.827201,15.690361,8.782742,2025-10-12 21:26:06
1630,10,30000,1500,0.616667,8.418803,14315.505544,5.827201,15.690361,8.782519,2025-10-12 21:26:14
1631,10,30000,1500,0.652000,9.100716,14324.606260,5.827201,15.690361,8.782714,2025-10-12 21:26:23
1632,10,30000,1500,0.648667,9.123419,14333.729680,5.827201,15.690361,8.782923,2025-10-12 21:26:32
1633,10,30000,1500,0.658000,9.172224,14342.901904,5.827201,15.690361,8.783161,2025-10-12 21:26:41
1634,10,30000,1500,0.676000,9.056849,14351.958753,5.827201,15.690361,8.783328,2025-10-12 21:26:50
1635,10,30000,1500,0.624667,8.924341,14360.883094,5.827201,15.690361,8.783415,2025-10-12 21:26:59
1636,10,30000,1500,0.592000,9.007506,14369.890600,5.827201,15.690361,8.783552,2025-10-12 21:27:08
1637,10,30000,1500,0.687333,8.653423,14378.544023,5.827201,15.690361,8.783472,2025-10-12 21:27:17
1638,10,30000,1500,0.607333,9.065658,14387.609682,5.827201,15.690361,8.783644,2025-10-12 21:27:26
1639,10,30000,1500,0.678000,8.980210,14396.589891,5.827201,15.690361,8.783764,2025-10-12 21:27:35
1640,10,30000,1500,0.659333,9.232475,14405.822367,5.827201,15.690361,8.784038,2025-10-12 21:27:44
1641,10,30000,1500,0.652667,8.905169,14414.727535,5.827201,15.690361,8.784112,2025-10-12 21:27:53
1642,10,30000,1500,0.635333,9.352912,14424.080447,5.827201,15.690361,8.784458,2025-10-12 21:28:03
1643,10,30000,1500,0.673333,9.377346,14433.457793,5.827201,15.690361,8.784819,2025-10-12 21:28:12
1644,10,30000,1500,0.628667,8.919935,14442.377728,5.827201,15.690361,8.784901,2025-10-12 21:28:21
1645,10,30000,1500,0.702667,9.132394,14451.510123,5.827201,15.690361,8.785113,2025-10-12 21:28:30
1646,10,30000,1500,0.649333,8.649517,14460.159640,5.827201,15.690361,8.785030,2025-10-12 21:28:39
1647,10,30000,1500,0.632000,8.697880,14468.857520,5.827201,15.690361,8.784977,2025-10-12 21:28:47
1648,10,30000,1500,0.681333,8.922126,14477.779645,5.827201,15.690361,8.785060,2025-10-12 21:28:56
1649,10,30000,1500,0.635333,8.658709,14486.438355,5.827201,15.690361,8.784984,2025-10-12 21:29:05
1650,10,30000,1500,0.716667,9.408763,14495.847117,5.827201,15.690361,8.785362,2025-10-12 21:29:14
1651,10,30000,1500,0.700000,8.604069,14504.451187,5.827201,15.690361,8.785252,2025-10-12 21:29:23
1652,10,30000,1500,0.675333,9.046369,14513.497556,5.827201,15.690361,8.785410,2025-10-12 21:29:32
1653,10,30000,1500,0.653333,8.984973,14522.482529,5.827201,15.690361,8.785531,2025-10-12 21:29:41
1654,10,30000,1500,0.601333,8.608300,14531.090829,5.827201,15.690361,8.785424,2025-10-12 21:29:50
1655,10,30000,1500,0.628667,9.117864,14540.208693,5.827201,15.690361,8.785625,2025-10-12 21:29:59
1656,10,30000,1500,0.630000,8.996785,14549.205478,5.827201,15.690361,8.785752,2025-10-12 21:30:08
1657,10,30000,1500,0.591333,9.146152,14558.351630,5.827201,15.690361,8.785970,2025-10-12 21:30:17
1658,10,30000,1500,0.568667,9.057850,14567.409480,5.827201,15.690361,8.786134,2025-10-12 21:30:26
1659,10,30000,1500,0.626000,8.669278,14576.078758,5.827201,15.690361,8.786063,2025-10-12 21:30:35
1660,10,30000,1500,0.661333,9.101107,14585.179866,5.827201,15.690361,8.786253,2025-10-12 21:30:44
1661,10,30000,1500,0.644667,9.119600,14594.299465,5.827201,15.690361,8.786454,2025-10-12 21:30:53
1662,10,30000,1500,0.600667,8.979488,14603.278953,5.827201,15.690361,8.786570,2025-10-12 21:31:02
1663,10,30000,1500,0.632667,8.561308,14611.840261,5.827201,15.690361,8.786434,2025-10-12 21:31:10
1664,10,30000,1500,0.696000,9.171563,14621.011824,5.827201,15.690361,8.786666,2025-10-12 21:31:20
1665,10,30000,1500,0.702000,8.974648,14629.986472,5.827201,15.690361,8.786779,2025-10-12 21:31:29
1666,10,30000,1500,0.664667,8.827329,14638.813801,5.827201,15.690361,8.786803,2025-10-12 21:31:37
1667,10,30000,1500,0.704000,8.809510,14647.623311,5.827201,15.690361,8.786817,2025-10-12 21:31:46
1668,10,30000,1500,0.654000,9.279152,14656.902463,5.827201,15.690361,8.787112,2025-10-12 21:31:55
1669,10,30000,1500,0.609333,8.733454,14665.635917,5.827201,15.690361,8.787080,2025-10-12 21:32:04
1670,10,30000,1500,0.657333,8.775634,14674.411551,5.827201,15.690361,8.787073,2025-10-12 21:32:13
1671,10,30000,1500,0.681333,9.488082,14683.899633,5.827201,15.690361,8.787492,2025-10-12 21:32:22
1672,10,30000,1500,0.616667,8.851307,14692.750940,5.827201,15.690361,8.787530,2025-10-12 21:32:31
1673,10,30000,1500,0.680000,9.123255,14701.874195,5.827201,15.690361,8.787731,2025-10-12 21:32:40
1674,10,30000,1500,0.617333,8.678108,14710.552302,5.827201,15.690361,8.787666,2025-10-12 21:32:49
1675,10,30000,1500,0.683333,8.902394,14719.454696,5.827201,15.690361,8.787734,2025-10-12 21:32:58
1676,10,30000,1500,0.684000,8.888977,14728.343673,5.827201,15.690361,8.787795,2025-10-12 21:33:07
1677,10,30000,1500,0.684667,8.728099,14737.071772,5.827201,15.690361,8.787759,2025-10-12 21:33:16
1678,10,30000,1500,0.688000,9.454812,14746.526584,5.827201,15.690361,8.788156,2025-10-12 21:33:25
1679,10,30000,1500,0.701333,9.237937,14755.764521,5.827201,15.690361,8.788424,2025-10-12 21:33:34
1680,10,30000,1500,0.777333,9.152093,14764.916614,5.827201,15.690361,8.788641,2025-10-12 21:33:43
1681,10,30000,1500,0.749333,8.243465,14773.160079,5.827201,15.690361,8.788317,2025-10-12 21:33:52
1682,10,30000,1500,0.770667,9.060038,14782.220117,5.827201,15.690361,8.788478,2025-10-12 21:34:01
1683,10,30000,1500,0.612667,9.484938,14791.705055,5.827201,15.690361,8.788892,2025-10-12 21:34:10
1684,10,30000,1500,0.653333,9.032797,14800.737853,5.827201,15.690361,8.789037,2025-10-12 21:34:19
1685,10,30000,1500,0.684000,9.006768,14809.744621,5.827201,15.690361,8.789166,2025-10-12 21:34:28
1686,10,30000,1500,0.654667,8.776589,14818.521210,5.827201,15.690361,8.789158,2025-10-12 21:34:37
1687,10,30000,1500,0.682000,9.173927,14827.695137,5.827201,15.690361,8.789387,2025-10-12 21:34:46
1688,10,30000,1500,0.773333,9.046559,14836.741696,5.827201,15.690361,8.789539,2025-10-12 21:34:55
1689,10,30000,1500,0.689333,9.301465,14846.043161,5.827201,15.690361,8.789842,2025-10-12 21:35:05
1690,10,30000,1500,0.614667,9.197759,14855.240920,5.827201,15.690361,8.790083,2025-10-12 21:35:14
1691,10,30000,1500,0.676000,9.112786,14864.353706,5.827201,15.690361,8.790274,2025-10-12 21:35:23
1692,10,30000,1500,0.656000,9.093558,14873.447264,5.827201,15.690361,8.790453,2025-10-12 21:35:32
1693,10,30000,1500,0.614000,8.573298,14882.020562,5.827201,15.690361,8.790325,2025-10-12 21:35:41
1694,10,30000,1500,0.627333,9.145375,14891.165937,5.827201,15.690361,8.790535,2025-10-12 21:35:50
1695,10,30000,1500,0.656667,8.659187,14899.825124,5.827201,15.690361,8.790457,2025-10-12 21:35:58
1696,10,30000,1500,0.713333,8.664386,14908.489510,5.827201,15.690361,8.790383,2025-10-12 21:36:07
1697,10,30000,1500,0.707333,8.578709,14917.068219,5.827201,15.690361,8.790258,2025-10-12 21:36:16
1698,10,30000,1500,0.677333,8.761929,14925.830148,5.827201,15.690361,8.790242,2025-10-12 21:36:24
1699,10,30000,1500,0.626667,9.314524,14935.144672,5.827201,15.690361,8.790550,2025-10-12 21:36:34
1700,10,30000,1500,0.674000,8.948879,14944.093551,5.827201,15.690361,8.790643,2025-10-12 21:36:43
1701,10,30000,1500,0.696000,8.727863,14952.821414,5.827201,15.690361,8.790606,2025-10-12 21:36:51
1702,10,30000,1500,0.642667,8.743265,14961.564679,5.827201,15.690361,8.790579,2025-10-12 21:37:00
1703,10,30000,1500,0.706000,8.587230,14970.151908,5.827201,15.690361,8.790459,2025-10-12 21:37:09
1704,10,30000,1500,0.615333,9.094355,14979.246263,5.827201,15.690361,8.790637,2025-10-12 21:37:18
1705,10,30000,1500,0.643333,8.444304,14987.690567,5.827201,15.690361,8.790434,2025-10-12 21:37:26
1706,10,30000,1500,0.635333,9.616179,14997.306747,5.827201,15.690361,8.790918,2025-10-12 21:37:36
1707,10,30000,1500,0.598667,9.154460,15006.461206,5.827201,15.690361,8.791131,2025-10-12 21:37:45
1708,10,30000,1500,0.668667,9.321474,15015.782680,5.827201,15.690361,8.791442,2025-10-12 21:37:54
1709,10,30000,1500,0.668000,9.050275,15024.832956,5.827201,15.690361,8.791593,2025-10-12 21:38:03
1710,10,30000,1500,0.639333,8.643336,15033.476291,5.827201,15.690361,8.791507,2025-10-12 21:38:12
1711,10,30000,1500,0.680667,8.847860,15042.324151,5.827201,15.690361,8.791540,2025-10-12 21:38:21
1712,10,30000,1500,0.724000,8.974766,15051.298918,5.827201,15.690361,8.791647,2025-10-12 21:38:30
1713,10,30000,1500,0.685333,9.555775,15060.854692,5.827201,15.690361,8.792093,2025-10-12 21:38:40
1714,10,30000,1500,0.753333,8.707152,15069.561844,5.827201,15.690361,8.792043,2025-10-12 21:38:48
1715,10,30000,1500,0.732000,9.022517,15078.584361,5.827201,15.690361,8.792177,2025-10-12 21:38:57
1716,10,30000,1500,0.702000,9.162757,15087.747118,5.827201,15.690361,8.792393,2025-10-12 21:39:06
1717,10,30000,1500,0.734667,8.996153,15096.743271,5.827201,15.690361,8.792512,2025-10-12 21:39:15
1718,10,30000,1500,0.754667,9.127527,15105.870798,5.827201,15.690361,8.792707,2025-10-12 21:39:25
1719,10,30000,1500,0.775333,8.933888,15114.804686,5.827201,15.690361,8.792789,2025-10-12 21:39:33
1720,10,30000,1500,0.713333,9.163054,15123.967740,5.827201,15.690361,8.793005,2025-10-12 21:39:43
1721,10,30000,1500,0.719333,8.669245,15132.636985,5.827201,15.690361,8.792933,2025-10-12 21:39:51
1722,10,30000,1500,0.684000,8.824054,15141.461038,5.827201,15.690361,8.792951,2025-10-12 21:40:00
1723,10,30000,1500,0.614667,8.783202,15150.244240,5.827201,15.690361,8.792945,2025-10-12 21:40:09
1724,10,30000,1500,0.761333,9.047626,15159.291866,5.827201,15.690361,8.793093,2025-10-12 21:40:18
1725,10,30000,1500,0.712000,9.390502,15168.682368,5.827201,15.690361,8.793439,2025-10-12 21:40:27
1726,10,30000,1500,0.656667,8.807352,15177.489721,5.827201,15.690361,8.793447,2025-10-12 21:40:36
1727,10,30000,1500,0.666667,9.104051,15186.593771,5.827201,15.690361,8.793627,2025-10-12 21:40:45
1728,10,30000,1500,0.672667,8.950758,15195.544529,5.827201,15.690361,8.793718,2025-10-12 21:40:54
1729,10,30000,1500,0.596667,8.338981,15203.883510,5.827201,15.690361,8.793455,2025-10-12 21:41:03
1730,10,30000,1500,0.764000,8.887415,15212.770925,5.827201,15.690361,8.793509,2025-10-12 21:41:11
1731,10,30000,1500,0.682000,9.258043,15222.028967,5.827201,15.690361,8.793778,2025-10-12 21:41:21
1732,10,30000,1500,0.745333,9.151127,15231.180094,5.827201,15.690361,8.793984,2025-10-12 21:41:30
1733,10,30000,1500,0.712000,8.494977,15239.675071,5.827201,15.690361,8.793811,2025-10-12 21:41:38
1734,10,30000,1500,0.648667,9.307351,15248.982422,5.827201,15.690361,8.794108,2025-10-12 21:41:48
1735,10,30000,1500,0.726000,8.630747,15257.613169,5.827201,15.690361,8.794013,2025-10-12 21:41:56
1736,10,30000,1500,0.723333,9.636976,15267.250144,5.827201,15.690361,8.794499,2025-10-12 21:42:06
1737,10,30000,1500,0.748667,8.543521,15275.793665,5.827201,15.690361,8.794354,2025-10-12 21:42:15
1738,10,30000,1500,0.650667,9.026417,15284.820082,5.827201,15.690361,8.794488,2025-10-12 21:42:24
1739,10,30000,1500,0.666000,9.412558,15294.232640,5.827201,15.690361,8.794843,2025-10-12 21:42:33
1740,10,30000,1500,0.651333,8.988711,15303.221351,5.827201,15.690361,8.794955,2025-10-12 21:42:42
1741,10,30000,1500,0.658667,9.038515,15312.259866,5.827201,15.690361,8.795095,2025-10-12 21:42:51
1742,10,30000,1500,0.690000,8.582976,15320.842842,5.827201,15.690361,8.794973,2025-10-12 21:43:00
1743,10,30000,1500,0.584667,9.406723,15330.249565,5.827201,15.690361,8.795324,2025-10-12 21:43:09
1744,10,30000,1500,0.653333,8.939269,15339.188834,5.827201,15.690361,8.795406,2025-10-12 21:43:18
1745,10,30000,1500,0.822000,9.500177,15348.689011,5.827201,15.690361,8.795810,2025-10-12 21:43:27
1746,10,30000,1500,0.710667,9.201329,15357.890340,5.827201,15.690361,8.796043,2025-10-12 21:43:37
1747,10,30000,1500,0.696667,8.860592,15366.750933,5.827201,15.690361,8.796080,2025-10-12 21:43:45
1748,10,30000,1500,0.698000,9.475039,15376.225971,5.827201,15.690361,8.796468,2025-10-12 21:43:55
1749,10,30000,1500,0.674000,9.089908,15385.315879,5.827201,15.690361,8.796636,2025-10-12 21:44:04
1750,10,30000,1500,0.602000,9.343815,15394.659694,5.827201,15.690361,8.796948,2025-10-12 21:44:13
1751,10,30000,1500,0.810667,9.014786,15403.674480,5.827201,15.690361,8.797073,2025-10-12 21:44:22
1752,10,30000,1500,0.790667,8.673382,15412.347862,5.827201,15.690361,8.797002,2025-10-12 21:44:31
1753,10,30000,1500,0.802000,8.817802,15421.165664,5.827201,15.690361,8.797014,2025-10-12 21:44:40
1754,10,30000,1500,0.740667,9.172693,15430.338357,5.827201,15.690361,8.797228,2025-10-12 21:44:49
1755,10,30000,1500,0.712667,9.223626,15439.561983,5.827201,15.690361,8.797471,2025-10-12 21:44:58
1756,10,30000,1500,0.729333,8.823530,15448.385513,5.827201,15.690361,8.797486,2025-10-12 21:45:07
1757,10,30000,1500,0.706667,9.291974,15457.677487,5.827201,15.690361,8.797767,2025-10-12 21:45:16
1758,10,30000,1500,0.710000,8.821950,15466.499436,5.827201,15.690361,8.797781,2025-10-12 21:45:25
1759,10,30000,1500,0.614667,9.227832,15475.727269,5.827201,15.690361,8.798026,2025-10-12 21:45:34
1760,10,30000,1500,0.707333,8.622318,15484.349587,5.827201,15.690361,8.797926,2025-10-12 21:45:43
1761,10,30000,1500,0.631333,8.895438,15493.245025,5.827201,15.690361,8.797981,2025-10-12 21:45:52
1762,10,30000,1500,0.667333,8.916513,15502.161538,5.827201,15.690361,8.798049,2025-10-12 21:46:01
1763,10,30000,1500,0.660667,8.773958,15510.935496,5.827201,15.690361,8.798035,2025-10-12 21:46:10
1764,10,30000,1500,0.591333,8.908930,15519.844427,5.827201,15.690361,8.798098,2025-10-12 21:46:19
1765,10,30000,1500,0.607333,8.463818,15528.308245,5.827201,15.690361,8.797908,2025-10-12 21:46:27
1766,10,30000,1500,0.745333,9.618692,15537.926937,5.827201,15.690361,8.798373,2025-10-12 21:46:37
1767,10,30000,1500,0.730667,9.075120,15547.002057,5.827201,15.690361,8.798530,2025-10-12 21:46:46
1768,10,30000,1500,0.740000,9.022855,15556.024912,5.827201,15.690361,8.798657,2025-10-12 21:46:55
1769,10,30000,1500,0.742000,8.966125,15564.991037,5.827201,15.690361,8.798751,2025-10-12 21:47:04
1770,10,30000,1500,0.664000,9.250875,15574.241912,5.827201,15.690361,8.799007,2025-10-12 21:47:13
1771,10,30000,1500,0.656667,9.225763,15583.467675,5.827201,15.690361,8.799248,2025-10-12 21:47:22
1772,10,30000,1500,0.656000,8.286485,15591.754160,5.827201,15.690361,8.798958,2025-10-12 21:47:31
1773,10,30000,1500,0.702667,9.213523,15600.967683,5.827201,15.690361,8.799192,2025-10-12 21:47:40
1774,10,30000,1500,0.600000,9.130454,15610.098137,5.827201,15.690361,8.799379,2025-10-12 21:47:49
1775,10,30000,1500,0.621333,9.379848,15619.477984,5.827201,15.690361,8.799706,2025-10-12 21:47:58
1776,10,30000,1500,0.618000,9.274616,15628.752601,5.827201,15.690361,8.799973,2025-10-12 21:48:08
1777,10,30000,1500,0.631333,9.119399,15637.871999,5.827201,15.690361,8.800153,2025-10-12 21:48:17
1778,10,30000,1500,0.638667,8.995687,15646.867686,5.827201,15.690361,8.800263,2025-10-12 21:48:26
1779,10,30000,1500,0.556000,9.007404,15655.875090,5.827201,15.690361,8.800379,2025-10-12 21:48:35
1780,10,30000,1500,0.634000,9.132222,15665.007312,5.827201,15.690361,8.800566,2025-10-12 21:48:44
1781,10,30000,1500,0.729333,8.973614,15673.980926,5.827201,15.690361,8.800663,2025-10-12 21:48:53
1782,10,30000,1500,0.750667,9.055155,15683.036081,5.827201,15.690361,8.800806,2025-10-12 21:49:02
1783,10,30000,1500,0.774000,8.851596,15691.887677,5.827201,15.690361,8.800834,2025-10-12 21:49:11
1784,10,30000,1500,0.679333,9.045053,15700.932730,5.827201,15.690361,8.800971,2025-10-12 21:49:20
1785,10,30000,1500,0.738000,8.945038,15709.877769,5.827201,15.690361,8.801052,2025-10-12 21:49:29
1786,10,30000,1500,0.694667,8.857558,15718.735327,5.827201,15.690361,8.801084,2025-10-12 21:49:38
1787,10,30000,1500,0.684000,8.598151,15727.333478,5.827201,15.690361,8.800970,2025-10-12 21:49:46
1788,10,30000,1500,0.739333,9.070461,15736.403938,5.827201,15.690361,8.801121,2025-10-12 21:49:55
1789,10,30000,1500,0.672667,9.195430,15745.599368,5.827201,15.690361,8.801341,2025-10-12 21:50:04
1790,10,30000,1500,0.674000,9.382386,15754.981754,5.827201,15.690361,8.801666,2025-10-12 21:50:14
1791,10,30000,1500,0.668000,9.014535,15763.996289,5.827201,15.690361,8.801785,2025-10-12 21:50:23
1792,10,30000,1500,0.690667,9.351471,15773.347760,5.827201,15.690361,8.802091,2025-10-12 21:50:32
1793,10,30000,1500,0.650667,8.906559,15782.254319,5.827201,15.690361,8.802150,2025-10-12 21:50:41
1794,10,30000,1500,0.695333,8.884273,15791.138592,5.827201,15.690361,8.802195,2025-10-12 21:50:50
1795,10,30000,1500,0.589333,9.070367,15800.208960,5.827201,15.690361,8.802345,2025-10-12 21:50:59
1796,10,30000,1500,0.661333,9.195914,15809.404873,5.827201,15.690361,8.802564,2025-10-12 21:51:08
1797,10,30000,1500,0.609333,8.961768,15818.366641,5.827201,15.690361,8.802653,2025-10-12 21:51:17
1798,10,30000,1500,0.624000,8.798819,15827.165460,5.827201,15.690361,8.802650,2025-10-12 21:51:26
1799,10,30000,1500,0.666000,9.176491,15836.341950,5.827201,15.690361,8.802858,2025-10-12 21:51:35
1800,10,30000,1500,0.615333,8.984832,15845.326782,5.827201,15.690361,8.802959,2025-10-12 21:51:44
1801,10,30000,1500,0.698000,8.809812,15854.136595,5.827201,15.690361,8.802963,2025-10-12 21:51:53
1802,10,30000,1500,0.682000,8.699032,15862.835627,5.827201,15.690361,8.802905,2025-10-12 21:52:02
1803,10,30000,1500,0.644667,8.659419,15871.495046,5.827201,15.690361,8.802826,2025-10-12 21:52:10
1804,10,30000,1500,0.646000,8.945177,15880.440223,5.827201,15.690361,8.802905,2025-10-12 21:52:19
1805,10,30000,1500,0.594667,9.010021,15889.450244,5.827201,15.690361,8.803020,2025-10-12 21:52:28
1806,10,30000,1500,0.601333,9.010989,15898.461233,5.827201,15.690361,8.803135,2025-10-12 21:52:37
1807,10,30000,1500,0.735333,8.903601,15907.364834,5.827201,15.690361,8.803190,2025-10-12 21:52:46
1808,10,30000,1500,0.662000,9.228007,15916.592841,5.827201,15.690361,8.803425,2025-10-12 21:52:55
1809,10,30000,1500,0.677333,9.219044,15925.811885,5.827201,15.690361,8.803655,2025-10-12 21:53:05
1810,10,30000,1500,0.610667,9.037810,15934.849694,5.827201,15.690361,8.803784,2025-10-12 21:53:14
1811,10,30000,1500,0.597333,8.979221,15943.828916,5.827201,15.690361,8.803881,2025-10-12 21:53:23
1812,10,30000,1500,0.716000,9.163630,15952.992546,5.827201,15.690361,8.804080,2025-10-12 21:53:32
1813,10,30000,1500,0.700000,9.209498,15962.202044,5.827201,15.690361,8.804303,2025-10-12 21:53:41
1814,10,30000,1500,0.690667,9.052286,15971.254330,5.827201,15.690361,8.804440,2025-10-12 21:53:50
1815,10,30000,1500,0.619333,8.916927,15980.171257,5.827201,15.690361,8.804502,2025-10-12 21:53:59
1816,10,30000,1500,0.643333,8.638055,15988.809312,5.827201,15.690361,8.804410,2025-10-12 21:54:08
1817,10,30000,1500,0.607333,9.192002,15998.001314,5.827201,15.690361,8.804624,2025-10-12 21:54:17
1818,10,30000,1500,0.664000,9.042195,16007.043508,5.827201,15.690361,8.804754,2025-10-12 21:54:26
1819,10,30000,1500,0.600000,9.208611,16016.252120,5.827201,15.690361,8.804976,2025-10-12 21:54:35
1820,10,30000,1500,0.570000,9.141613,16025.393733,5.827201,15.690361,8.805161,2025-10-12 21:54:44
1821,10,30000,1500,0.609333,9.119028,16034.512761,5.827201,15.690361,8.805334,2025-10-12 21:54:53
1822,10,30000,1500,0.682000,9.261179,16043.773939,5.827201,15.690361,8.805584,2025-10-12 21:55:03
1823,10,30000,1500,0.620667,9.111684,16052.885624,5.827201,15.690361,8.805752,2025-10-12 21:55:12
1824,10,30000,1500,0.647333,9.192486,16062.078109,5.827201,15.690361,8.805964,2025-10-12 21:55:21
1825,10,30000,1500,0.638000,8.664793,16070.742903,5.827201,15.690361,8.805887,2025-10-12 21:55:30
1826,10,30000,1500,0.588667,9.366651,16080.109553,5.827201,15.690361,8.806194,2025-10-12 21:55:39
1827,10,30000,1500,0.632000,9.311922,16089.421475,5.827201,15.690361,8.806470,2025-10-12 21:55:48
1828,10,30000,1500,0.628000,9.114596,16098.536071,5.827201,15.690361,8.806639,2025-10-12 21:55:57
1829,10,30000,1500,0.646667,9.324129,16107.860200,5.827201,15.690361,8.806922,2025-10-12 21:56:07
1830,10,30000,1500,0.607333,8.876585,16116.736785,5.827201,15.690361,8.806960,2025-10-12 21:56:16
1831,10,30000,1500,0.569333,8.831948,16125.568733,5.827201,15.690361,8.806974,2025-10-12 21:56:25
1832,10,30000,1500,0.599333,9.374478,16134.943211,5.827201,15.690361,8.807283,2025-10-12 21:56:34
1833,10,30000,1500,0.637333,8.566728,16143.509939,5.827201,15.690361,8.807152,2025-10-12 21:56:42
1834,10,30000,1500,0.579333,8.904517,16152.414455,5.827201,15.690361,8.807205,2025-10-12 21:56:51
1835,10,30000,1500,0.566000,8.885961,16161.300416,5.827201,15.690361,8.807248,2025-10-12 21:57:00
1836,10,30000,1500,0.630667,9.385703,16170.686119,5.827201,15.690361,8.807563,2025-10-12 21:57:10
1837,10,30000,1500,0.667333,8.960158,16179.646277,5.827201,15.690361,8.807646,2025-10-12 21:57:19
1838,10,30000,1500,0.688000,9.532182,16189.178459,5.827201,15.690361,8.808041,2025-10-12 21:57:28
1839,10,30000,1500,0.708000,9.081045,16198.259504,5.827201,15.690361,8.808189,2025-10-12 21:57:37
1840,10,30000,1500,0.617333,8.475683,16206.735187,5.827201,15.690361,8.808008,2025-10-12 21:57:46
1841,10,30000,1500,0.633333,8.356725,16215.091912,5.827201,15.690361,8.807763,2025-10-12 21:57:54
1842,10,30000,1500,0.576667,8.704007,16223.795919,5.827201,15.690361,8.807707,2025-10-12 21:58:03
1843,10,30000,1500,0.634000,8.971315,16232.767234,5.827201,15.690361,8.807796,2025-10-12 21:58:12
1844,10,30000,1500,0.652000,8.703720,16241.470954,5.827201,15.690361,8.807739,2025-10-12 21:58:20
1845,10,30000,1500,0.601333,9.117440,16250.588394,5.827201,15.690361,8.807907,2025-10-12 21:58:30
1846,10,30000,1500,0.626000,8.634465,16259.222859,5.827201,15.690361,8.807813,2025-10-12 21:58:38
1847,10,30000,1500,0.646000,9.080597,16268.303456,5.827201,15.690361,8.807961,2025-10-12 21:58:47
1848,10,30000,1500,0.672667,9.414314,16277.717770,5.827201,15.690361,8.808289,2025-10-12 21:58:57
1849,10,30000,1500,0.682667,8.369103,16286.086873,5.827201,15.690361,8.808051,2025-10-12 21:59:05
1850,10,30000,1500,0.656000,9.108078,16295.194951,5.827201,15.690361,8.808213,2025-10-12 21:59:14
1851,10,30000,1500,0.601333,8.610920,16303.805871,5.827201,15.690361,8.808107,2025-10-12 21:59:23
1852,10,30000,1500,0.688000,9.294612,16313.100483,5.827201,15.690361,8.808370,2025-10-12 21:59:32
1853,10,30000,1500,0.598667,8.621307,16321.721790,5.827201,15.690361,8.808269,2025-10-12 21:59:41
1854,10,30000,1500,0.634667,9.320648,16331.042438,5.827201,15.690361,8.808545,2025-10-12 21:59:50
1855,10,30000,1500,0.679333,9.449013,16340.491450,5.827201,15.690361,8.808890,2025-10-12 21:59:59
1856,10,30000,1500,0.641333,9.077873,16349.569324,5.827201,15.690361,8.809035,2025-10-12 22:00:09
1857,10,30000,1500,0.726000,9.146393,16358.715717,5.827201,15.690361,8.809217,2025-10-12 22:00:18
1858,10,30000,1500,0.730000,8.665732,16367.381449,5.827201,15.690361,8.809140,2025-10-12 22:00:26
1859,10,30000,1500,0.728000,9.494781,16376.876230,5.827201,15.690361,8.809508,2025-10-12 22:00:36
1860,10,30000,1500,0.668667,8.980844,16385.857074,5.827201,15.690361,8.809601,2025-10-12 22:00:45
1861,10,30000,1500,0.654667,9.145970,16395.003044,5.827201,15.690361,8.809781,2025-10-12 22:00:54
1862,10,30000,1500,0.660000,8.621112,16403.624156,5.827201,15.690361,8.809680,2025-10-12 22:01:03
1863,10,30000,1500,0.639333,8.818674,16412.442830,5.827201,15.690361,8.809685,2025-10-12 22:01:11
1864,10,30000,1500,0.648667,9.455328,16421.898158,5.827201,15.690361,8.810031,2025-10-12 22:01:21
1865,10,30000,1500,0.577333,8.747491,16430.645649,5.827201,15.690361,8.809998,2025-10-12 22:01:30
1866,10,30000,1500,0.635333,9.239150,16439.884799,5.827201,15.690361,8.810228,2025-10-12 22:01:39
1867,10,30000,1500,0.600667,8.855496,16448.740295,5.827201,15.690361,8.810252,2025-10-12 22:01:48
1868,10,30000,1500,0.648667,9.526925,16458.267220,5.827201,15.690361,8.810636,2025-10-12 22:01:57
1869,10,30000,1500,0.588000,8.643738,16466.910958,5.827201,15.690361,8.810546,2025-10-12 22:02:06
1870,10,30000,1500,0.554667,8.439950,16475.350908,5.827201,15.690361,8.810348,2025-10-12 22:02:14
1871,10,30000,1500,0.609333,8.758216,16484.109124,5.827201,15.690361,8.810320,2025-10-12 22:02:23
1872,10,30000,1500,0.745333,8.408432,16492.517557,5.827201,15.690361,8.810106,2025-10-12 22:02:32
1873,10,30000,1500,0.720667,9.100339,16501.617896,5.827201,15.690361,8.810260,2025-10-12 22:02:41
1874,10,30000,1500,0.706667,8.854172,16510.472068,5.827201,15.690361,8.810284,2025-10-12 22:02:50
1875,10,30000,1500,0.641333,9.339407,16519.811475,5.827201,15.690361,8.810566,2025-10-12 22:02:59
1876,10,30000,1500,0.736667,8.609759,16528.421234,5.827201,15.690361,8.810459,2025-10-12 22:03:07
1877,10,30000,1500,0.646000,8.994932,16537.416167,5.827201,15.690361,8.810557,2025-10-12 22:03:16
1878,10,30000,1500,0.710667,9.549656,16546.965822,5.827201,15.690361,8.810951,2025-10-12 22:03:26
1879,10,30000,1500,0.665333,8.902134,16555.867956,5.827201,15.690361,8.810999,2025-10-12 22:03:35
1880,10,30000,1500,0.653333,9.137783,16565.005738,5.827201,15.690361,8.811173,2025-10-12 22:03:44
1881,10,30000,1500,0.639333,8.741636,16573.747375,5.827201,15.690361,8.811136,2025-10-12 22:03:53
1882,10,30000,1500,0.659333,9.498597,16583.245971,5.827201,15.690361,8.811502,2025-10-12 22:04:02
1883,10,30000,1500,0.661333,9.085427,16592.331399,5.827201,15.690361,8.811647,2025-10-12 22:04:11
1884,10,30000,1500,0.661333,9.006254,16601.337653,5.827201,15.690361,8.811750,2025-10-12 22:04:20
1885,10,30000,1500,0.632667,9.435133,16610.772786,5.827201,15.690361,8.812081,2025-10-12 22:04:30
1886,10,30000,1500,0.558000,8.631651,16619.404437,5.827201,15.690361,8.811985,2025-10-12 22:04:38
1887,10,30000,1500,0.630000,8.924250,16628.328687,5.827201,15.690361,8.812045,2025-10-12 22:04:47
1888,10,30000,1500,0.588667,8.519811,16636.848498,5.827201,15.690361,8.811890,2025-10-12 22:04:56
1889,10,30000,1500,0.658000,9.514829,16646.363326,5.827201,15.690361,8.812262,2025-10-12 22:05:05
1890,10,30000,1500,0.647333,8.693053,16655.056380,5.827201,15.690361,8.812199,2025-10-12 22:05:14
1891,10,30000,1500,0.582667,8.961631,16664.018011,5.827201,15.690361,8.812278,2025-10-12 22:05:23
1892,10,30000,1500,0.662000,9.445080,16673.463091,5.827201,15.690361,8.812613,2025-10-12 22:05:33
1893,10,30000,1500,0.664000,8.900899,16682.363990,5.827201,15.690361,8.812659,2025-10-12 22:05:41
1894,10,30000,1500,0.678000,9.547012,16691.911002,5.827201,15.690361,8.813047,2025-10-12 22:05:51
1895,10,30000,1500,0.596667,8.737925,16700.648927,5.827201,15.690361,8.813007,2025-10-12 22:06:00
1896,10,30000,1500,0.660667,9.240709,16709.889636,5.827201,15.690361,8.813233,2025-10-12 22:06:09
1897,10,30000,1500,0.610000,8.883585,16718.773221,5.827201,15.690361,8.813270,2025-10-12 22:06:18
1898,10,30000,1500,0.682667,8.711758,16727.484979,5.827201,15.690361,8.813217,2025-10-12 22:06:27
1899,10,30000,1500,0.648667,9.106625,16736.591603,5.827201,15.690361,8.813371,2025-10-12 22:06:36
1900,10,30000,1500,0.601333,8.913097,16745.504700,5.827201,15.690361,8.813424,2025-10-12 22:06:45
1901,10,30000,1500,0.652000,8.894731,16754.399431,5.827201,15.690361,8.813466,2025-10-12 22:06:54
1902,10,30000,1500,0.608000,8.806712,16763.206143,5.827201,15.690361,8.813463,2025-10-12 22:07:02
1903,10,30000,1500,0.626667,9.192821,16772.398964,5.827201,15.690361,8.813662,2025-10-12 22:07:12
1904,10,30000,1500,0.628667,8.738586,16781.137550,5.827201,15.690361,8.813623,2025-10-12 22:07:20
1905,10,30000,1500,0.619333,9.196419,16790.333969,5.827201,15.690361,8.813824,2025-10-12 22:07:29
1906,10,30000,1500,0.548667,8.623115,16798.957084,5.827201,15.690361,8.813724,2025-10-12 22:07:38
1907,10,30000,1500,0.639333,8.721816,16807.678900,5.827201,15.690361,8.813675,2025-10-12 22:07:47
1908,10,30000,1500,0.580000,9.479248,16817.158148,5.827201,15.690361,8.814024,2025-10-12 22:07:56
1909,10,30000,1500,0.603333,8.717943,16825.876091,5.827201,15.690361,8.813974,2025-10-12 22:08:05
1910,10,30000,1500,0.654000,9.258457,16835.134548,5.827201,15.690361,8.814207,2025-10-12 22:08:14
1911,10,30000,1500,0.594000,8.664687,16843.799236,5.827201,15.690361,8.814128,2025-10-12 22:08:23
1912,10,30000,1500,0.668667,8.670044,16852.469280,5.827201,15.690361,8.814053,2025-10-12 22:08:32
1913,10,30000,1500,0.668000,8.719542,16861.188822,5.827201,15.690361,8.814004,2025-10-12 22:08:40
1914,10,30000,1500,0.646667,8.623900,16869.812722,5.827201,15.690361,8.813904,2025-10-12 22:08:49
1915,10,30000,1500,0.687333,8.945001,16878.757722,5.827201,15.690361,8.813973,2025-10-12 22:08:58
1916,10,30000,1500,0.600000,8.712786,16887.470509,5.827201,15.690361,8.813920,2025-10-12 22:09:07
1917,10,30000,1500,0.658000,8.644507,16896.115016,5.827201,15.690361,8.813832,2025-10-12 22:09:15
1918,10,30000,1500,0.625333,9.031343,16905.146359,5.827201,15.690361,8.813945,2025-10-12 22:09:24
1919,10,30000,1500,0.692000,8.779483,16913.925842,5.827201,15.690361,8.813927,2025-10-12 22:09:33
1920,10,30000,1500,0.702000,9.296633,16923.222475,5.827201,15.690361,8.814178,2025-10-12 22:09:42
1921,10,30000,1500,0.663333,8.926508,16932.148983,5.827201,15.690361,8.814237,2025-10-12 22:09:51
1922,10,30000,1500,0.626667,9.226391,16941.375374,5.827201,15.690361,8.814451,2025-10-12 22:10:01
1923,10,30000,1500,0.630667,8.948380,16950.323755,5.827201,15.690361,8.814521,2025-10-12 22:10:09
1924,10,30000,1500,0.687333,9.152664,16959.476419,5.827201,15.690361,8.814697,2025-10-12 22:10:19
1925,10,30000,1500,0.630000,8.786913,16968.263332,5.827201,15.690361,8.814682,2025-10-12 22:10:27
1926,10,30000,1500,0.658000,9.067143,16977.330475,5.827201,15.690361,8.814813,2025-10-12 22:10:37
1927,10,30000,1500,0.714000,9.084650,16986.415125,5.827201,15.690361,8.814953,2025-10-12 22:10:46
1928,10,30000,1500,0.708667,8.708491,16995.123616,5.827201,15.690361,8.814898,2025-10-12 22:10:54
1929,10,30000,1500,0.700000,9.607370,17004.730986,5.827201,15.690361,8.815309,2025-10-12 22:11:04
1930,10,30000,1500,0.690000,8.599184,17013.330170,5.827201,15.690361,8.815197,2025-10-12 22:11:13
1931,10,30000,1500,0.639333,9.330861,17022.661031,5.827201,15.690361,8.815464,2025-10-12 22:11:22
1932,10,30000,1500,0.598667,8.432080,17031.093110,5.827201,15.690361,8.815266,2025-10-12 22:11:30
1933,10,30000,1500,0.705333,8.729118,17039.822228,5.827201,15.690361,8.815221,2025-10-12 22:11:39
1934,10,30000,1500,0.684000,9.046229,17048.868457,5.827201,15.690361,8.815340,2025-10-12 22:11:48
1935,10,30000,1500,0.706667,8.705850,17057.574307,5.827201,15.690361,8.815284,2025-10-12 22:11:57
1936,10,30000,1500,0.632667,9.459580,17067.033888,5.827201,15.690361,8.815617,2025-10-12 22:12:06
1937,10,30000,1500,0.605333,8.720307,17075.754195,5.827201,15.690361,8.815567,2025-10-12 22:12:15
1938,10,30000,1500,0.740667,9.490582,17085.244777,5.827201,15.690361,8.815916,2025-10-12 22:12:24
1939,10,30000,1500,0.722667,8.811804,17094.056581,5.827201,15.690361,8.815914,2025-10-12 22:12:33
1940,10,30000,1500,0.693333,9.030498,17103.087079,5.827201,15.690361,8.816024,2025-10-12 22:12:42
1941,10,30000,1500,0.620000,8.963368,17112.050447,5.827201,15.690361,8.816100,2025-10-12 22:12:51
1942,10,30000,1500,0.701333,9.142113,17121.192560,5.827201,15.690361,8.816268,2025-10-12 22:13:00
1943,10,30000,1500,0.617333,8.674332,17129.866892,5.827201,15.690361,8.816195,2025-10-12 22:13:09
1944,10,30000,1500,0.668000,8.810558,17138.677450,5.827201,15.690361,8.816192,2025-10-12 22:13:18
1945,10,30000,1500,0.627333,9.330550,17148.007999,5.827201,15.690361,8.816457,2025-10-12 22:13:27
1946,10,30000,1500,0.595333,8.850800,17156.858799,5.827201,15.690361,8.816474,2025-10-12 22:13:36
1947,10,30000,1500,0.573333,9.043532,17165.902331,5.827201,15.690361,8.816591,2025-10-12 22:13:45
1948,10,30000,1500,0.676667,8.943947,17174.846278,5.827201,15.690361,8.816656,2025-10-12 22:13:54
1949,10,30000,1500,0.656000,8.425530,17183.271808,5.827201,15.690361,8.816456,2025-10-12 22:14:03
1950,10,30000,1500,0.689333,8.863026,17192.134834,5.827201,15.690361,8.816479,2025-10-12 22:14:11
1951,10,30000,1500,0.690000,8.768638,17200.903472,5.827201,15.690361,8.816455,2025-10-12 22:14:20
1952,10,30000,1500,0.609333,8.709549,17209.613021,5.827201,15.690361,8.816400,2025-10-12 22:14:29
1953,10,30000,1500,0.673333,8.508601,17218.121622,5.827201,15.690361,8.816243,2025-10-12 22:14:37
1954,10,30000,1500,0.658000,8.780911,17226.902533,5.827201,15.690361,8.816224,2025-10-12 22:14:46
1955,10,30000,1500,0.693333,8.587725,17235.490259,5.827201,15.690361,8.816108,2025-10-12 22:14:55
1956,10,30000,1500,0.584000,8.674469,17244.164728,5.827201,15.690361,8.816035,2025-10-12 22:15:03
1957,10,30000,1500,0.645333,8.742185,17252.906913,5.827201,15.690361,8.815997,2025-10-12 22:15:12
1958,10,30000,1500,0.640000,8.813507,17261.720420,5.827201,15.690361,8.815996,2025-10-12 22:15:21
1959,10,30000,1500,0.680667,8.816887,17270.537307,5.827201,15.690361,8.815997,2025-10-12 22:15:30
1960,10,30000,1500,0.651333,9.053122,17279.590429,5.827201,15.690361,8.816118,2025-10-12 22:15:39
1961,10,30000,1500,0.587333,8.867041,17288.457470,5.827201,15.690361,8.816144,2025-10-12 22:15:48
1962,10,30000,1500,0.658000,8.782587,17297.240057,5.827201,15.690361,8.816126,2025-10-12 22:15:57
1963,10,30000,1500,0.662000,8.549610,17305.789668,5.827201,15.690361,8.815991,2025-10-12 22:16:05
1964,10,30000,1500,0.700000,9.014087,17314.803755,5.827201,15.690361,8.816092,2025-10-12 22:16:14
1965,10,30000,1500,0.685333,9.314142,17324.117897,5.827201,15.690361,8.816345,2025-10-12 22:16:23
1966,10,30000,1500,0.594000,8.471951,17332.589848,5.827201,15.690361,8.816170,2025-10-12 22:16:32
1967,10,30000,1500,0.648667,8.763564,17341.353412,5.827201,15.690361,8.816143,2025-10-12 22:16:41
1968,10,30000,1500,0.595333,9.043383,17350.396795,5.827201,15.690361,8.816259,2025-10-12 22:16:50
1969,10,30000,1500,0.592667,9.493083,17359.889878,5.827201,15.690361,8.816602,2025-10-12 22:16:59
1970,10,30000,1500,0.652667,8.795125,17368.685004,5.827201,15.690361,8.816591,2025-10-12 22:17:08
1971,10,30000,1500,0.607333,8.844178,17377.529181,5.827201,15.690361,8.816605,2025-10-12 22:17:17
1972,10,30000,1500,0.590667,8.788769,17386.317950,5.827201,15.690361,8.816591,2025-10-12 22:17:26
1973,10,30000,1500,0.695333,8.987014,17395.304965,5.827201,15.690361,8.816678,2025-10-12 22:17:35
1974,10,30000,1500,0.696000,9.087858,17404.392822,5.827201,15.690361,8.816815,2025-10-12 22:17:44
1975,10,30000,1500,0.668667,8.656808,17413.049630,5.827201,15.690361,8.816734,2025-10-12 22:17:52
1976,10,30000,1500,0.721333,8.810785,17421.860415,5.827201,15.690361,8.816731,2025-10-12 22:18:01
1977,10,30000,1500,0.607333,8.691219,17430.551634,5.827201,15.690361,8.816667,2025-10-12 22:18:10
1978,10,30000,1500,0.682000,8.896188,17439.447822,5.827201,15.690361,8.816708,2025-10-12 22:18:19
1979,10,30000,1500,0.627333,8.711594,17448.159416,5.827201,15.690361,8.816655,2025-10-12 22:18:27
1980,10,30000,1500,0.661333,9.112384,17457.271800,5.827201,15.690361,8.816804,2025-10-12 22:18:37
1981,10,30000,1500,0.680667,9.071885,17466.343684,5.827201,15.690361,8.816933,2025-10-12 22:18:46
1982,10,30000,1500,0.654000,8.498824,17474.842508,5.827201,15.690361,8.816772,2025-10-12 22:18:54
1983,10,30000,1500,0.736000,9.049642,17483.892150,5.827201,15.690361,8.816890,2025-10-12 22:19:03
1984,10,30000,1500,0.741333,9.208633,17493.100783,5.827201,15.690361,8.817087,2025-10-12 22:19:12
1985,10,30000,1500,0.748667,9.004441,17502.105224,5.827201,15.690361,8.817181,2025-10-12 22:19:21
1986,10,30000,1500,0.686667,9.731940,17511.837164,5.827201,15.690361,8.817642,2025-10-12 22:19:31
1987,10,30000,1500,0.648667,8.725767,17520.562931,5.827201,15.690361,8.817596,2025-10-12 22:19:40
1988,10,30000,1500,0.696000,8.883617,17529.446548,5.827201,15.690361,8.817629,2025-10-12 22:19:49
1989,10,30000,1500,0.664667,8.934886,17538.381434,5.827201,15.690361,8.817688,2025-10-12 22:19:58
1990,10,30000,1500,0.663333,9.319446,17547.700880,5.827201,15.690361,8.817940,2025-10-12 22:20:07
1991,10,30000,1500,0.568000,8.847304,17556.548184,5.827201,15.690361,8.817955,2025-10-12 22:20:16
1992,10,30000,1500,0.684000,8.926299,17565.474483,5.827201,15.690361,8.818009,2025-10-12 22:20:25
1993,10,30000,1500,0.598667,9.448804,17574.923287,5.827201,15.690361,8.818326,2025-10-12 22:20:34
1994,10,30000,1500,0.673333,9.033057,17583.956343,5.827201,15.690361,8.818433,2025-10-12 22:20:43
1995,10,30000,1500,0.602000,8.788184,17592.744527,5.827201,15.690361,8.818418,2025-10-12 22:20:52
1996,10,30000,1500,0.567333,8.566219,17601.310746,5.827201,15.690361,8.818292,2025-10-12 22:21:01
1997,10,30000,1500,0.582000,9.207416,17610.518162,5.827201,15.690361,8.818487,2025-10-12 22:21:10
1998,10,30000,1500,0.708667,9.074180,17619.592342,5.827201,15.690361,8.818615,2025-10-12 22:21:19
1999,10,30000,1500,0.726667,8.979796,17628.572138,5.827201,15.690361,8.818695,2025-10-12 22:21:28
2000,10,30000,1500,0.672000,9.095969,17637.668107,5.827201,15.690361,8.818834,2025-10-12 22:21:37
2001,10,30000,1500,0.636000,8.537889,17646.205996,5.827201,15.690361,8.818694,2025-10-12 22:21:46
2002,10,30000,1500,0.710667,9.302948,17655.508945,5.827201,15.690361,8.818936,2025-10-12 22:21:55
2003,10,30000,1500,0.645333,9.121933,17664.630877,5.827201,15.690361,8.819087,2025-10-12 22:22:04
2004,10,30000,1500,0.640000,9.153450,17673.784327,5.827201,15.690361,8.819254,2025-10-12 22:22:13
2005,10,30000,1500,0.657333,9.135035,17682.919363,5.827201,15.690361,8.819411,2025-10-12 22:22:22
2006,10,30000,1500,0.637333,9.079613,17691.998975,5.827201,15.690361,8.819541,2025-10-12 22:22:31
2007,10,30000,1500,0.566000,9.289479,17701.288455,5.827201,15.690361,8.819775,2025-10-12 22:22:41
2008,10,30000,1500,0.716000,8.901529,17710.189984,5.827201,15.690361,8.819816,2025-10-12 22:22:50
2009,10,30000,1500,0.654000,8.493835,17718.683819,5.827201,15.690361,8.819653,2025-10-12 22:22:58
2010,10,30000,1500,0.660667,8.367766,17727.051584,5.827201,15.690361,8.819429,2025-10-12 22:23:06
2011,10,30000,1500,0.670000,8.742996,17735.794580,5.827201,15.690361,8.819391,2025-10-12 22:23:15
2012,10,30000,1500,0.585333,9.408034,17745.202614,5.827201,15.690361,8.819683,2025-10-12 22:23:25
2013,10,30000,1500,0.596000,8.901639,17754.104253,5.827201,15.690361,8.819724,2025-10-12 22:23:33
2014,10,30000,1500,0.595333,8.783788,17762.888042,5.827201,15.690361,8.819706,2025-10-12 22:23:42
2015,10,30000,1500,0.647333,8.873241,17771.761283,5.827201,15.690361,8.819733,2025-10-12 22:23:51
2016,10,30000,1500,0.610000,9.235827,17780.997109,5.827201,15.690361,8.819939,2025-10-12 22:24:00
2017,10,30000,1500,0.550667,8.428062,17789.425171,5.827201,15.690361,8.819745,2025-10-12 22:24:09
2018,10,30000,1500,0.664667,9.021124,17798.446295,5.827201,15.690361,8.819845,2025-10-12 22:24:18
2019,10,30000,1500,0.658667,9.282856,17807.729151,5.827201,15.690361,8.820074,2025-10-12 22:24:27
2020,10,30000,1500,0.698667,9.289976,17817.019127,5.827201,15.690361,8.820306,2025-10-12 22:24:36
2021,10,30000,1500,0.584667,8.988687,17826.007814,5.827201,15.690361,8.820390,2025-10-12 22:24:45
2022,10,30000,1500,0.684000,8.439117,17834.446931,5.827201,15.690361,8.820201,2025-10-12 22:24:54
2023,10,30000,1500,0.624000,8.601066,17843.047997,5.827201,15.690361,8.820093,2025-10-12 22:25:02
2024,10,30000,1500,0.660667,9.072681,17852.120678,5.827201,15.690361,8.820218,2025-10-12 22:25:12
2025,10,30000,1500,0.691333,9.031812,17861.152490,5.827201,15.690361,8.820322,2025-10-12 22:25:21
2026,10,30000,1500,0.630667,9.326245,17870.478735,5.827201,15.690361,8.820572,2025-10-12 22:25:30
2027,10,30000,1500,0.662667,8.760429,17879.239164,5.827201,15.690361,8.820542,2025-10-12 22:25:39
2028,10,30000,1500,0.612000,9.202378,17888.441542,5.827201,15.690361,8.820731,2025-10-12 22:25:48
2029,10,30000,1500,0.628667,8.634982,17897.076524,5.827201,15.690361,8.820639,2025-10-12 22:25:57
2030,10,30000,1500,0.616667,9.015477,17906.092001,5.827201,15.690361,8.820735,2025-10-12 22:26:06
2031,10,30000,1500,0.637333,8.923712,17915.015713,5.827201,15.690361,8.820786,2025-10-12 22:26:14
2032,10,30000,1500,0.534000,8.677305,17923.693019,5.827201,15.690361,8.820715,2025-10-12 22:26:23
2033,10,30000,1500,0.628000,9.305476,17932.998495,5.827201,15.690361,8.820954,2025-10-12 22:26:32
2034,10,30000,1500,0.591333,8.976042,17941.974536,5.827201,15.690361,8.821030,2025-10-12 22:26:41
2035,10,30000,1500,0.625333,9.512014,17951.486550,5.827201,15.690361,8.821369,2025-10-12 22:26:51
2036,10,30000,1500,0.659333,9.343175,17960.829725,5.827201,15.690361,8.821626,2025-10-12 22:27:00
2037,10,30000,1500,0.601333,9.215076,17970.044801,5.827201,15.690361,8.821819,2025-10-12 22:27:09
2038,10,30000,1500,0.670000,9.007238,17979.052039,5.827201,15.690361,8.821910,2025-10-12 22:27:19
2039,10,30000,1500,0.658667,9.437012,17988.489050,5.827201,15.690361,8.822211,2025-10-12 22:27:28
2040,10,30000,1500,0.610667,9.060608,17997.549658,5.827201,15.690361,8.822328,2025-10-12 22:27:37
2041,10,30000,1500,0.698000,8.988801,18006.538459,5.827201,15.690361,8.822410,2025-10-12 22:27:46
2042,10,30000,1500,0.604667,9.330663,18015.869122,5.827201,15.690361,8.822659,2025-10-12 22:27:55
2043,10,30000,1500,0.632000,8.783079,18024.652202,5.827201,15.690361,8.822639,2025-10-12 22:28:04
2044,10,30000,1500,0.638667,9.340368,18033.992569,5.827201,15.690361,8.822893,2025-10-12 22:28:13
2045,10,30000,1500,0.630000,9.088814,18043.081383,5.827201,15.690361,8.823023,2025-10-12 22:28:23
2046,10,30000,1500,0.634000,9.399197,18052.480580,5.827201,15.690361,8.823304,2025-10-12 22:28:32
2047,10,30000,1500,0.616000,9.226396,18061.706977,5.827201,15.690361,8.823501,2025-10-12 22:28:41
2048,10,30000,1500,0.650667,9.399224,18071.106201,5.827201,15.690361,8.823782,2025-10-12 22:28:51
2049,10,30000,1500,0.630000,9.121263,18080.227464,5.827201,15.690361,8.823928,2025-10-12 22:29:00
2050,10,30000,1500,0.690667,9.167082,18089.394545,5.827201,15.690361,8.824095,2025-10-12 22:29:09
2051,10,30000,1500,0.631333,9.083707,18098.478252,5.827201,15.690361,8.824221,2025-10-12 22:29:18
2052,10,30000,1500,0.650000,8.878784,18107.357036,5.827201,15.690361,8.824248,2025-10-12 22:29:27
2053,10,30000,1500,0.647333,9.361294,18116.718330,5.827201,15.690361,8.824510,2025-10-12 22:29:36
2054,10,30000,1500,0.658667,8.732356,18125.450686,5.827201,15.690361,8.824465,2025-10-12 22:29:45
2055,10,30000,1500,0.659333,9.112425,18134.563110,5.827201,15.690361,8.824605,2025-10-12 22:29:54
2056,10,30000,1500,0.583333,8.993593,18143.556704,5.827201,15.690361,8.824687,2025-10-12 22:30:03
2057,10,30000,1500,0.578000,9.417476,18152.974180,5.827201,15.690361,8.824975,2025-10-12 22:30:12
2058,10,30000,1500,0.674667,9.122374,18162.096554,5.827201,15.690361,8.825120,2025-10-12 22:30:22
2059,10,30000,1500,0.666667,8.572369,18170.668923,5.827201,15.690361,8.824997,2025-10-12 22:30:30
2060,10,30000,1500,0.627333,9.228482,18179.897405,5.827201,15.690361,8.825193,2025-10-12 22:30:39
2061,10,30000,1500,0.604000,9.174490,18189.071895,5.827201,15.690361,8.825362,2025-10-12 22:30:49
2062,10,30000,1500,0.660000,9.412486,18198.484381,5.827201,15.690361,8.825647,2025-10-12 22:30:58
2063,10,30000,1500,0.603333,8.869990,18207.354371,5.827201,15.690361,8.825669,2025-10-12 22:31:07
2064,10,30000,1500,0.697333,8.781768,18216.136139,5.827201,15.690361,8.825647,2025-10-12 22:31:16
2065,10,30000,1500,0.568667,8.667680,18224.803819,5.827201,15.690361,8.825571,2025-10-12 22:31:24
2066,10,30000,1500,0.607333,8.963430,18233.767249,5.827201,15.690361,8.825638,2025-10-12 22:31:33
2067,10,30000,1500,0.598000,9.002615,18242.769864,5.827201,15.690361,8.825723,2025-10-12 22:31:42
2068,10,30000,1500,0.668667,8.914948,18251.684812,5.827201,15.690361,8.825766,2025-10-12 22:31:51
2069,10,30000,1500,0.661333,8.744034,18260.428846,5.827201,15.690361,8.825727,2025-10-12 22:32:00
2070,10,30000,1500,0.604000,8.873209,18269.302055,5.827201,15.690361,8.825750,2025-10-12 22:32:09
2071,10,30000,1500,0.580667,9.325797,18278.627851,5.827201,15.690361,8.825991,2025-10-12 22:32:18
2072,10,30000,1500,0.664667,9.102063,18287.729914,5.827201,15.690361,8.826124,2025-10-12 22:32:27
2073,10,30000,1500,0.576667,8.959018,18296.688932,5.827201,15.690361,8.826189,2025-10-12 22:32:36
2074,10,30000,1500,0.642000,9.407293,18306.096225,5.827201,15.690361,8.826469,2025-10-12 22:32:46
2075,10,30000,1500,0.598000,8.810427,18314.906652,5.827201,15.690361,8.826461,2025-10-12 22:32:54
2076,10,30000,1500,0.602667,9.033518,18323.940171,5.827201,15.690361,8.826561,2025-10-12 22:33:03
2077,10,30000,1500,0.534000,8.304218,18332.244388,5.827201,15.690361,8.826309,2025-10-12 22:33:12
2078,10,30000,1500,0.705333,9.109239,18341.353627,5.827201,15.690361,8.826445,2025-10-12 22:33:21
2079,10,30000,1500,0.663333,9.336638,18350.690265,5.827201,15.690361,8.826691,2025-10-12 22:33:30
2080,10,30000,1500,0.724000,9.018348,18359.708613,5.827201,15.690361,8.826783,2025-10-12 22:33:39
2081,10,30000,1500,0.664000,8.825364,18368.533977,5.827201,15.690361,8.826782,2025-10-12 22:33:48
2082,10,30000,1500,0.620667,8.663634,18377.197612,5.827201,15.690361,8.826704,2025-10-12 22:33:57
2083,10,30000,1500,0.656667,9.397844,18386.595456,5.827201,15.690361,8.826978,2025-10-12 22:34:06
2084,10,30000,1500,0.600000,9.013998,18395.609454,5.827201,15.690361,8.827068,2025-10-12 22:34:15
2085,10,30000,1500,0.708000,8.583873,18404.193326,5.827201,15.690361,8.826951,2025-10-12 22:34:24
2086,10,30000,1500,0.665333,8.877268,18413.070594,5.827201,15.690361,8.826975,2025-10-12 22:34:33
2087,10,30000,1500,0.610667,8.845474,18421.916068,5.827201,15.690361,8.826984,2025-10-12 22:34:41
2088,10,30000,1500,0.607333,8.894559,18430.810627,5.827201,15.690361,8.827017,2025-10-12 22:34:50
2089,10,30000,1500,0.622667,8.604912,18439.415539,5.827201,15.690361,8.826910,2025-10-12 22:34:59
2090,10,30000,1500,0.621333,9.443558,18448.859098,5.827201,15.690361,8.827205,2025-10-12 22:35:08
2091,10,30000,1500,0.537333,9.248574,18458.107672,5.827201,15.690361,8.827407,2025-10-12 22:35:18
2092,10,30000,1500,0.615333,9.236507,18467.344178,5.827201,15.690361,8.827602,2025-10-12 22:35:27
2093,10,30000,1500,0.561333,9.653221,18476.997399,5.827201,15.690361,8.827997,2025-10-12 22:35:37
2094,10,30000,1500,0.648667,8.654000,18485.651399,5.827201,15.690361,8.827914,2025-10-12 22:35:45
2095,10,30000,1500,0.621333,8.889316,18494.540716,5.827201,15.690361,8.827943,2025-10-12 22:35:54
2096,10,30000,1500,0.592667,8.895417,18503.436133,5.827201,15.690361,8.827975,2025-10-12 22:36:03
2097,10,30000,1500,0.638667,9.293914,18512.730046,5.827201,15.690361,8.828197,2025-10-12 22:36:12
2098,10,30000,1500,0.622000,8.997066,18521.727112,5.827201,15.690361,8.828278,2025-10-12 22:36:21
2099,10,30000,1500,0.656000,9.519750,18531.246862,5.827201,15.690361,8.828607,2025-10-12 22:36:31
2100,10,30000,1500,0.676667,8.908765,18540.155627,5.827201,15.690361,8.828646,2025-10-12 22:36:40
2101,10,30000,1500,0.614000,9.045921,18549.201549,5.827201,15.690361,8.828749,2025-10-12 22:36:49
2102,10,30000,1500,0.580000,8.997614,18558.199162,5.827201,15.690361,8.828829,2025-10-12 22:36:58
2103,10,30000,1500,0.663333,8.914683,18567.113845,5.827201,15.690361,8.828870,2025-10-12 22:37:07
2104,10,30000,1500,0.633333,9.105344,18576.219189,5.827201,15.690361,8.829002,2025-10-12 22:37:16
2105,10,30000,1500,0.688000,8.831429,18585.050618,5.827201,15.690361,8.829003,2025-10-12 22:37:25
2106,10,30000,1500,0.725333,9.367665,18594.418283,5.827201,15.690361,8.829258,2025-10-12 22:37:34
2107,10,30000,1500,0.643333,9.019063,18603.437347,5.827201,15.690361,8.829349,2025-10-12 22:37:43
2108,10,30000,1500,0.644000,8.469787,18611.907134,5.827201,15.690361,8.829178,2025-10-12 22:37:52
2109,10,30000,1500,0.602667,8.902777,18620.809911,5.827201,15.690361,8.829213,2025-10-12 22:38:00
2110,10,30000,1500,0.625333,8.931096,18629.741007,5.827201,15.690361,8.829261,2025-10-12 22:38:09
2111,10,30000,1500,0.663333,9.298096,18639.039103,5.827201,15.690361,8.829483,2025-10-12 22:38:19
2112,10,30000,1500,0.600000,9.041569,18648.080672,5.827201,15.690361,8.829584,2025-10-12 22:38:28
2113,10,30000,1500,0.623333,9.388628,18657.469299,5.827201,15.690361,8.829848,2025-10-12 22:38:37
2114,10,30000,1500,0.586667,8.944033,18666.413332,5.827201,15.690361,8.829902,2025-10-12 22:38:46
2115,10,30000,1500,0.662667,9.392690,18675.806022,5.827201,15.690361,8.830168,2025-10-12 22:38:55
2116,10,30000,1500,0.648667,9.573608,18685.379630,5.827201,15.690361,8.830520,2025-10-12 22:39:05
2117,10,30000,1500,0.632667,9.149734,18694.529364,5.827201,15.690361,8.830670,2025-10-12 22:39:14
2118,10,30000,1500,0.682000,8.946456,18703.475820,5.827201,15.690361,8.830725,2025-10-12 22:39:23
2119,10,30000,1500,0.714667,8.567617,18712.043437,5.827201,15.690361,8.830601,2025-10-12 22:39:32
2120,10,30000,1500,0.762667,8.886684,18720.930121,5.827201,15.690361,8.830627,2025-10-12 22:39:41
2121,10,30000,1500,0.700667,8.877960,18729.808081,5.827201,15.690361,8.830650,2025-10-12 22:39:49
2122,10,30000,1500,0.728000,9.166053,18738.974134,5.827201,15.690361,8.830808,2025-10-12 22:39:59
2123,10,30000,1500,0.682000,9.103745,18748.077880,5.827201,15.690361,8.830936,2025-10-12 22:40:08
2124,10,30000,1500,0.668667,9.035713,18757.113593,5.827201,15.690361,8.831033,2025-10-12 22:40:17
2125,10,30000,1500,0.625333,8.918040,18766.031633,5.827201,15.690361,8.831074,2025-10-12 22:40:26
2126,10,30000,1500,0.598667,9.258492,18775.290125,5.827201,15.690361,8.831275,2025-10-12 22:40:35
2127,10,30000,1500,0.713333,9.367376,18784.657501,5.827201,15.690361,8.831527,2025-10-12 22:40:44
2128,10,30000,1500,0.604667,8.220738,18792.878239,5.827201,15.690361,8.831240,2025-10-12 22:40:53
2129,10,30000,1500,0.708667,9.010118,18801.888357,5.827201,15.690361,8.831324,2025-10-12 22:41:02
2130,10,30000,1500,0.629333,9.179159,18811.067516,5.827201,15.690361,8.831487,2025-10-12 22:41:11
2131,10,30000,1500,0.620667,8.743312,18819.810827,5.827201,15.690361,8.831446,2025-10-12 22:41:20
2132,10,30000,1500,0.613333,9.196867,18829.007694,5.827201,15.690361,8.831617,2025-10-12 22:41:29
2133,10,30000,1500,0.631333,8.917936,18837.925630,5.827201,15.690361,8.831658,2025-10-12 22:41:38
2134,10,30000,1500,0.622000,8.921400,18846.847030,5.827201,15.690361,8.831700,2025-10-12 22:41:47
2135,10,30000,1500,0.677333,8.470693,18855.317722,5.827201,15.690361,8.831531,2025-10-12 22:41:55
2136,10,30000,1500,0.587333,8.923380,18864.241102,5.827201,15.690361,8.831574,2025-10-12 22:42:04
2137,10,30000,1500,0.554000,9.353480,18873.594582,5.827201,15.690361,8.831818,2025-10-12 22:42:13
2138,10,30000,1500,0.603333,9.234423,18882.829005,5.827201,15.690361,8.832006,2025-10-12 22:42:23
2139,10,30000,1500,0.588000,9.147904,18891.976910,5.827201,15.690361,8.832154,2025-10-12 22:42:32
2140,10,30000,1500,0.691333,8.728628,18900.705538,5.827201,15.690361,8.832105,2025-10-12 22:42:40
2141,10,30000,1500,0.657333,9.324060,18910.029598,5.827201,15.690361,8.832335,2025-10-12 22:42:50
2142,10,30000,1500,0.576000,8.866687,18918.896285,5.827201,15.690361,8.832351,2025-10-12 22:42:59
2143,10,30000,1500,0.700000,9.064718,18927.961002,5.827201,15.690361,8.832460,2025-10-12 22:43:08
2144,10,30000,1500,0.618667,8.874091,18936.835093,5.827201,15.690361,8.832479,2025-10-12 22:43:17
2145,10,30000,1500,0.655333,9.110049,18945.945142,5.827201,15.690361,8.832608,2025-10-12 22:43:26
2146,10,30000,1500,0.644000,9.519502,18955.464644,5.827201,15.690361,8.832929,2025-10-12 22:43:35
2147,10,30000,1500,0.626667,8.950648,18964.415292,5.827201,15.690361,8.832983,2025-10-12 22:43:44
2148,10,30000,1500,0.580667,9.105134,18973.520426,5.827201,15.690361,8.833110,2025-10-12 22:43:53
2149,10,30000,1500,0.630667,8.896515,18982.416941,5.827201,15.690361,8.833140,2025-10-12 22:44:02
2150,10,30000,1500,0.698000,9.059715,18991.476657,5.827201,15.690361,8.833245,2025-10-12 22:44:11
2151,10,30000,1500,0.660000,9.262869,19000.739525,5.827201,15.690361,8.833445,2025-10-12 22:44:20
2152,10,30000,1500,0.584667,8.530172,19009.269698,5.827201,15.690361,8.833304,2025-10-12 22:44:29
2153,10,30000,1500,0.642667,8.888949,19018.158646,5.827201,15.690361,8.833330,2025-10-12 22:44:38
2154,10,30000,1500,0.708000,8.834888,19026.993534,5.827201,15.690361,8.833330,2025-10-12 22:44:47
2155,10,30000,1500,0.702000,8.882341,19035.875875,5.827201,15.690361,8.833353,2025-10-12 22:44:56
2156,10,30000,1500,0.624000,8.403720,19044.279595,5.827201,15.690361,8.833154,2025-10-12 22:45:04
2157,10,30000,1500,0.672000,8.867725,19053.147320,5.827201,15.690361,8.833170,2025-10-12 22:45:13
2158,10,30000,1500,0.618000,9.043628,19062.190948,5.827201,15.690361,8.833267,2025-10-12 22:45:22
2159,10,30000,1500,0.598000,9.021635,19071.212583,5.827201,15.690361,8.833355,2025-10-12 22:45:31
2160,10,30000,1500,0.632000,9.143494,19080.356077,5.827201,15.690361,8.833498,2025-10-12 22:45:40
2161,10,30000,1500,0.632000,8.651155,19089.007232,5.827201,15.690361,8.833414,2025-10-12 22:45:49
2162,10,30000,1500,0.560000,9.299806,19098.307038,5.827201,15.690361,8.833630,2025-10-12 22:45:58
2163,10,30000,1500,0.627333,8.984454,19107.291493,5.827201,15.690361,8.833699,2025-10-12 22:46:07
2164,10,30000,1500,0.600667,9.254526,19116.546019,5.827201,15.690361,8.833894,2025-10-12 22:46:16
2165,10,30000,1500,0.697333,9.130648,19125.676667,5.827201,15.690361,8.834031,2025-10-12 22:46:25
2166,10,30000,1500,0.710000,8.635162,19134.311829,5.827201,15.690361,8.833939,2025-10-12 22:46:34
2167,10,30000,1500,0.668000,9.259336,19143.571165,5.827201,15.690361,8.834135,2025-10-12 22:46:43
2168,10,30000,1500,0.612667,8.987480,19152.558645,5.827201,15.690361,8.834206,2025-10-12 22:46:52
2169,10,30000,1500,0.618000,9.271957,19161.830602,5.827201,15.690361,8.834408,2025-10-12 22:47:02
2170,10,30000,1500,0.682667,8.761186,19170.591787,5.827201,15.690361,8.834374,2025-10-12 22:47:10
2171,10,30000,1500,0.612000,9.074835,19179.666622,5.827201,15.690361,8.834485,2025-10-12 22:47:19
2172,10,30000,1500,0.680667,9.172323,19188.838945,5.827201,15.690361,8.834640,2025-10-12 22:47:29
2173,10,30000,1500,0.640000,8.734515,19197.573460,5.827201,15.690361,8.834594,2025-10-12 22:47:37
2174,10,30000,1500,0.652667,8.740284,19206.313744,5.827201,15.690361,8.834551,2025-10-12 22:47:46
2175,10,30000,1500,0.677333,9.085787,19215.399531,5.827201,15.690361,8.834666,2025-10-12 22:47:55
2176,10,30000,1500,0.635333,9.081718,19224.481249,5.827201,15.690361,8.834780,2025-10-12 22:48:04
2177,10,30000,1500,0.700667,8.766079,19233.247327,5.827201,15.690361,8.834748,2025-10-12 22:48:13
2178,10,30000,1500,0.722000,8.917720,19242.165047,5.827201,15.690361,8.834787,2025-10-12 22:48:22
2179,10,30000,1500,0.744667,8.905209,19251.070257,5.827201,15.690361,8.834819,2025-10-12 22:48:31
2180,10,30000,1500,0.727333,8.937525,19260.007781,5.827201,15.690361,8.834866,2025-10-12 22:48:40
2181,10,30000,1500,0.666000,8.997115,19269.004896,5.827201,15.690361,8.834940,2025-10-12 22:48:49
2182,10,30000,1500,0.706667,9.046561,19278.051457,5.827201,15.690361,8.835037,2025-10-12 22:48:58
2183,10,30000,1500,0.699333,9.287835,19287.339292,5.827201,15.690361,8.835245,2025-10-12 22:49:07
2184,10,30000,1500,0.611333,8.526004,19295.865296,5.827201,15.690361,8.835103,2025-10-12 22:49:16
2185,10,30000,1500,0.698667,9.701864,19305.567160,5.827201,15.690361,8.835500,2025-10-12 22:49:25
2186,10,30000,1500,0.662667,9.217897,19314.785057,5.827201,15.690361,8.835675,2025-10-12 22:49:35
2187,10,30000,1500,0.709333,8.864233,19323.649290,5.827201,15.690361,8.835688,2025-10-12 22:49:43
2188,10,30000,1500,0.656000,9.407160,19333.056450,5.827201,15.690361,8.835949,2025-10-12 22:49:53
2189,10,30000,1500,0.622000,8.428850,19341.485300,5.827201,15.690361,8.835763,2025-10-12 22:50:01
2190,10,30000,1500,0.670667,9.350752,19350.836052,5.827201,15.690361,8.835998,2025-10-12 22:50:11
2191,10,30000,1500,0.711333,9.041368,19359.877420,5.827201,15.690361,8.836092,2025-10-12 22:50:20
2192,10,30000,1500,0.712667,9.408213,19369.285632,5.827201,15.690361,8.836353,2025-10-12 22:50:29
2193,10,30000,1500,0.610000,8.940148,19378.225780,5.827201,15.690361,8.836400,2025-10-12 22:50:38
2194,10,30000,1500,0.646667,9.548349,19387.774129,5.827201,15.690361,8.836725,2025-10-12 22:50:48
2195,10,30000,1500,0.590000,9.109138,19396.883267,5.827201,15.690361,8.836849,2025-10-12 22:50:57
2196,10,30000,1500,0.589333,9.067726,19405.950993,5.827201,15.690361,8.836954,2025-10-12 22:51:06
2197,10,30000,1500,0.646000,9.199259,19415.150252,5.827201,15.690361,8.837119,2025-10-12 22:51:15
2198,10,30000,1500,0.594667,8.768094,19423.918346,5.827201,15.690361,8.837088,2025-10-12 22:51:24
2199,10,30000,1500,0.565333,8.834321,19432.752666,5.827201,15.690361,8.837086,2025-10-12 22:51:33
2200,10,30000,1500,0.751333,9.090503,19441.843170,5.827201,15.690361,8.837201,2025-10-12 22:51:42
2201,10,30000,1500,0.674667,9.194572,19451.037742,5.827201,15.690361,8.837364,2025-10-12 22:51:51
2202,10,30000,1500,0.750000,8.901303,19459.939045,5.827201,15.690361,8.837393,2025-10-12 22:52:00
2203,10,30000,1500,0.769333,8.648552,19468.587597,5.827201,15.690361,8.837307,2025-10-12 22:52:08
2204,10,30000,1500,0.685333,8.818002,19477.405598,5.827201,15.690361,8.837298,2025-10-12 22:52:17
2205,10,30000,1500,0.675333,8.798045,19486.203643,5.827201,15.690361,8.837281,2025-10-12 22:52:26
2206,10,30000,1500,0.706000,9.142263,19495.345907,5.827201,15.690361,8.837419,2025-10-12 22:52:35
2207,10,30000,1500,0.770000,8.779313,19504.125219,5.827201,15.690361,8.837392,2025-10-12 22:52:44
2208,10,30000,1500,0.636000,9.085118,19513.210337,5.827201,15.690361,8.837505,2025-10-12 22:52:53
2209,10,30000,1500,0.649333,8.691867,19521.902204,5.827201,15.690361,8.837439,2025-10-12 22:53:02
2210,10,30000,1500,0.656000,8.924910,19530.827114,5.827201,15.690361,8.837478,2025-10-12 22:53:11
2211,10,30000,1500,0.660000,8.941328,19539.768442,5.827201,15.690361,8.837525,2025-10-12 22:53:20
2212,10,30000,1500,0.726667,8.743035,19548.511477,5.827201,15.690361,8.837483,2025-10-12 22:53:28
2213,10,30000,1500,0.618667,9.197437,19557.708914,5.827201,15.690361,8.837645,2025-10-12 22:53:38
2214,10,30000,1500,0.718667,8.971163,19566.680077,5.827201,15.690361,8.837706,2025-10-12 22:53:47
2215,10,30000,1500,0.629333,8.991099,19575.671176,5.827201,15.690361,8.837775,2025-10-12 22:53:56
2216,10,30000,1500,0.726000,9.173695,19584.844871,5.827201,15.690361,8.837926,2025-10-12 22:54:05
2217,10,30000,1500,0.746667,8.787074,19593.631945,5.827201,15.690361,8.837903,2025-10-12 22:54:14
2218,10,30000,1500,0.648000,8.923845,19602.555791,5.827201,15.690361,8.837942,2025-10-12 22:54:22
2219,10,30000,1500,0.644667,8.694658,19611.250449,5.827201,15.690361,8.837878,2025-10-12 22:54:31
2220,10,30000,1500,0.612000,8.980682,19620.231130,5.827201,15.690361,8.837942,2025-10-12 22:54:40
2221,10,30000,1500,0.582667,8.468263,19628.699393,5.827201,15.690361,8.837776,2025-10-12 22:54:49
2222,10,30000,1500,0.700000,9.016608,19637.716001,5.827201,15.690361,8.837856,2025-10-12 22:54:58
2223,10,30000,1500,0.638667,9.079978,19646.795979,5.827201,15.690361,8.837965,2025-10-12 22:55:07
2224,10,30000,1500,0.635333,8.459231,19655.255210,5.827201,15.690361,8.837795,2025-10-12 22:55:15
2225,10,30000,1500,0.655333,8.853331,19664.108541,5.827201,15.690361,8.837802,2025-10-12 22:55:24
2226,10,30000,1500,0.698667,8.861391,19672.969932,5.827201,15.690361,8.837812,2025-10-12 22:55:33
2227,10,30000,1500,0.628000,8.667686,19681.637618,5.827201,15.690361,8.837736,2025-10-12 22:55:42
2228,10,30000,1500,0.780667,8.904485,19690.542103,5.827201,15.690361,8.837766,2025-10-12 22:55:50
2229,10,30000,1500,0.643333,9.220835,19699.762938,5.827201,15.690361,8.837938,2025-10-12 22:56:00
2230,10,30000,1500,0.724000,9.052948,19708.815885,5.827201,15.690361,8.838034,2025-10-12 22:56:09
2231,10,30000,1500,0.622667,8.610650,19717.426536,5.827201,15.690361,8.837932,2025-10-12 22:56:17
2232,10,30000,1500,0.612667,9.262435,19726.688970,5.827201,15.690361,8.838122,2025-10-12 22:56:27
2233,10,30000,1500,0.665333,9.131019,19735.819989,5.827201,15.690361,8.838253,2025-10-12 22:56:36
2234,10,30000,1500,0.658667,9.065434,19744.885424,5.827201,15.690361,8.838355,2025-10-12 22:56:45
2235,10,30000,1500,0.762667,9.346326,19754.231750,5.827201,15.690361,8.838582,2025-10-12 22:56:54
2236,10,30000,1500,0.729333,8.649652,19762.881402,5.827201,15.690361,8.838498,2025-10-12 22:57:03
2237,10,30000,1500,0.773333,8.599184,19771.480586,5.827201,15.690361,8.838391,2025-10-12 22:57:11
2238,10,30000,1500,0.747333,8.929024,19780.409610,5.827201,15.690361,8.838431,2025-10-12 22:57:20
2239,10,30000,1500,0.688000,9.215116,19789.624726,5.827201,15.690361,8.838600,2025-10-12 22:57:30
2240,10,30000,1500,0.670667,8.653330,19798.278056,5.827201,15.690361,8.838517,2025-10-12 22:57:38
2241,10,30000,1500,0.676667,8.919852,19807.197908,5.827201,15.690361,8.838553,2025-10-12 22:57:47
2242,10,30000,1500,0.730000,8.809480,19816.007387,5.827201,15.690361,8.838540,2025-10-12 22:57:56
2243,10,30000,1500,0.598000,8.623146,19824.630533,5.827201,15.690361,8.838444,2025-10-12 22:58:05
2244,10,30000,1500,0.664667,8.857032,19833.487565,5.827201,15.690361,8.838453,2025-10-12 22:58:13
2245,10,30000,1500,0.604667,8.477594,19841.965158,5.827201,15.690361,8.838292,2025-10-12 22:58:22
2246,10,30000,1500,0.657333,9.236247,19851.201406,5.827201,15.690361,8.838469,2025-10-12 22:58:31
2247,10,30000,1500,0.668000,9.368523,19860.569928,5.827201,15.690361,8.838705,2025-10-12 22:58:41
2248,10,30000,1500,0.606667,8.465255,19869.035184,5.827201,15.690361,8.838539,2025-10-12 22:58:49
2249,10,30000,1500,0.643333,9.125392,19878.160576,5.827201,15.690361,8.838666,2025-10-12 22:58:58
2250,10,30000,1500,0.680000,9.007064,19887.167641,5.827201,15.690361,8.838741,2025-10-12 22:59:07
2251,10,30000,1500,0.739333,9.214200,19896.381841,5.827201,15.690361,8.838908,2025-10-12 22:59:16
2252,10,30000,1500,0.723333,8.934894,19905.316735,5.827201,15.690361,8.838951,2025-10-12 22:59:25
2253,10,30000,1500,0.659333,9.253858,19914.570593,5.827201,15.690361,8.839135,2025-10-12 22:59:35
2254,10,30000,1500,0.684000,8.841546,19923.412139,5.827201,15.690361,8.839136,2025-10-12 22:59:43
2255,10,30000,1500,0.632000,8.602171,19932.014310,5.827201,15.690361,8.839031,2025-10-12 22:59:52
2256,10,30000,1500,0.610667,8.722288,19940.736598,5.827201,15.690361,8.838979,2025-10-12 23:00:01
2257,10,30000,1500,0.699333,8.776696,19949.513294,5.827201,15.690361,8.838951,2025-10-12 23:00:10
2258,10,30000,1500,0.660667,8.930266,19958.443560,5.827201,15.690361,8.838992,2025-10-12 23:00:18
2259,10,30000,1500,0.619333,9.172660,19967.616220,5.827201,15.690361,8.839140,2025-10-12 23:00:28
2260,10,30000,1500,0.650667,9.003046,19976.619267,5.827201,15.690361,8.839212,2025-10-12 23:00:37
2261,10,30000,1500,0.649333,8.873557,19985.492823,5.827201,15.690361,8.839227,2025-10-12 23:00:46
2262,10,30000,1500,0.602000,8.869152,19994.361975,5.827201,15.690361,8.839240,2025-10-12 23:00:54
2263,10,30000,1500,0.688000,9.097041,20003.459017,5.827201,15.690361,8.839354,2025-10-12 23:01:03
2264,10,30000,1500,0.607333,8.453736,20011.912753,5.827201,15.690361,8.839184,2025-10-12 23:01:12
2265,10,30000,1500,0.620000,9.035287,20020.948041,5.827201,15.690361,8.839271,2025-10-12 23:01:21
2266,10,30000,1500,0.604000,9.386846,20030.334887,5.827201,15.690361,8.839512,2025-10-12 23:01:30
2267,10,30000,1500,0.576667,9.126256,20039.461143,5.827201,15.690361,8.839639,2025-10-12 23:01:39
2268,10,30000,1500,0.607333,9.227661,20048.688804,5.827201,15.690361,8.839810,2025-10-12 23:01:49
2269,10,30000,1500,0.585333,8.857125,20057.545929,5.827201,15.690361,8.839818,2025-10-12 23:01:58
2270,10,30000,1500,0.694000,9.401055,20066.946984,5.827201,15.690361,8.840065,2025-10-12 23:02:07
2271,10,30000,1500,0.737333,9.277962,20076.224946,5.827201,15.690361,8.840258,2025-10-12 23:02:16
2272,10,30000,1500,0.806000,9.018675,20085.243621,5.827201,15.690361,8.840336,2025-10-12 23:02:25
2273,10,30000,1500,0.680000,8.967784,20094.211405,5.827201,15.690361,8.840392,2025-10-12 23:02:34
2274,10,30000,1500,0.714000,9.034652,20103.246056,5.827201,15.690361,8.840478,2025-10-12 23:02:43
2275,10,30000,1500,0.700667,9.374090,20112.620146,5.827201,15.690361,8.840712,2025-10-12 23:02:53
2276,10,30000,1500,0.680000,9.015821,20121.635967,5.827201,15.690361,8.840789,2025-10-12 23:03:02
2277,10,30000,1500,0.780000,8.819194,20130.455161,5.827201,15.690361,8.840780,2025-10-12 23:03:11
2278,10,30000,1500,0.694667,9.000009,20139.455170,5.827201,15.690361,8.840850,2025-10-12 23:03:20
2279,10,30000,1500,0.733333,9.191755,20148.646925,5.827201,15.690361,8.841003,2025-10-12 23:03:29
2280,10,30000,1500,0.622000,9.337746,20157.984672,5.827201,15.690361,8.841221,2025-10-12 23:03:38
2281,10,30000,1500,0.674667,8.814653,20166.799325,5.827201,15.690361,8.841210,2025-10-12 23:03:47
2282,10,30000,1500,0.628000,9.318890,20176.118214,5.827201,15.690361,8.841419,2025-10-12 23:03:56
2283,10,30000,1500,0.730000,8.781579,20184.899793,5.827201,15.690361,8.841393,2025-10-12 23:04:05
2284,10,30000,1500,0.594000,9.563145,20194.462938,5.827201,15.690361,8.841709,2025-10-12 23:04:15
2285,10,30000,1500,0.700667,8.981473,20203.444411,5.827201,15.690361,8.841770,2025-10-12 23:04:24
2286,10,30000,1500,0.625333,9.031427,20212.475839,5.827201,15.690361,8.841853,2025-10-12 23:04:33
2287,10,30000,1500,0.636000,8.786871,20221.262710,5.827201,15.690361,8.841829,2025-10-12 23:04:41
2288,10,30000,1500,0.689333,9.273426,20230.536136,5.827201,15.690361,8.842018,2025-10-12 23:04:51
2289,10,30000,1500,0.678000,9.101673,20239.637809,5.827201,15.690361,8.842131,2025-10-12 23:05:00
2290,10,30000,1500,0.675333,8.968974,20248.606783,5.827201,15.690361,8.842186,2025-10-12 23:05:09
2291,10,30000,1500,0.689333,9.021178,20257.627961,5.827201,15.690361,8.842264,2025-10-12 23:05:18
2292,10,30000,1500,0.615333,8.763320,20266.391281,5.827201,15.690361,8.842230,2025-10-12 23:05:26
2293,10,30000,1500,0.777333,9.419962,20275.811244,5.827201,15.690361,8.842482,2025-10-12 23:05:36
2294,10,30000,1500,0.665333,8.643256,20284.454500,5.827201,15.690361,8.842395,2025-10-12 23:05:45
2295,10,30000,1500,0.712000,9.401014,20293.855514,5.827201,15.690361,8.842639,2025-10-12 23:05:54
2296,10,30000,1500,0.658000,8.999527,20302.855041,5.827201,15.690361,8.842707,2025-10-12 23:06:03
2297,10,30000,1500,0.628667,8.873504,20311.728545,5.827201,15.690361,8.842720,2025-10-12 23:06:12
2298,10,30000,1500,0.646000,9.453245,20321.181790,5.827201,15.690361,8.842986,2025-10-12 23:06:21
2299,10,30000,1500,0.681333,7.955947,20329.137738,5.827201,15.690361,8.842600,2025-10-12 23:06:29
2300,10,30000,1500,0.671333,9.377407,20338.515144,5.827201,15.690361,8.842833,2025-10-12 23:06:39
2301,10,30000,1500,0.603333,8.954693,20347.469837,5.827201,15.690361,8.842881,2025-10-12 23:06:48
2302,10,30000,1500,0.706667,9.367391,20356.837228,5.827201,15.690361,8.843109,2025-10-12 23:06:57
2303,10,30000,1500,0.666667,8.556645,20365.393873,5.827201,15.690361,8.842985,2025-10-12 23:07:06
2304,10,30000,1500,0.655333,8.953300,20374.347173,5.827201,15.690361,8.843033,2025-10-12 23:07:14
2305,10,30000,1500,0.663333,9.073987,20383.421160,5.827201,15.690361,8.843133,2025-10-12 23:07:24
2306,10,30000,1500,0.642000,8.707821,20392.128981,5.827201,15.690361,8.843074,2025-10-12 23:07:32
2307,10,30000,1500,0.678667,9.451623,20401.580604,5.827201,15.690361,8.843338,2025-10-12 23:07:42
2308,10,30000,1500,0.636000,8.901209,20410.481813,5.827201,15.690361,8.843363,2025-10-12 23:07:51
2309,10,30000,1500,0.608667,8.974708,20419.456521,5.827201,15.690361,8.843420,2025-10-12 23:08:00
2310,10,30000,1500,0.638667,8.986884,20428.443405,5.827201,15.690361,8.843482,2025-10-12 23:08:09
2311,10,30000,1500,0.658667,9.131803,20437.575209,5.827201,15.690361,8.843607,2025-10-12 23:08:18
2312,10,30000,1500,0.665333,8.991141,20446.566350,5.827201,15.690361,8.843671,2025-10-12 23:08:27
2313,10,30000,1500,0.595333,8.508384,20455.074734,5.827201,15.690361,8.843526,2025-10-12 23:08:35
2314,10,30000,1500,0.616667,9.245774,20464.320508,5.827201,15.690361,8.843699,2025-10-12 23:08:44
2315,10,30000,1500,0.580667,8.711825,20473.032334,5.827201,15.690361,8.843642,2025-10-12 23:08:53
2316,10,30000,1500,0.651333,9.148057,20482.180391,5.827201,15.690361,8.843774,2025-10-12 23:09:02
2317,10,30000,1500,0.622000,8.819540,20490.999931,5.827201,15.690361,8.843763,2025-10-12 23:09:11
2318,10,30000,1500,0.596000,8.839583,20499.839513,5.827201,15.690361,8.843762,2025-10-12 23:09:20
2319,10,30000,1500,0.650000,9.587342,20509.426856,5.827201,15.690361,8.844082,2025-10-12 23:09:30
2320,10,30000,1500,0.624667,8.328151,20517.755007,5.827201,15.690361,8.843860,2025-10-12 23:09:38
2321,10,30000,1500,0.650000,9.491913,20527.246920,5.827201,15.690361,8.844139,2025-10-12 23:09:47
2322,10,30000,1500,0.612667,8.998569,20536.245489,5.827201,15.690361,8.844206,2025-10-12 23:09:56
2323,10,30000,1500,0.581333,8.729783,20544.975272,5.827201,15.690361,8.844156,2025-10-12 23:10:05
2324,10,30000,1500,0.635333,9.064506,20554.039778,5.827201,15.690361,8.844251,2025-10-12 23:10:14
2325,10,30000,1500,0.563333,9.150282,20563.190060,5.827201,15.690361,8.844383,2025-10-12 23:10:23
2326,10,30000,1500,0.582000,9.116396,20572.306455,5.827201,15.690361,8.844500,2025-10-12 23:10:32
2327,10,30000,1500,0.611333,8.367027,20580.673482,5.827201,15.690361,8.844295,2025-10-12 23:10:41
2328,10,30000,1500,0.601333,8.790432,20589.463914,5.827201,15.690361,8.844271,2025-10-12 23:10:50
2329,10,30000,1500,0.555333,8.555296,20598.019211,5.827201,15.690361,8.844147,2025-10-12 23:10:58
2330,10,30000,1500,0.640667,9.002504,20607.021715,5.827201,15.690361,8.844215,2025-10-12 23:11:07
2331,10,30000,1500,0.624667,8.895130,20615.916845,5.827201,15.690361,8.844237,2025-10-12 23:11:16
2332,10,30000,1500,0.644000,8.636344,20624.553188,5.827201,15.690361,8.844148,2025-10-12 23:11:25
2333,10,30000,1500,0.671333,9.075047,20633.628236,5.827201,15.690361,8.844247,2025-10-12 23:11:34
2334,10,30000,1500,0.591333,8.934334,20642.562569,5.827201,15.690361,8.844286,2025-10-12 23:11:43
2335,10,30000,1500,0.654000,9.212812,20651.775381,5.827201,15.690361,8.844443,2025-10-12 23:11:52
2336,10,30000,1500,0.558667,8.703372,20660.478753,5.827201,15.690361,8.844383,2025-10-12 23:12:01
2337,10,30000,1500,0.633333,9.096338,20669.575091,5.827201,15.690361,8.844491,2025-10-12 23:12:10
2338,10,30000,1500,0.624667,9.252379,20678.827470,5.827201,15.690361,8.844665,2025-10-12 23:12:19
2339,10,30000,1500,0.621333,8.401158,20687.228628,5.827201,15.690361,8.844476,2025-10-12 23:12:27
2340,10,30000,1500,0.595333,8.706962,20695.935591,5.827201,15.690361,8.844417,2025-10-12 23:12:36
2341,10,30000,1500,0.659333,8.623327,20704.558917,5.827201,15.690361,8.844322,2025-10-12 23:12:45
2342,10,30000,1500,0.717333,9.330616,20713.889533,5.827201,15.690361,8.844530,2025-10-12 23:12:54
2343,10,30000,1500,0.614000,8.703416,20722.592949,5.827201,15.690361,8.844470,2025-10-12 23:13:03
2344,10,30000,1500,0.628000,9.309061,20731.902010,5.827201,15.690361,8.844668,2025-10-12 23:13:12
2345,10,30000,1500,0.589333,9.166734,20741.068744,5.827201,15.690361,8.844805,2025-10-12 23:13:21
2346,10,30000,1500,0.652000,8.458865,20749.527609,5.827201,15.690361,8.844641,2025-10-12 23:13:30
2347,10,30000,1500,0.704000,9.451585,20758.979195,5.827201,15.690361,8.844900,2025-10-12 23:13:39
2348,10,30000,1500,0.645333,8.814411,20767.793605,5.827201,15.690361,8.844887,2025-10-12 23:13:48
2349,10,30000,1500,0.714000,9.448862,20777.242467,5.827201,15.690361,8.845144,2025-10-12 23:13:57
2350,10,30000,1500,0.596667,8.805970,20786.048438,5.827201,15.690361,8.845127,2025-10-12 23:14:06
2351,10,30000,1500,0.654667,9.426471,20795.474909,5.827201,15.690361,8.845374,2025-10-12 23:14:16
2352,10,30000,1500,0.660667,8.720744,20804.195654,5.827201,15.690361,8.845321,2025-10-12 23:14:24
2353,10,30000,1500,0.686000,8.636780,20812.832433,5.827201,15.690361,8.845233,2025-10-12 23:14:33
2354,10,30000,1500,0.618667,9.355875,20822.188309,5.827201,15.690361,8.845450,2025-10-12 23:14:42
2355,10,30000,1500,0.722667,8.588384,20830.776693,5.827201,15.690361,8.845340,2025-10-12 23:14:51
2356,10,30000,1500,0.638000,8.925883,20839.702576,5.827201,15.690361,8.845375,2025-10-12 23:15:00
2357,10,30000,1500,0.668000,8.712897,20848.415473,5.827201,15.690361,8.845318,2025-10-12 23:15:09
2358,10,30000,1500,0.726000,8.928447,20857.343920,5.827201,15.690361,8.845354,2025-10-12 23:15:18
2359,10,30000,1500,0.706000,9.070892,20866.414812,5.827201,15.690361,8.845449,2025-10-12 23:15:27
2360,10,30000,1500,0.613333,9.183337,20875.598149,5.827201,15.690361,8.845592,2025-10-12 23:15:36
2361,10,30000,1500,0.612000,9.428728,20885.026878,5.827201,15.690361,8.845839,2025-10-12 23:15:45
2362,10,30000,1500,0.579333,8.735337,20893.762215,5.827201,15.690361,8.845793,2025-10-12 23:15:54
2363,10,30000,1500,0.715333,8.789894,20902.552109,5.827201,15.690361,8.845769,2025-10-12 23:16:03
2364,10,30000,1500,0.632667,8.748104,20911.300213,5.827201,15.690361,8.845728,2025-10-12 23:16:12
2365,10,30000,1500,0.674667,9.005846,20920.306059,5.827201,15.690361,8.845795,2025-10-12 23:16:21
2366,10,30000,1500,0.596000,8.598319,20928.904379,5.827201,15.690361,8.845691,2025-10-12 23:16:29
2367,10,30000,1500,0.623333,9.144820,20938.049199,5.827201,15.690361,8.845817,2025-10-12 23:16:38
2368,10,30000,1500,0.649333,9.368684,20947.417883,5.827201,15.690361,8.846038,2025-10-12 23:16:48
2369,10,30000,1500,0.659333,8.757939,20956.175822,5.827201,15.690361,8.846001,2025-10-12 23:16:56
2370,10,30000,1500,0.662000,9.506899,20965.682721,5.827201,15.690361,8.846280,2025-10-12 23:17:06
2371,10,30000,1500,0.678667,8.732945,20974.415666,5.827201,15.690361,8.846232,2025-10-12 23:17:15
2372,10,30000,1500,0.751333,8.644672,20983.060338,5.827201,15.690361,8.846147,2025-10-12 23:17:23
2373,10,30000,1500,0.748000,8.521754,20991.582092,5.827201,15.690361,8.846010,2025-10-12 23:17:32
2374,10,30000,1500,0.718667,8.933112,21000.515205,5.827201,15.690361,8.846047,2025-10-12 23:17:41
2375,10,30000,1500,0.665333,9.386451,21009.901656,5.827201,15.690361,8.846274,2025-10-12 23:17:50
2376,10,30000,1500,0.692667,8.639105,21018.540761,5.827201,15.690361,8.846187,2025-10-12 23:17:59
2377,10,30000,1500,0.712000,9.142759,21027.683520,5.827201,15.690361,8.846312,2025-10-12 23:18:08
2378,10,30000,1500,0.648000,8.579236,21036.262756,5.827201,15.690361,8.846200,2025-10-12 23:18:17
2379,10,30000,1500,0.692667,9.216609,21045.479365,5.827201,15.690361,8.846355,2025-10-12 23:18:26
2380,10,30000,1500,0.624667,8.970304,21054.449670,5.827201,15.690361,8.846407,2025-10-12 23:18:35
2381,10,30000,1500,0.682000,8.539346,21062.989016,5.827201,15.690361,8.846278,2025-10-12 23:18:43
2382,10,30000,1500,0.690000,9.573246,21072.562262,5.827201,15.690361,8.846584,2025-10-12 23:18:53
2383,10,30000,1500,0.666667,8.792001,21081.354262,5.827201,15.690361,8.846561,2025-10-12 23:19:02
2384,10,30000,1500,0.662667,8.562194,21089.916456,5.827201,15.690361,8.846441,2025-10-12 23:19:10
2385,10,30000,1500,0.609333,8.919654,21098.836111,5.827201,15.690361,8.846472,2025-10-12 23:19:19
2386,10,30000,1500,0.606667,9.334471,21108.170582,5.827201,15.690361,8.846677,2025-10-12 23:19:28
2387,10,30000,1500,0.635333,8.696190,21116.866772,5.827201,15.690361,8.846614,2025-10-12 23:19:37
2388,10,30000,1500,0.646000,8.713788,21125.580560,5.827201,15.690361,8.846558,2025-10-12 23:19:46
2389,10,30000,1500,0.570000,9.079520,21134.660081,5.827201,15.690361,8.846656,2025-10-12 23:19:55
2390,10,30000,1500,0.653333,8.841228,21143.501309,5.827201,15.690361,8.846653,2025-10-12 23:20:04
2391,10,30000,1500,0.596667,9.110654,21152.611963,5.827201,15.690361,8.846764,2025-10-12 23:20:13
2392,10,30000,1500,0.670000,8.926870,21161.538834,5.827201,15.690361,8.846797,2025-10-12 23:20:22
2393,10,30000,1500,0.666667,9.066810,21170.605644,5.827201,15.690361,8.846889,2025-10-12 23:20:31
2394,10,30000,1500,0.638667,8.914014,21179.519658,5.827201,15.690361,8.846917,2025-10-12 23:20:40
2395,10,30000,1500,0.648667,8.701212,21188.220870,5.827201,15.690361,8.846856,2025-10-12 23:20:49
2396,10,30000,1500,0.617333,8.765435,21196.986305,5.827201,15.690361,8.846822,2025-10-12 23:20:57
2397,10,30000,1500,0.612000,8.715946,21205.702251,5.827201,15.690361,8.846768,2025-10-12 23:21:06
2398,10,30000,1500,0.683333,9.054002,21214.756252,5.827201,15.690361,8.846854,2025-10-12 23:21:15
2399,10,30000,1500,0.630667,9.336164,21224.092416,5.827201,15.690361,8.847058,2025-10-12 23:21:24
2400,10,30000,1500,0.635333,8.948156,21233.040572,5.827201,15.690361,8.847100,2025-10-12 23:21:33
2401,10,30000,1500,0.620000,8.862699,21241.903270,5.827201,15.690361,8.847107,2025-10-12 23:21:42
2402,10,30000,1500,0.635333,8.693646,21250.596916,5.827201,15.690361,8.847043,2025-10-12 23:21:51
2403,10,30000,1500,0.642667,8.900792,21259.497709,5.827201,15.690361,8.847065,2025-10-12 23:22:00
2404,10,30000,1500,0.628000,8.675244,21268.172953,5.827201,15.690361,8.846994,2025-10-12 23:22:09
2405,10,30000,1500,0.601333,9.288397,21277.461350,5.827201,15.690361,8.847177,2025-10-12 23:22:18
2406,10,30000,1500,0.643333,8.872638,21286.333988,5.827201,15.690361,8.847188,2025-10-12 23:22:27
2407,10,30000,1500,0.674667,8.762181,21295.096169,5.827201,15.690361,8.847153,2025-10-12 23:22:35
2408,10,30000,1500,0.635333,9.262087,21304.358256,5.827201,15.690361,8.847325,2025-10-12 23:22:45
2409,10,30000,1500,0.646000,8.927995,21313.286251,5.827201,15.690361,8.847358,2025-10-12 23:22:54
2410,10,30000,1500,0.630667,9.016919,21322.303169,5.827201,15.690361,8.847429,2025-10-12 23:23:03
2411,10,30000,1500,0.638667,8.466823,21330.769993,5.827201,15.690361,8.847271,2025-10-12 23:23:11
2412,10,30000,1500,0.644667,9.577570,21340.347563,5.827201,15.690361,8.847574,2025-10-12 23:23:21
2413,10,30000,1500,0.734000,8.943522,21349.291085,5.827201,15.690361,8.847613,2025-10-12 23:23:30
2414,10,30000,1500,0.637333,9.028676,21358.319761,5.827201,15.690361,8.847688,2025-10-12 23:23:39
2415,10,30000,1500,0.724667,9.308599,21367.628361,5.827201,15.690361,8.847879,2025-10-12 23:23:48
2416,10,30000,1500,0.655333,8.613384,21376.241745,5.827201,15.690361,8.847782,2025-10-12 23:23:57
2417,10,30000,1500,0.696000,8.402978,21384.644723,5.827201,15.690361,8.847598,2025-10-12 23:24:05
2418,10,30000,1500,0.744000,8.878180,21393.522903,5.827201,15.690361,8.847611,2025-10-12 23:24:14
2419,10,30000,1500,0.740667,9.086074,21402.608977,5.827201,15.690361,8.847709,2025-10-12 23:24:23
2420,10,30000,1500,0.626000,9.120781,21411.729758,5.827201,15.690361,8.847822,2025-10-12 23:24:32
2421,10,30000,1500,0.636667,9.221936,21420.951694,5.827201,15.690361,8.847977,2025-10-12 23:24:41
2422,10,30000,1500,0.719333,9.201420,21430.153114,5.827201,15.690361,8.848123,2025-10-12 23:24:51
2423,10,30000,1500,0.690000,9.018521,21439.171635,5.827201,15.690361,8.848193,2025-10-12 23:25:00
2424,10,30000,1500,0.711333,8.685724,21447.857359,5.827201,15.690361,8.848126,2025-10-12 23:25:08
2425,10,30000,1500,0.668667,9.120642,21456.978002,5.827201,15.690361,8.848238,2025-10-12 23:25:17
2426,10,30000,1500,0.632667,8.964529,21465.942531,5.827201,15.690361,8.848286,2025-10-12 23:25:26
2427,10,30000,1500,0.706667,9.170540,21475.113070,5.827201,15.690361,8.848419,2025-10-12 23:25:36
2428,10,30000,1500,0.708000,9.164094,21484.277164,5.827201,15.690361,8.848549,2025-10-12 23:25:45
2429,10,30000,1500,0.704667,8.686967,21492.964131,5.827201,15.690361,8.848483,2025-10-12 23:25:53
2430,10,30000,1500,0.724667,8.246099,21501.210230,5.827201,15.690361,8.848235,2025-10-12 23:26:02
2431,10,30000,1500,0.676667,8.713400,21509.923629,5.827201,15.690361,8.848179,2025-10-12 23:26:10
2432,10,30000,1500,0.677333,9.041519,21518.965148,5.827201,15.690361,8.848259,2025-10-12 23:26:19
2433,10,30000,1500,0.710000,8.999317,21527.964465,5.827201,15.690361,8.848321,2025-10-12 23:26:28
2434,10,30000,1500,0.661333,8.978282,21536.942747,5.827201,15.690361,8.848374,2025-10-12 23:26:37
2435,10,30000,1500,0.634667,8.649111,21545.591858,5.827201,15.690361,8.848292,2025-10-12 23:26:46
2436,10,30000,1500,0.663333,8.995546,21554.587404,5.827201,15.690361,8.848353,2025-10-12 23:26:55
2437,10,30000,1500,0.674000,8.905658,21563.493062,5.827201,15.690361,8.848376,2025-10-12 23:27:04
2438,10,30000,1500,0.665333,8.800019,21572.293081,5.827201,15.690361,8.848356,2025-10-12 23:27:13
2439,10,30000,1500,0.590667,9.228730,21581.521811,5.827201,15.690361,8.848512,2025-10-12 23:27:22
2440,10,30000,1500,0.653333,8.806988,21590.328800,5.827201,15.690361,8.848495,2025-10-12 23:27:31
2441,10,30000,1500,0.594667,8.526696,21598.855496,5.827201,15.690361,8.848364,2025-10-12 23:27:39
2442,10,30000,1500,0.624667,8.761960,21607.617456,5.827201,15.690361,8.848328,2025-10-12 23:27:48
2443,10,30000,1500,0.642667,8.787389,21616.404845,5.827201,15.690361,8.848303,2025-10-12 23:27:57
2444,10,30000,1500,0.609333,9.203202,21625.608048,5.827201,15.690361,8.848448,2025-10-12 23:28:06
2445,10,30000,1500,0.599333,9.269783,21634.877831,5.827201,15.690361,8.848621,2025-10-12 23:28:15
2446,10,30000,1500,0.653333,9.236409,21644.114240,5.827201,15.690361,8.848779,2025-10-12 23:28:25
2447,10,30000,1500,0.676667,8.703963,21652.818203,5.827201,15.690361,8.848720,2025-10-12 23:28:33
2448,10,30000,1500,0.630667,8.842012,21661.660215,5.827201,15.690361,8.848717,2025-10-12 23:28:42
2449,10,30000,1500,0.591333,8.842687,21670.502902,5.827201,15.690361,8.848715,2025-10-12 23:28:51
2450,10,30000,1500,0.673333,9.152200,21679.655102,5.827201,15.690361,8.848839,2025-10-12 23:29:00
2451,10,30000,1500,0.613333,8.756117,21688.411219,5.827201,15.690361,8.848801,2025-10-12 23:29:09
2452,10,30000,1500,0.618667,8.875400,21697.286619,5.827201,15.690361,8.848812,2025-10-12 23:29:18
2453,10,30000,1500,0.653333,9.691988,21706.978607,5.827201,15.690361,8.849156,2025-10-12 23:29:27
2454,10,30000,1500,0.638667,8.957171,21715.935777,5.827201,15.690361,8.849200,2025-10-12 23:29:36
2455,10,30000,1500,0.568667,8.654973,21724.590750,5.827201,15.690361,8.849120,2025-10-12 23:29:45
2456,10,30000,1500,0.669333,9.091494,21733.682244,5.827201,15.690361,8.849219,2025-10-12 23:29:54
2457,10,30000,1500,0.635333,8.659613,21742.341857,5.827201,15.690361,8.849142,2025-10-12 23:30:03
2458,10,30000,1500,0.637333,8.859148,21751.201006,5.827201,15.690361,8.849146,2025-10-12 23:30:12
2459,10,30000,1500,0.669333,9.195638,21760.396644,5.827201,15.690361,8.849287,2025-10-12 23:30:21
2460,10,30000,1500,0.605333,9.274343,21769.670987,5.827201,15.690361,8.849460,2025-10-12 23:30:30
2461,10,30000,1500,0.603333,8.749193,21778.420180,5.827201,15.690361,8.849419,2025-10-12 23:30:39
2462,10,30000,1500,0.628000,9.371806,21787.791986,5.827201,15.690361,8.849631,2025-10-12 23:30:48
2463,10,30000,1500,0.630000,8.901107,21796.693093,5.827201,15.690361,8.849652,2025-10-12 23:30:57
2464,10,30000,1500,0.634000,8.505505,21805.198598,5.827201,15.690361,8.849512,2025-10-12 23:31:06
2465,10,30000,1500,0.580000,9.028139,21814.226737,5.827201,15.690361,8.849585,2025-10-12 23:31:15
2466,10,30000,1500,0.622667,8.907076,21823.133812,5.827201,15.690361,8.849608,2025-10-12 23:31:24
2467,10,30000,1500,0.683333,8.934906,21832.068718,5.827201,15.690361,8.849643,2025-10-12 23:31:33
2468,10,30000,1500,0.684000,8.912477,21840.981195,5.827201,15.690361,8.849668,2025-10-12 23:31:42
2469,10,30000,1500,0.608000,9.710292,21850.691486,5.827201,15.690361,8.850017,2025-10-12 23:31:51
2470,10,30000,1500,0.662667,9.094193,21859.785679,5.827201,15.690361,8.850116,2025-10-12 23:32:00
2471,10,30000,1500,0.602000,8.443468,21868.229147,5.827201,15.690361,8.849951,2025-10-12 23:32:09
2472,10,30000,1500,0.615333,8.866973,21877.096121,5.827201,15.690361,8.849958,2025-10-12 23:32:18
2473,10,30000,1500,0.676000,9.119440,21886.215561,5.827201,15.690361,8.850067,2025-10-12 23:32:27
2474,10,30000,1500,0.643333,9.609769,21895.825330,5.827201,15.690361,8.850374,2025-10-12 23:32:36
2475,10,30000,1500,0.616667,8.558637,21904.383967,5.827201,15.690361,8.850256,2025-10-12 23:32:45
2476,10,30000,1500,0.654667,8.943097,21913.327064,5.827201,15.690361,8.850294,2025-10-12 23:32:54
2477,10,30000,1500,0.645333,8.195519,21921.522583,5.827201,15.690361,8.850029,2025-10-12 23:33:02
2478,10,30000,1500,0.632667,8.929519,21930.452102,5.827201,15.690361,8.850061,2025-10-12 23:33:11
2479,10,30000,1500,0.714667,9.046685,21939.498787,5.827201,15.690361,8.850141,2025-10-12 23:33:20
2480,10,30000,1500,0.610667,8.851409,21948.350196,5.827201,15.690361,8.850141,2025-10-12 23:33:29
2481,10,30000,1500,0.692000,9.274237,21957.624433,5.827201,15.690361,8.850312,2025-10-12 23:33:38
2482,10,30000,1500,0.604667,8.603792,21966.228225,5.827201,15.690361,8.850213,2025-10-12 23:33:47
2483,10,30000,1500,0.654000,9.274711,21975.502936,5.827201,15.690361,8.850384,2025-10-12 23:33:56
2484,10,30000,1500,0.660000,8.953594,21984.456530,5.827201,15.690361,8.850425,2025-10-12 23:34:05
2485,10,30000,1500,0.693333,8.774165,21993.230695,5.827201,15.690361,8.850395,2025-10-12 23:34:14
2486,10,30000,1500,0.641333,9.058060,22002.288755,5.827201,15.690361,8.850478,2025-10-12 23:34:23
2487,10,30000,1500,0.606000,9.071997,22011.360752,5.827201,15.690361,8.850567,2025-10-12 23:34:32
2488,10,30000,1500,0.594000,9.386583,22020.747335,5.827201,15.690361,8.850783,2025-10-12 23:34:41
2489,10,30000,1500,0.672667,8.515978,22029.263314,5.827201,15.690361,8.850648,2025-10-12 23:34:50
2490,10,30000,1500,0.614667,9.127210,22038.390523,5.827201,15.690361,8.850759,2025-10-12 23:34:59
2491,10,30000,1500,0.608667,8.189745,22046.580269,5.827201,15.690361,8.850494,2025-10-12 23:35:07
2492,10,30000,1500,0.624667,8.691824,22055.272092,5.827201,15.690361,8.850430,2025-10-12 23:35:16
2493,10,30000,1500,0.628667,8.805389,22064.077482,5.827201,15.690361,8.850412,2025-10-12 23:35:25
2494,10,30000,1500,0.620000,8.931671,22073.009153,5.827201,15.690361,8.850445,2025-10-12 23:35:34
2495,10,30000,1500,0.610667,8.919099,22081.928252,5.827201,15.690361,8.850472,2025-10-12 23:35:43
2496,10,30000,1500,0.643333,8.750234,22090.678486,5.827201,15.690361,8.850432,2025-10-12 23:35:51
2497,10,30000,1500,0.639333,8.792031,22099.470517,5.827201,15.690361,8.850409,2025-10-12 23:36:00
2498,10,30000,1500,0.707333,9.026195,22108.496712,5.827201,15.690361,8.850479,2025-10-12 23:36:09
2499,10,30000,1500,0.687333,9.045653,22117.542364,5.827201,15.690361,8.850557,2025-10-12 23:36:18
2500,10,30000,1500,0.676667,9.240717,22126.783081,5.827201,15.690361,8.850713,2025-10-12 23:36:27
2501,10,30000,1500,0.662000,8.682294,22135.465376,5.827201,15.690361,8.850646,2025-10-12 23:36:36
2502,10,30000,1500,0.694667,9.193000,22144.658375,5.827201,15.690361,8.850783,2025-10-12 23:36:45
2503,10,30000,1500,0.655333,8.428150,22153.086525,5.827201,15.690361,8.850614,2025-10-12 23:36:54
2504,10,30000,1500,0.618000,9.255640,22162.342166,5.827201,15.690361,8.850776,2025-10-12 23:37:03
2505,10,30000,1500,0.693333,9.050593,22171.392759,5.827201,15.690361,8.850855,2025-10-12 23:37:12
2506,10,30000,1500,0.634667,9.025185,22180.417944,5.827201,15.690361,8.850925,2025-10-12 23:37:21
2507,10,30000,1500,0.631333,9.297216,22189.715159,5.827201,15.690361,8.851103,2025-10-12 23:37:30
2508,10,30000,1500,0.686000,8.683286,22198.398445,5.827201,15.690361,8.851036,2025-10-12 23:37:39
2509,10,30000,1500,0.660000,8.877900,22207.276346,5.827201,15.690361,8.851047,2025-10-12 23:37:48
2510,10,30000,1500,0.622667,8.270564,22215.546910,5.827201,15.690361,8.850816,2025-10-12 23:37:56
2511,10,30000,1500,0.634667,9.316969,22224.863879,5.827201,15.690361,8.851001,2025-10-12 23:38:06
2512,10,30000,1500,0.597333,8.846144,22233.710023,5.827201,15.690361,8.850999,2025-10-12 23:38:14
2513,10,30000,1500,0.588000,8.946279,22242.656302,5.827201,15.690361,8.851037,2025-10-12 23:38:23
2514,10,30000,1500,0.625333,9.220319,22251.876621,5.827201,15.690361,8.851184,2025-10-12 23:38:33
2515,10,30000,1500,0.566000,9.071819,22260.948440,5.827201,15.690361,8.851272,2025-10-12 23:38:42
2516,10,30000,1500,0.583333,9.155808,22270.104247,5.827201,15.690361,8.851393,2025-10-12 23:38:51
2517,10,30000,1500,0.601333,8.470549,22278.574797,5.827201,15.690361,8.851241,2025-10-12 23:38:59
2518,10,30000,1500,0.636000,9.434996,22288.009793,5.827201,15.690361,8.851473,2025-10-12 23:39:09
2519,10,30000,1500,0.618000,8.313635,22296.323428,5.827201,15.690361,8.851260,2025-10-12 23:39:17
2520,10,30000,1500,0.612000,9.030032,22305.353460,5.827201,15.690361,8.851331,2025-10-12 23:39:26
2521,10,30000,1500,0.656667,8.606017,22313.959477,5.827201,15.690361,8.851233,2025-10-12 23:39:35
2522,10,30000,1500,0.608667,8.294919,22322.254396,5.827201,15.690361,8.851013,2025-10-12 23:39:43
2523,10,30000,1500,0.577333,8.654578,22330.908974,5.827201,15.690361,8.850935,2025-10-12 23:39:52
2524,10,30000,1500,0.649333,8.662900,22339.571874,5.827201,15.690361,8.850860,2025-10-12 23:40:00
2525,10,30000,1500,0.610667,9.346000,22348.917874,5.827201,15.690361,8.851057,2025-10-12 23:40:10
2526,10,30000,1500,0.568000,9.031347,22357.949220,5.827201,15.690361,8.851128,2025-10-12 23:40:19
2527,10,30000,1500,0.635333,8.993358,22366.942578,5.827201,15.690361,8.851184,2025-10-12 23:40:28
2528,10,30000,1500,0.623333,9.215786,22376.158364,5.827201,15.690361,8.851328,2025-10-12 23:40:37
2529,10,30000,1500,0.578000,8.748448,22384.906812,5.827201,15.690361,8.851288,2025-10-12 23:40:46
2530,10,30000,1500,0.602667,8.934968,22393.841780,5.827201,15.690361,8.851321,2025-10-12 23:40:55
2531,10,30000,1500,0.602000,8.602292,22402.444072,5.827201,15.690361,8.851222,2025-10-12 23:41:03
2532,10,30000,1500,0.588667,9.060418,22411.504490,5.827201,15.690361,8.851305,2025-10-12 23:41:12
2533,10,30000,1500,0.621333,9.143995,22420.648485,5.827201,15.690361,8.851421,2025-10-12 23:41:21
2534,10,30000,1500,0.570000,9.206694,22429.855180,5.827201,15.690361,8.851561,2025-10-12 23:41:31
2535,10,30000,1500,0.605333,9.386262,22439.241442,5.827201,15.690361,8.851772,2025-10-12 23:41:40
2536,10,30000,1500,0.664000,8.992518,22448.233960,5.827201,15.690361,8.851827,2025-10-12 23:41:49
2537,10,30000,1500,0.646667,9.508410,22457.742370,5.827201,15.690361,8.852086,2025-10-12 23:41:58
2538,10,30000,1500,0.604667,8.741756,22466.484126,5.827201,15.690361,8.852043,2025-10-12 23:42:07
2539,10,30000,1500,0.709333,9.127866,22475.611992,5.827201,15.690361,8.852151,2025-10-12 23:42:16
2540,10,30000,1500,0.628667,8.656111,22484.268103,5.827201,15.690361,8.852074,2025-10-12 23:42:25
2541,10,30000,1500,0.650000,9.421018,22493.689121,5.827201,15.690361,8.852298,2025-10-12 23:42:34
2542,10,30000,1500,0.652000,9.121912,22502.811034,5.827201,15.690361,8.852404,2025-10-12 23:42:44
2543,10,30000,1500,0.660667,9.008389,22511.819423,5.827201,15.690361,8.852465,2025-10-12 23:42:53
2544,10,30000,1500,0.661333,9.315297,22521.134720,5.827201,15.690361,8.852647,2025-10-12 23:43:02
2545,10,30000,1500,0.679333,8.592029,22529.726750,5.827201,15.690361,8.852545,2025-10-12 23:43:10
2546,10,30000,1500,0.615333,9.620644,22539.347394,5.827201,15.690361,8.852847,2025-10-12 23:43:20
2547,10,30000,1500,0.619333,9.182972,22548.530366,5.827201,15.690361,8.852976,2025-10-12 23:43:29
2548,10,30000,1500,0.670667,8.958342,22557.488708,5.827201,15.690361,8.853018,2025-10-12 23:43:38
2549,10,30000,1500,0.651333,8.861431,22566.350139,5.827201,15.690361,8.853021,2025-10-12 23:43:47
2550,10,30000,1500,0.690667,9.353891,22575.704030,5.827201,15.690361,8.853217,2025-10-12 23:43:56
2551,10,30000,1500,0.634000,9.405446,22585.109476,5.827201,15.690361,8.853434,2025-10-12 23:44:06
2552,10,30000,1500,0.596667,8.540830,22593.650306,5.827201,15.690361,8.853311,2025-10-12 23:44:14
2553,10,30000,1500,0.629333,8.822265,22602.472571,5.827201,15.690361,8.853299,2025-10-12 23:44:23
2554,10,30000,1500,0.628000,8.324375,22610.796946,5.827201,15.690361,8.853092,2025-10-12 23:44:32
2555,10,30000,1500,0.634667,9.460640,22620.257586,5.827201,15.690361,8.853330,2025-10-12 23:44:41
2556,10,30000,1500,0.669333,9.016882,22629.274468,5.827201,15.690361,8.853394,2025-10-12 23:44:50
2557,10,30000,1500,0.617333,9.455811,22638.730280,5.827201,15.690361,8.853629,2025-10-12 23:44:59
2558,10,30000,1500,0.646667,8.670633,22647.400913,5.827201,15.690361,8.853558,2025-10-12 23:45:08
2559,10,30000,1500,0.589333,8.770497,22656.171410,5.827201,15.690361,8.853525,2025-10-12 23:45:17
2560,10,30000,1500,0.566667,9.281672,22665.453081,5.827201,15.690361,8.853693,2025-10-12 23:45:26
2561,10,30000,1500,0.657333,9.105959,22674.559041,5.827201,15.690361,8.853791,2025-10-12 23:45:35
2562,10,30000,1500,0.582667,8.844694,22683.403735,5.827201,15.690361,8.853788,2025-10-12 23:45:44
2563,10,30000,1500,0.632000,8.764747,22692.168482,5.827201,15.690361,8.853753,2025-10-12 23:45:53
2564,10,30000,1500,0.637333,8.966135,22701.134617,5.827201,15.690361,8.853797,2025-10-12 23:46:02
2565,10,30000,1500,0.632000,8.725569,22709.860186,5.827201,15.690361,8.853747,2025-10-12 23:46:11
2566,10,30000,1500,0.588667,8.573830,22718.434016,5.827201,15.690361,8.853638,2025-10-12 23:46:19
2567,10,30000,1500,0.649333,8.804873,22727.238889,5.827201,15.690361,8.853619,2025-10-12 23:46:28
2568,10,30000,1500,0.602000,8.655004,22735.893893,5.827201,15.690361,8.853541,2025-10-12 23:46:37
2569,10,30000,1500,0.672667,8.977965,22744.871858,5.827201,15.690361,8.853590,2025-10-12 23:46:46
2570,10,30000,1500,0.642000,9.102108,22753.973966,5.827201,15.690361,8.853686,2025-10-12 23:46:55
2571,10,30000,1500,0.614667,9.077563,22763.051530,5.827201,15.690361,8.853773,2025-10-12 23:47:04
2572,10,30000,1500,0.650667,9.031286,22772.082816,5.827201,15.690361,8.853842,2025-10-12 23:47:13
2573,10,30000,1500,0.597333,8.317751,22780.400566,5.827201,15.690361,8.853634,2025-10-12 23:47:21
2574,10,30000,1500,0.686000,8.710315,22789.110882,5.827201,15.690361,8.853578,2025-10-12 23:47:30
2575,10,30000,1500,0.657333,8.587804,22797.698686,5.827201,15.690361,8.853475,2025-10-12 23:47:38
2576,10,30000,1500,0.654000,9.208612,22806.907298,5.827201,15.690361,8.853613,2025-10-12 23:47:48
2577,10,30000,1500,0.637333,8.614755,22815.522053,5.827201,15.690361,8.853520,2025-10-12 23:47:56
2578,10,30000,1500,0.592000,8.781240,22824.303293,5.827201,15.690361,8.853492,2025-10-12 23:48:05
2579,10,30000,1500,0.600667,9.127197,22833.430490,5.827201,15.690361,8.853598,2025-10-12 23:48:14
2580,10,30000,1500,0.612667,8.475963,22841.906453,5.827201,15.690361,8.853452,2025-10-12 23:48:23
2581,10,30000,1500,0.594667,9.601108,22851.507561,5.827201,15.690361,8.853742,2025-10-12 23:48:32
2582,10,30000,1500,0.552000,9.225040,22860.732601,5.827201,15.690361,8.853886,2025-10-12 23:48:42
2583,10,30000,1500,0.604667,9.519932,22870.252533,5.827201,15.690361,8.854143,2025-10-12 23:48:51
2584,10,30000,1500,0.642667,9.311622,22879.564154,5.827201,15.690361,8.854320,2025-10-12 23:49:00
2585,10,30000,1500,0.629333,9.039330,22888.603484,5.827201,15.690361,8.854392,2025-10-12 23:49:09
2586,10,30000,1500,0.592667,9.262413,22897.865898,5.827201,15.690361,8.854550,2025-10-12 23:49:19
2587,10,30000,1500,0.622000,9.181253,22907.047151,5.827201,15.690361,8.854676,2025-10-12 23:49:28
2588,10,30000,1500,0.685333,9.366298,22916.413449,5.827201,15.690361,8.854874,2025-10-12 23:49:37
2589,10,30000,1500,0.688667,8.873839,22925.287288,5.827201,15.690361,8.854881,2025-10-12 23:49:46
2590,10,30000,1500,0.654000,9.598914,22934.886202,5.827201,15.690361,8.855168,2025-10-12 23:49:56
2591,10,30000,1500,0.674667,8.457311,22943.343514,5.827201,15.690361,8.855015,2025-10-12 23:50:04
2592,10,30000,1500,0.620667,9.201346,22952.544860,5.827201,15.690361,8.855148,2025-10-12 23:50:13
2593,10,30000,1500,0.575333,8.724087,22961.268946,5.827201,15.690361,8.855098,2025-10-12 23:50:22
2594,10,30000,1500,0.614667,9.121253,22970.390199,5.827201,15.690361,8.855201,2025-10-12 23:50:31
2595,10,30000,1500,0.678000,9.228856,22979.619055,5.827201,15.690361,8.855345,2025-10-12 23:50:40
2596,10,30000,1500,0.612667,8.742884,22988.361939,5.827201,15.690361,8.855301,2025-10-12 23:50:49
2597,10,30000,1500,0.647333,9.009363,22997.371302,5.827201,15.690361,8.855361,2025-10-12 23:50:58
2598,10,30000,1500,0.598667,8.968527,23006.339829,5.827201,15.690361,8.855404,2025-10-12 23:51:07
2599,10,30000,1500,0.656667,8.885815,23015.225645,5.827201,15.690361,8.855416,2025-10-12 23:51:16
2600,10,30000,1500,0.646000,9.100694,23024.326339,5.827201,15.690361,8.855510,2025-10-12 23:51:25
2601,10,30000,1500,0.662667,9.086207,23033.412545,5.827201,15.690361,8.855599,2025-10-12 23:51:34
2602,10,30000,1500,0.670667,8.915952,23042.328497,5.827201,15.690361,8.855622,2025-10-12 23:51:43
2603,10,30000,1500,0.692667,8.405831,23050.734328,5.827201,15.690361,8.855449,2025-10-12 23:51:52
2604,10,30000,1500,0.756667,9.421723,23060.156050,5.827201,15.690361,8.855667,2025-10-12 23:52:01
2605,10,30000,1500,0.738667,8.768538,23068.924588,5.827201,15.690361,8.855633,2025-10-12 23:52:10
2606,10,30000,1500,0.739333,9.217067,23078.141655,5.827201,15.690361,8.855772,2025-10-12 23:52:19
2607,10,30000,1500,0.603333,9.396800,23087.538455,5.827201,15.690361,8.855979,2025-10-12 23:52:28
2608,10,30000,1500,0.644000,8.917563,23096.456018,5.827201,15.690361,8.856003,2025-10-12 23:52:37
2609,10,30000,1500,0.662667,8.895624,23105.351643,5.827201,15.690361,8.856018,2025-10-12 23:52:46
2610,10,30000,1500,0.645333,8.721367,23114.073010,5.827201,15.690361,8.855967,2025-10-12 23:52:55
2611,10,30000,1500,0.668000,9.299300,23123.372309,5.827201,15.690361,8.856136,2025-10-12 23:53:04
2612,10,30000,1500,0.771333,9.096340,23132.468649,5.827201,15.690361,8.856228,2025-10-12 23:53:13
2613,10,30000,1500,0.660000,9.009108,23141.477758,5.827201,15.690361,8.856287,2025-10-12 23:53:22
2614,10,30000,1500,0.588000,9.398384,23150.876141,5.827201,15.690361,8.856494,2025-10-12 23:53:32
2615,10,30000,1500,0.640000,8.803146,23159.679288,5.827201,15.690361,8.856474,2025-10-12 23:53:41
2616,10,30000,1500,0.643333,9.384919,23169.064207,5.827201,15.690361,8.856676,2025-10-12 23:53:50
2617,10,30000,1500,0.611333,8.574734,23177.638941,5.827201,15.690361,8.856568,2025-10-12 23:53:59
2618,10,30000,1500,0.610667,8.725158,23186.364099,5.827201,15.690361,8.856518,2025-10-12 23:54:07
2619,10,30000,1500,0.636000,8.690653,23195.054752,5.827201,15.690361,8.856455,2025-10-12 23:54:16
2620,10,30000,1500,0.673333,9.029319,23204.084071,5.827201,15.690361,8.856521,2025-10-12 23:54:25
2621,10,30000,1500,0.668667,9.236559,23213.320630,5.827201,15.690361,8.856666,2025-10-12 23:54:34
2622,10,30000,1500,0.646667,8.629013,23221.949643,5.827201,15.690361,8.856579,2025-10-12 23:54:43
2623,10,30000,1500,0.599333,8.421810,23230.371453,5.827201,15.690361,8.856413,2025-10-12 23:54:51
2624,10,30000,1500,0.665333,8.790075,23239.161528,5.827201,15.690361,8.856388,2025-10-12 23:55:00
2625,10,30000,1500,0.666000,9.109439,23248.270967,5.827201,15.690361,8.856484,2025-10-12 23:55:09
2626,10,30000,1500,0.635333,8.892553,23257.163520,5.827201,15.690361,8.856498,2025-10-12 23:55:18
2627,10,30000,1500,0.685333,9.145008,23266.308528,5.827201,15.690361,8.856608,2025-10-12 23:55:27
2628,10,30000,1500,0.614000,9.008298,23275.316826,5.827201,15.690361,8.856665,2025-10-12 23:55:36
2629,10,30000,1500,0.634000,8.610645,23283.927471,5.827201,15.690361,8.856572,2025-10-12 23:55:45
2630,10,30000,1500,0.610667,9.112613,23293.040084,5.827201,15.690361,8.856669,2025-10-12 23:55:54
2631,10,30000,1500,0.588667,8.893338,23301.933422,5.827201,15.690361,8.856683,2025-10-12 23:56:03
2632,10,30000,1500,0.648667,9.310891,23311.244313,5.827201,15.690361,8.856856,2025-10-12 23:56:12
2633,10,30000,1500,0.682000,8.911414,23320.155728,5.827201,15.690361,8.856876,2025-10-12 23:56:21
2634,10,30000,1500,0.626667,9.425858,23329.581586,5.827201,15.690361,8.857092,2025-10-12 23:56:31
2635,10,30000,1500,0.666000,9.274507,23338.856093,5.827201,15.690361,8.857251,2025-10-12 23:56:40
2636,10,30000,1500,0.711333,8.929083,23347.785177,5.827201,15.690361,8.857278,2025-10-12 23:56:49
2637,10,30000,1500,0.692000,9.379470,23357.164647,5.827201,15.690361,8.857476,2025-10-12 23:56:58
2638,10,30000,1500,0.716000,8.696154,23365.860801,5.827201,15.690361,8.857415,2025-10-12 23:57:07
2639,10,30000,1500,0.728667,9.378270,23375.239071,5.827201,15.690361,8.857612,2025-10-12 23:57:16
2640,10,30000,1500,0.696000,8.639044,23383.878115,5.827201,15.690361,8.857530,2025-10-12 23:57:25
2641,10,30000,1500,0.831333,8.837295,23392.715410,5.827201,15.690361,8.857522,2025-10-12 23:57:34
2642,10,30000,1500,0.700667,9.041292,23401.756703,5.827201,15.690361,8.857591,2025-10-12 23:57:43
2643,10,30000,1500,0.708667,8.752315,23410.509018,5.827201,15.690361,8.857552,2025-10-12 23:57:51
2644,10,30000,1500,0.678000,8.988198,23419.497216,5.827201,15.690361,8.857601,2025-10-12 23:58:00
2645,10,30000,1500,0.670000,8.882002,23428.379219,5.827201,15.690361,8.857610,2025-10-12 23:58:09
2646,10,30000,1500,0.594000,9.072466,23437.451685,5.827201,15.690361,8.857691,2025-10-12 23:58:18
2647,10,30000,1500,0.844667,9.051864,23446.503549,5.827201,15.690361,8.857765,2025-10-12 23:58:27
2648,10,30000,1500,0.787333,9.483964,23455.987513,5.827201,15.690361,8.858001,2025-10-12 23:58:37
2649,10,30000,1500,0.814000,8.902881,23464.890393,5.827201,15.690361,8.858018,2025-10-12 23:58:46
2650,10,30000,1500,0.767333,8.660391,23473.550784,5.827201,15.690361,8.857944,2025-10-12 23:58:55
2651,10,30000,1500,0.721333,9.079545,23482.630329,5.827201,15.690361,8.858027,2025-10-12 23:59:04
2652,10,30000,1500,0.732667,8.908902,23491.539232,5.827201,15.690361,8.858046,2025-10-12 23:59:13
2653,10,30000,1500,0.694667,9.153345,23500.692577,5.827201,15.690361,8.858158,2025-10-12 23:59:22
2654,10,30000,1500,0.713333,9.176719,23509.869296,5.827201,15.690361,8.858278,2025-10-12 23:59:31
2655,10,30000,1500,0.604000,8.859889,23518.729184,5.827201,15.690361,8.858278,2025-10-12 23:59:40
2656,10,30000,1500,0.711333,9.229733,23527.958917,5.827201,15.690361,8.858418,2025-10-12 23:59:49
2657,10,30000,1500,0.654000,8.802103,23536.761020,5.827201,15.690361,8.858397,2025-10-12 23:59:58
2658,10,30000,1500,0.674000,9.102340,23545.863360,5.827201,15.690361,8.858489,2025-10-13 00:00:07
2659,10,30000,1500,0.657333,8.575538,23554.438898,5.827201,15.690361,8.858382,2025-10-13 00:00:15
2660,10,30000,1500,0.586667,8.690524,23563.129423,5.827201,15.690361,8.858319,2025-10-13 00:00:24
2661,10,30000,1500,0.604667,8.788162,23571.917585,5.827201,15.690361,8.858293,2025-10-13 00:00:33
2662,10,30000,1500,0.766000,8.981928,23580.899513,5.827201,15.690361,8.858339,2025-10-13 00:00:42
2663,10,30000,1500,0.780000,9.143558,23590.043071,5.827201,15.690361,8.858447,2025-10-13 00:00:51
2664,10,30000,1500,0.772000,8.839734,23598.882805,5.827201,15.690361,8.858439,2025-10-13 00:01:00
2665,10,30000,1500,0.792667,8.673684,23607.556489,5.827201,15.690361,8.858370,2025-10-13 00:01:09
2666,10,30000,1500,0.695333,9.131469,23616.687959,5.827201,15.690361,8.858473,2025-10-13 00:01:18
2667,10,30000,1500,0.673333,8.785215,23625.473174,5.827201,15.690361,8.858445,2025-10-13 00:01:27
2668,10,30000,1500,0.655333,8.975951,23634.449125,5.827201,15.690361,8.858489,2025-10-13 00:01:35
2669,10,30000,1500,0.704667,9.095628,23643.544752,5.827201,15.690361,8.858578,2025-10-13 00:01:45
2670,10,30000,1500,0.604000,9.030528,23652.575280,5.827201,15.690361,8.858642,2025-10-13 00:01:54
2671,10,30000,1500,0.628667,8.703758,23661.279038,5.827201,15.690361,8.858584,2025-10-13 00:02:02
2672,10,30000,1500,0.635333,9.520273,23670.799312,5.827201,15.690361,8.858832,2025-10-13 00:02:12
2673,10,30000,1500,0.651333,8.601785,23679.401097,5.827201,15.690361,8.858736,2025-10-13 00:02:20
2674,10,30000,1500,0.636000,9.057348,23688.458445,5.827201,15.690361,8.858810,2025-10-13 00:02:30
2675,10,30000,1500,0.563333,8.579650,23697.038095,5.827201,15.690361,8.858706,2025-10-13 00:02:38
2676,10,30000,1500,0.642667,8.340665,23705.378760,5.827201,15.690361,8.858512,2025-10-13 00:02:46
2677,10,30000,1500,0.785333,9.008834,23714.387594,5.827201,15.690361,8.858568,2025-10-13 00:02:55
2678,10,30000,1500,0.805333,8.521470,23722.909063,5.827201,15.690361,8.858443,2025-10-13 00:03:04
2679,10,30000,1500,0.836000,8.956369,23731.865433,5.827201,15.690361,8.858479,2025-10-13 00:03:13
2680,10,30000,1500,0.740667,8.924127,23740.789560,5.827201,15.690361,8.858504,2025-10-13 00:03:22
2681,10,30000,1500,0.758667,9.190919,23749.980478,5.827201,15.690361,8.858628,2025-10-13 00:03:31
2682,10,30000,1500,0.736000,9.359141,23759.339619,5.827201,15.690361,8.858814,2025-10-13 00:03:40
2683,10,30000,1500,0.688000,8.914304,23768.253923,5.827201,15.690361,8.858835,2025-10-13 00:03:49
2684,10,30000,1500,0.776000,8.955854,23777.209777,5.827201,15.690361,8.858871,2025-10-13 00:03:58
2685,10,30000,1500,0.686000,8.710911,23785.920688,5.827201,15.690361,8.858816,2025-10-13 00:04:07
2686,10,30000,1500,0.715333,9.282226,23795.202915,5.827201,15.690361,8.858974,2025-10-13 00:04:16
2687,10,30000,1500,0.686667,8.844362,23804.047277,5.827201,15.690361,8.858968,2025-10-13 00:04:25
2688,10,30000,1500,0.698667,9.007419,23813.054696,5.827201,15.690361,8.859023,2025-10-13 00:04:34
2689,10,30000,1500,0.678000,9.156150,23822.210846,5.827201,15.690361,8.859134,2025-10-13 00:04:43
2690,10,30000,1500,0.709333,8.748545,23830.959391,5.827201,15.690361,8.859093,2025-10-13 00:04:52
2691,10,30000,1500,0.603333,9.132999,23840.092390,5.827201,15.690361,8.859194,2025-10-13 00:05:01
2692,10,30000,1500,0.678000,9.114003,23849.206393,5.827201,15.690361,8.859289,2025-10-13 00:05:10
2693,10,30000,1500,0.643333,9.073298,23858.279692,5.827201,15.690361,8.859369,2025-10-13 00:05:19
2694,10,30000,1500,0.650000,8.848136,23867.127828,5.827201,15.690361,8.859364,2025-10-13 00:05:28
2695,10,30000,1500,0.696000,9.349798,23876.477625,5.827201,15.690361,8.859546,2025-10-13 00:05:38
2696,10,30000,1500,0.628667,9.080350,23885.557975,5.827201,15.690361,8.859628,2025-10-13 00:05:47
2697,10,30000,1500,0.852000,8.908188,23894.466163,5.827201,15.690361,8.859646,2025-10-13 00:05:56
2698,10,30000,1500,0.868667,8.727039,23903.193202,5.827201,15.690361,8.859597,2025-10-13 00:06:04
2699,10,30000,1500,0.850000,8.601644,23911.794847,5.827201,15.690361,8.859502,2025-10-13 00:06:13
2700,10,30000,1500,0.840000,8.877638,23920.672485,5.827201,15.690361,8.859508,2025-10-13 00:06:22
2701,10,30000,1500,0.768000,8.454708,23929.127193,5.827201,15.690361,8.859358,2025-10-13 00:06:30
2702,10,30000,1500,0.724667,8.578567,23937.705760,5.827201,15.690361,8.859255,2025-10-13 00:06:39
2703,10,30000,1500,0.723333,9.173912,23946.879673,5.827201,15.690361,8.859371,2025-10-13 00:06:48
2704,10,30000,1500,0.728667,8.503707,23955.383380,5.827201,15.690361,8.859239,2025-10-13 00:06:57
2705,10,30000,1500,0.650000,9.080778,23964.464158,5.827201,15.690361,8.859321,2025-10-13 00:07:06
2706,10,30000,1500,0.724000,8.649402,23973.113560,5.827201,15.690361,8.859244,2025-10-13 00:07:14
2707,10,30000,1500,0.687333,9.238764,23982.352323,5.827201,15.690361,8.859384,2025-10-13 00:07:23
2708,10,30000,1500,0.704000,8.824909,23991.177233,5.827201,15.690361,8.859371,2025-10-13 00:07:32
2709,10,30000,1500,0.700667,8.871695,24000.048928,5.827201,15.690361,8.859376,2025-10-13 00:07:41
2710,10,30000,1500,0.630667,9.365280,24009.414208,5.827201,15.690361,8.859562,2025-10-13 00:07:51
2711,10,30000,1500,0.644667,8.468210,24017.882418,5.827201,15.690361,8.859418,2025-10-13 00:07:59
2712,10,30000,1500,0.863333,9.231068,24027.113485,5.827201,15.690361,8.859555,2025-10-13 00:08:08
2713,10,30000,1500,0.856667,8.920553,24036.034039,5.827201,15.690361,8.859578,2025-10-13 00:08:17
2714,10,30000,1500,0.848667,9.343204,24045.377243,5.827201,15.690361,8.859756,2025-10-13 00:08:27
2715,10,30000,1500,0.770000,8.942184,24054.319427,5.827201,15.690361,8.859786,2025-10-13 00:08:35
2716,10,30000,1500,0.840000,9.138229,24063.457655,5.827201,15.690361,8.859889,2025-10-13 00:08:45
2717,10,30000,1500,0.791333,9.512470,24072.970125,5.827201,15.690361,8.860129,2025-10-13 00:08:54
2718,10,30000,1500,0.754667,8.633238,24081.603363,5.827201,15.690361,8.860045,2025-10-13 00:09:03
2719,10,30000,1500,0.811333,9.167988,24090.771351,5.827201,15.690361,8.860159,2025-10-13 00:09:12
2720,10,30000,1500,0.754667,8.874294,24099.645645,5.827201,15.690361,8.860164,2025-10-13 00:09:21
2721,10,30000,1500,0.736667,8.974007,24108.619652,5.827201,15.690361,8.860206,2025-10-13 00:09:30
2722,10,30000,1500,0.731333,9.133560,24117.753212,5.827201,15.690361,8.860306,2025-10-13 00:09:39
2723,10,30000,1500,0.710667,9.166150,24126.919362,5.827201,15.690361,8.860418,2025-10-13 00:09:48
2724,10,30000,1500,0.680667,9.117027,24136.036388,5.827201,15.690361,8.860513,2025-10-13 00:09:57
2725,10,30000,1500,0.706000,7.979504,24144.015892,5.827201,15.690361,8.860189,2025-10-13 00:10:05
2726,10,30000,1500,0.625333,9.251243,24153.267135,5.827201,15.690361,8.860333,2025-10-13 00:10:14
2727,10,30000,1500,0.638667,8.902764,24162.169899,5.827201,15.690361,8.860348,2025-10-13 00:10:23
2728,10,30000,1500,0.686667,9.194177,24171.364076,5.827201,15.690361,8.860471,2025-10-13 00:10:33
2729,10,30000,1500,0.682667,9.032481,24180.396557,5.827201,15.690361,8.860534,2025-10-13 00:10:42
2730,10,30000,1500,0.713333,8.933835,24189.330392,5.827201,15.690361,8.860561,2025-10-13 00:10:51
2731,10,30000,1500,0.624667,9.255268,24198.585660,5.827201,15.690361,8.860705,2025-10-13 00:11:00
2732,10,30000,1500,0.796667,8.921304,24207.506964,5.827201,15.690361,8.860727,2025-10-13 00:11:09
2733,10,30000,1500,0.798000,8.950562,24216.457525,5.827201,15.690361,8.860760,2025-10-13 00:11:18
2734,10,30000,1500,0.820000,8.552568,24225.010093,5.827201,15.690361,8.860647,2025-10-13 00:11:26
2735,10,30000,1500,0.734667,9.340250,24234.350343,5.827201,15.690361,8.860823,2025-10-13 00:11:36
2736,10,30000,1500,0.786667,8.766355,24243.116699,5.827201,15.690361,8.860788,2025-10-13 00:11:44
2737,10,30000,1500,0.802000,8.471562,24251.588261,5.827201,15.690361,8.860646,2025-10-13 00:11:53
2738,10,30000,1500,0.751333,8.774960,24260.363220,5.827201,15.690361,8.860615,2025-10-13 00:12:02
2739,10,30000,1500,0.814000,8.709656,24269.072877,5.827201,15.690361,8.860560,2025-10-13 00:12:10
2740,10,30000,1500,0.720667,8.838014,24277.910890,5.827201,15.690361,8.860551,2025-10-13 00:12:19
2741,10,30000,1500,0.758000,8.967222,24286.878113,5.827201,15.690361,8.860590,2025-10-13 00:12:28
2742,10,30000,1500,0.694000,8.293346,24295.171459,5.827201,15.690361,8.860383,2025-10-13 00:12:36
2743,10,30000,1500,0.708000,8.994153,24304.165612,5.827201,15.690361,8.860432,2025-10-13 00:12:45
2744,10,30000,1500,0.664667,8.961148,24313.126760,5.827201,15.690361,8.860469,2025-10-13 00:12:54
2745,10,30000,1500,0.738000,9.525170,24322.651931,5.827201,15.690361,8.860711,2025-10-13 00:13:04
2746,10,30000,1500,0.634000,8.700998,24331.352928,5.827201,15.690361,8.860653,2025-10-13 00:13:13
2747,10,30000,1500,0.674000,8.612203,24339.965132,5.827201,15.690361,8.860562,2025-10-13 00:13:21
2748,10,30000,1500,0.688667,8.910404,24348.875536,5.827201,15.690361,8.860581,2025-10-13 00:13:30
2749,10,30000,1500,0.664667,9.084124,24357.959659,5.827201,15.690361,8.860662,2025-10-13 00:13:39
2750,10,30000,1500,0.712667,9.322267,24367.281926,5.827201,15.690361,8.860830,2025-10-13 00:13:49
2751,10,30000,1500,0.662000,8.756647,24376.038574,5.827201,15.690361,8.860792,2025-10-13 00:13:57
2752,10,30000,1500,0.800000,9.466308,24385.504882,5.827201,15.690361,8.861012,2025-10-13 00:14:07
2753,10,30000,1500,0.829333,9.150482,24394.655364,5.827201,15.690361,8.861117,2025-10-13 00:14:16
2754,10,30000,1500,0.750667,9.196319,24403.851682,5.827201,15.690361,8.861239,2025-10-13 00:14:25
2755,10,30000,1500,0.834000,8.361164,24412.212847,5.827201,15.690361,8.861057,2025-10-13 00:14:33
2756,10,30000,1500,0.739333,9.397911,24421.610758,5.827201,15.690361,8.861252,2025-10-13 00:14:43
2757,10,30000,1500,0.764667,9.353644,24430.964402,5.827201,15.690361,8.861431,2025-10-13 00:14:52
2758,10,30000,1500,0.778000,8.432421,24439.396823,5.827201,15.690361,8.861275,2025-10-13 00:15:01
2759,10,30000,1500,0.713333,9.447086,24448.843909,5.827201,15.690361,8.861487,2025-10-13 00:15:10
2760,10,30000,1500,0.773333,8.470163,24457.314072,5.827201,15.690361,8.861346,2025-10-13 00:15:19
2761,10,30000,1500,0.748000,8.806949,24466.121021,5.827201,15.690361,8.861326,2025-10-13 00:15:27
2762,10,30000,1500,0.714667,9.019202,24475.140222,5.827201,15.690361,8.861383,2025-10-13 00:15:36
2763,10,30000,1500,0.670000,9.351808,24484.492030,5.827201,15.690361,8.861561,2025-10-13 00:15:46
2764,10,30000,1500,0.736667,9.268636,24493.760666,5.827201,15.690361,8.861708,2025-10-13 00:15:55
2765,10,30000,1500,0.664000,8.673991,24502.434657,5.827201,15.690361,8.861640,2025-10-13 00:16:04
2766,10,30000,1500,0.706667,9.227644,24511.662301,5.827201,15.690361,8.861772,2025-10-13 00:16:13
2767,10,30000,1500,0.735333,8.542188,24520.204489,5.827201,15.690361,8.861657,2025-10-13 00:16:21
2768,10,30000,1500,0.757333,9.150812,24529.355301,5.827201,15.690361,8.861761,2025-10-13 00:16:31
2769,10,30000,1500,0.732000,8.256311,24537.611612,5.827201,15.690361,8.861543,2025-10-13 00:16:39
2770,10,30000,1500,0.696667,8.813599,24546.425211,5.827201,15.690361,8.861525,2025-10-13 00:16:48
2771,10,30000,1500,0.660000,8.439164,24554.864375,5.827201,15.690361,8.861373,2025-10-13 00:16:56
2772,10,30000,1500,0.657333,8.747961,24563.612336,5.827201,15.690361,8.861332,2025-10-13 00:17:05
2773,10,30000,1500,0.628667,8.841568,24572.453904,5.827201,15.690361,8.861325,2025-10-13 00:17:14
2774,10,30000,1500,0.636000,8.925829,24581.379733,5.827201,15.690361,8.861348,2025-10-13 00:17:23
2775,10,30000,1500,0.564667,9.101159,24590.480891,5.827201,15.690361,8.861435,2025-10-13 00:17:32
2776,10,30000,1500,0.636667,8.857226,24599.338117,5.827201,15.690361,8.861433,2025-10-13 00:17:41
2777,10,30000,1500,0.604667,8.839871,24608.177988,5.827201,15.690361,8.861425,2025-10-13 00:17:49
2778,10,30000,1500,0.660000,9.444646,24617.622634,5.827201,15.690361,8.861635,2025-10-13 00:17:59
2779,10,30000,1500,0.586000,8.379184,24626.001818,5.827201,15.690361,8.861462,2025-10-13 00:18:07
2780,10,30000,1500,0.552000,8.452550,24634.454369,5.827201,15.690361,8.861315,2025-10-13 00:18:16
2781,10,30000,1500,0.602000,8.707775,24643.162144,5.827201,15.690361,8.861259,2025-10-13 00:18:24
2782,10,30000,1500,0.768000,8.738190,24651.900335,5.827201,15.690361,8.861215,2025-10-13 00:18:33
2783,10,30000,1500,0.744000,9.430852,24661.331186,5.827201,15.690361,8.861420,2025-10-13 00:18:43
2784,10,30000,1500,0.754667,8.794080,24670.125267,5.827201,15.690361,8.861396,2025-10-13 00:18:51
2785,10,30000,1500,0.669333,9.325480,24679.450747,5.827201,15.690361,8.861562,2025-10-13 00:19:01
2786,10,30000,1500,0.744667,9.106277,24688.557024,5.827201,15.690361,8.861650,2025-10-13 00:19:10
2787,10,30000,1500,0.662000,9.290146,24697.847170,5.827201,15.690361,8.861804,2025-10-13 00:19:19
2788,10,30000,1500,0.708000,9.113507,24706.960677,5.827201,15.690361,8.861894,2025-10-13 00:19:28
2789,10,30000,1500,0.704667,8.886423,24715.847100,5.827201,15.690361,8.861903,2025-10-13 00:19:37
2790,10,30000,1500,0.665333,9.150349,24724.997449,5.827201,15.690361,8.862006,2025-10-13 00:19:46
2791,10,30000,1500,0.650000,8.962620,24733.960069,5.827201,15.690361,8.862042,2025-10-13 00:19:55
2792,10,30000,1500,0.662667,8.955301,24742.915370,5.827201,15.690361,8.862076,2025-10-13 00:20:04
2793,10,30000,1500,0.657333,8.638943,24751.554313,5.827201,15.690361,8.861996,2025-10-13 00:20:13
2794,10,30000,1500,0.660000,8.975885,24760.530198,5.827201,15.690361,8.862037,2025-10-13 00:20:22
2795,10,30000,1500,0.627333,8.567147,24769.097345,5.827201,15.690361,8.861931,2025-10-13 00:20:30
2796,10,30000,1500,0.560000,8.726945,24777.824290,5.827201,15.690361,8.861883,2025-10-13 00:20:39
2797,10,30000,1500,0.620667,9.286891,24787.111181,5.827201,15.690361,8.862035,2025-10-13 00:20:48
2798,10,30000,1500,0.584000,8.660363,24795.771544,5.827201,15.690361,8.861963,2025-10-13 00:20:57
2799,10,30000,1500,0.664000,9.029953,24804.801497,5.827201,15.690361,8.862023,2025-10-13 00:21:06
2800,10,30000,1500,0.662000,8.520413,24813.321910,5.827201,15.690361,8.861901,2025-10-13 00:21:15
2801,10,30000,1500,0.588000,9.241041,24822.562951,5.827201,15.690361,8.862036,2025-10-13 00:21:24
2802,10,30000,1500,0.698000,9.276823,24831.839774,5.827201,15.690361,8.862184,2025-10-13 00:21:33
2803,10,30000,1500,0.670000,8.728962,24840.568736,5.827201,15.690361,8.862137,2025-10-13 00:21:42
2804,10,30000,1500,0.709333,9.186741,24849.755477,5.827201,15.690361,8.862252,2025-10-13 00:21:51
2805,10,30000,1500,0.619333,8.558461,24858.313939,5.827201,15.690361,8.862144,2025-10-13 00:22:00
2806,10,30000,1500,0.698000,8.850348,24867.164286,5.827201,15.690361,8.862140,2025-10-13 00:22:09
2807,10,30000,1500,0.682667,9.071783,24876.236069,5.827201,15.690361,8.862214,2025-10-13 00:22:18
2808,10,30000,1500,0.732667,9.125533,24885.361602,5.827201,15.690361,8.862308,2025-10-13 00:22:27
2809,10,30000,1500,0.690000,9.184193,24894.545795,5.827201,15.690361,8.862423,2025-10-13 00:22:36
2810,10,30000,1500,0.632000,8.892701,24903.438497,5.827201,15.690361,8.862434,2025-10-13 00:22:45
2811,10,30000,1500,0.704000,9.100638,24912.539135,5.827201,15.690361,8.862518,2025-10-13 00:22:54
2812,10,30000,1500,0.604667,8.305401,24920.844536,5.827201,15.690361,8.862320,2025-10-13 00:23:02
2813,10,30000,1500,0.635333,9.502120,24930.346656,5.827201,15.690361,8.862548,2025-10-13 00:23:12
2814,10,30000,1500,0.639333,8.572916,24938.919572,5.827201,15.690361,8.862445,2025-10-13 00:23:20
2815,10,30000,1500,0.616667,8.597436,24947.517008,5.827201,15.690361,8.862351,2025-10-13 00:23:29
2816,10,30000,1500,0.557333,8.933393,24956.450401,5.827201,15.690361,8.862376,2025-10-13 00:23:38
2817,10,30000,1500,0.640667,9.055926,24965.506327,5.827201,15.690361,8.862445,2025-10-13 00:23:47
2818,10,30000,1500,0.584667,9.550313,24975.056640,5.827201,15.690361,8.862689,2025-10-13 00:23:56
2819,10,30000,1500,0.620000,8.842055,24983.898695,5.827201,15.690361,8.862681,2025-10-13 00:24:05
2820,10,30000,1500,0.673333,9.624157,24993.522852,5.827201,15.690361,8.862951,2025-10-13 00:24:15
2821,10,30000,1500,0.598667,8.539998,25002.062850,5.827201,15.690361,8.862837,2025-10-13 00:24:23
2822,10,30000,1500,0.724667,8.983918,25011.046769,5.827201,15.690361,8.862880,2025-10-13 00:24:32
2823,10,30000,1500,0.729333,8.584988,25019.631757,5.827201,15.690361,8.862781,2025-10-13 00:24:41
2824,10,30000,1500,0.704667,8.952848,25028.584605,5.827201,15.690361,8.862813,2025-10-13 00:24:50
2825,10,30000,1500,0.732667,9.069441,25037.654046,5.827201,15.690361,8.862886,2025-10-13 00:24:59
2826,10,30000,1500,0.654667,8.620108,25046.274154,5.827201,15.690361,8.862800,2025-10-13 00:25:08
2827,10,30000,1500,0.709333,9.313206,25055.587360,5.827201,15.690361,8.862960,2025-10-13 00:25:17
2828,10,30000,1500,0.684667,9.002034,25064.589394,5.827201,15.690361,8.863009,2025-10-13 00:25:26
2829,10,30000,1500,0.706000,8.791955,25073.381349,5.827201,15.690361,8.862984,2025-10-13 00:25:35
2830,10,30000,1500,0.731333,9.356872,25082.738222,5.827201,15.690361,8.863158,2025-10-13 00:25:44
2831,10,30000,1500,0.698667,8.880871,25091.619093,5.827201,15.690361,8.863165,2025-10-13 00:25:53
2832,10,30000,1500,0.625333,9.317992,25100.937085,5.827201,15.690361,8.863325,2025-10-13 00:26:02
2833,10,30000,1500,0.653333,8.546718,25109.483803,5.827201,15.690361,8.863213,2025-10-13 00:26:11
2834,10,30000,1500,0.692000,8.657286,25118.141089,5.827201,15.690361,8.863141,2025-10-13 00:26:20
2835,10,30000,1500,0.635333,9.170859,25127.311947,5.827201,15.690361,8.863249,2025-10-13 00:26:29
2836,10,30000,1500,0.677333,8.738740,25136.050687,5.827201,15.690361,8.863205,2025-10-13 00:26:38
2837,10,30000,1500,0.798667,9.029470,25145.080157,5.827201,15.690361,8.863264,2025-10-13 00:26:47
2838,10,30000,1500,0.762667,8.741801,25153.821958,5.827201,15.690361,8.863221,2025-10-13 00:26:55
2839,10,30000,1500,0.763333,9.217776,25163.039734,5.827201,15.690361,8.863346,2025-10-13 00:27:05
2840,10,30000,1500,0.696000,8.965629,25172.005363,5.827201,15.690361,8.863382,2025-10-13 00:27:13
2841,10,30000,1500,0.804000,9.664924,25181.670287,5.827201,15.690361,8.863664,2025-10-13 00:27:23
2842,10,30000,1500,0.750000,8.989133,25190.659420,5.827201,15.690361,8.863708,2025-10-13 00:27:32
2843,10,30000,1500,0.804667,8.335336,25198.994756,5.827201,15.690361,8.863523,2025-10-13 00:27:40
2844,10,30000,1500,0.749333,8.910568,25207.905323,5.827201,15.690361,8.863539,2025-10-13 00:27:49
2845,10,30000,1500,0.710000,8.821770,25216.727093,5.827201,15.690361,8.863524,2025-10-13 00:27:58
2846,10,30000,1500,0.725333,9.212595,25225.939688,5.827201,15.690361,8.863647,2025-10-13 00:28:07
2847,10,30000,1500,0.684000,9.101901,25235.041589,5.827201,15.690361,8.863731,2025-10-13 00:28:17
2848,10,30000,1500,0.665333,9.862998,25244.904587,5.827201,15.690361,8.864082,2025-10-13 00:28:26
2849,10,30000,1500,0.667333,9.181030,25254.085617,5.827201,15.690361,8.864193,2025-10-13 00:28:36
2850,10,30000,1500,0.667333,9.375571,25263.461188,5.827201,15.690361,8.864372,2025-10-13 00:28:45
2851,10,30000,1500,0.605333,8.414160,25271.875347,5.827201,15.690361,8.864214,2025-10-13 00:28:53
2852,10,30000,1500,0.629333,9.171997,25281.047344,5.827201,15.690361,8.864322,2025-10-13 00:29:03
2853,10,30000,1500,0.660000,9.078512,25290.125856,5.827201,15.690361,8.864397,2025-10-13 00:29:12
2854,10,30000,1500,0.686000,9.025062,25299.150919,5.827201,15.690361,8.864454,2025-10-13 00:29:21
2855,10,30000,1500,0.700667,9.441108,25308.592026,5.827201,15.690361,8.864656,2025-10-13 00:29:30
2856,10,30000,1500,0.618000,9.127744,25317.719771,5.827201,15.690361,8.864748,2025-10-13 00:29:39
2857,10,30000,1500,0.806000,9.516970,25327.236741,5.827201,15.690361,8.864976,2025-10-13 00:29:49
2858,10,30000,1500,0.785333,9.134998,25336.371739,5.827201,15.690361,8.865071,2025-10-13 00:29:58
2859,10,30000,1500,0.760000,9.161339,25345.533078,5.827201,15.690361,8.865174,2025-10-13 00:30:07
2860,10,30000,1500,0.754000,8.602181,25354.135259,5.827201,15.690361,8.865082,2025-10-13 00:30:16
2861,10,30000,1500,0.695333,8.764047,25362.899306,5.827201,15.690361,8.865047,2025-10-13 00:30:24
2862,10,30000,1500,0.704000,8.876844,25371.776149,5.827201,15.690361,8.865051,2025-10-13 00:30:33
2863,10,30000,1500,0.741333,8.635638,25380.411787,5.827201,15.690361,8.864971,2025-10-13 00:30:42
2864,10,30000,1500,0.766667,8.858435,25389.270222,5.827201,15.690361,8.864969,2025-10-13 00:30:51
2865,10,30000,1500,0.776667,8.963003,25398.233225,5.827201,15.690361,8.865003,2025-10-13 00:31:00
2866,10,30000,1500,0.706667,9.061911,25407.295136,5.827201,15.690361,8.865072,2025-10-13 00:31:09
2867,10,30000,1500,0.659333,9.272526,25416.567662,5.827201,15.690361,8.865214,2025-10-13 00:31:18
2868,10,30000,1500,0.667333,9.198031,25425.765693,5.827201,15.690361,8.865330,2025-10-13 00:31:27
2869,10,30000,1500,0.681333,8.835653,25434.601346,5.827201,15.690361,8.865319,2025-10-13 00:31:36
2870,10,30000,1500,0.611333,8.962516,25443.563863,5.827201,15.690361,8.865353,2025-10-13 00:31:45
2871,10,30000,1500,0.702000,9.023740,25452.587602,5.827201,15.690361,8.865408,2025-10-13 00:31:54
2872,10,30000,1500,0.734667,9.221696,25461.809299,5.827201,15.690361,8.865532,2025-10-13 00:32:03
2873,10,30000,1500,0.739333,8.822210,25470.631508,5.827201,15.690361,8.865517,2025-10-13 00:32:12
2874,10,30000,1500,0.741333,9.063756,25479.695264,5.827201,15.690361,8.865586,2025-10-13 00:32:21
2875,10,30000,1500,0.760667,9.180400,25488.875665,5.827201,15.690361,8.865696,2025-10-13 00:32:30
2876,10,30000,1500,0.684000,9.201866,25498.077531,5.827201,15.690361,8.865813,2025-10-13 00:32:40
2877,10,30000,1500,0.719333,8.613598,25506.691129,5.827201,15.690361,8.865725,2025-10-13 00:32:48
2878,10,30000,1500,0.734000,9.046689,25515.737818,5.827201,15.690361,8.865788,2025-10-13 00:32:57
2879,10,30000,1500,0.764667,9.015291,25524.753109,5.827201,15.690361,8.865840,2025-10-13 00:33:06
2880,10,30000,1500,0.812667,8.843382,25533.596491,5.827201,15.690361,8.865832,2025-10-13 00:33:15
2881,10,30000,1500,0.749333,8.449591,25542.046082,5.827201,15.690361,8.865688,2025-10-13 00:33:24
2882,10,30000,1500,0.674667,8.719550,25550.765632,5.827201,15.690361,8.865637,2025-10-13 00:33:32
2883,10,30000,1500,0.668667,9.286963,25560.052595,5.827201,15.690361,8.865783,2025-10-13 00:33:42
2884,10,30000,1500,0.723333,8.913461,25568.966056,5.827201,15.690361,8.865800,2025-10-13 00:33:51
2885,10,30000,1500,0.664000,9.216644,25578.182700,5.827201,15.690361,8.865921,2025-10-13 00:34:00
2886,10,30000,1500,0.720000,9.446678,25587.629378,5.827201,15.690361,8.866122,2025-10-13 00:34:09
2887,10,30000,1500,0.754667,8.821524,25596.450902,5.827201,15.690361,8.866107,2025-10-13 00:34:18
2888,10,30000,1500,0.726000,8.812980,25605.263882,5.827201,15.690361,8.866089,2025-10-13 00:34:27
2889,10,30000,1500,0.793333,8.948428,25614.212310,5.827201,15.690361,8.866117,2025-10-13 00:34:36
2890,10,30000,1500,0.728000,8.982829,25623.195139,5.827201,15.690361,8.866157,2025-10-13 00:34:45
2891,10,30000,1500,0.786000,9.094235,25632.289374,5.827201,15.690361,8.866236,2025-10-13 00:34:54
2892,10,30000,1500,0.708667,8.794526,25641.083900,5.827201,15.690361,8.866212,2025-10-13 00:35:03
2893,10,30000,1500,0.724667,8.368325,25649.452225,5.827201,15.690361,8.866039,2025-10-13 00:35:11
2894,10,30000,1500,0.757333,9.110041,25658.562266,5.827201,15.690361,8.866124,2025-10-13 00:35:20
2895,10,30000,1500,0.749333,9.302080,25667.864346,5.827201,15.690361,8.866274,2025-10-13 00:35:29
2896,10,30000,1500,0.697333,8.881593,25676.745939,5.827201,15.690361,8.866280,2025-10-13 00:35:38
2897,10,30000,1500,0.670667,9.174596,25685.920535,5.827201,15.690361,8.866386,2025-10-13 00:35:48
2898,10,30000,1500,0.680000,8.777291,25694.697826,5.827201,15.690361,8.866355,2025-10-13 00:35:56
2899,10,30000,1500,0.636667,8.792472,25703.490298,5.827201,15.690361,8.866330,2025-10-13 00:36:05
2900,10,30000,1500,0.652000,9.835774,25713.326073,5.827201,15.690361,8.866664,2025-10-13 00:36:15
2901,10,30000,1500,0.550667,8.745811,25722.071883,5.827201,15.690361,8.866623,2025-10-13 00:36:24
2902,10,30000,1500,0.672000,8.776717,25730.848601,5.827201,15.690361,8.866592,2025-10-13 00:36:32
2903,10,30000,1500,0.591333,8.721616,25739.570216,5.827201,15.690361,8.866542,2025-10-13 00:36:41
2904,10,30000,1500,0.652667,9.178508,25748.748725,5.827201,15.690361,8.866649,2025-10-13 00:36:50
2905,10,30000,1500,0.595333,8.890828,25757.639553,5.827201,15.690361,8.866657,2025-10-13 00:36:59
2906,10,30000,1500,0.556000,8.951946,25766.591499,5.827201,15.690361,8.866687,2025-10-13 00:37:08
2907,10,30000,1500,0.570000,8.935361,25775.526859,5.827201,15.690361,8.866710,2025-10-13 00:37:17
2908,10,30000,1500,0.711333,8.652817,25784.179677,5.827201,15.690361,8.866637,2025-10-13 00:37:26
2909,10,30000,1500,0.720000,8.882817,25793.062494,5.827201,15.690361,8.866642,2025-10-13 00:37:35
2910,10,30000,1500,0.667333,9.024633,25802.087126,5.827201,15.690361,8.866697,2025-10-13 00:37:44
2911,10,30000,1500,0.624667,9.021950,25811.109076,5.827201,15.690361,8.866750,2025-10-13 00:37:53
2912,10,30000,1500,0.716667,8.562904,25819.671981,5.827201,15.690361,8.866646,2025-10-13 00:38:01
2913,10,30000,1500,0.648667,9.215488,25828.887468,5.827201,15.690361,8.866765,2025-10-13 00:38:11
2914,10,30000,1500,0.636667,9.240779,25838.128248,5.827201,15.690361,8.866894,2025-10-13 00:38:20
2915,10,30000,1500,0.669333,9.070345,25847.198592,5.827201,15.690361,8.866963,2025-10-13 00:38:29
2916,10,30000,1500,0.642667,9.495524,25856.694116,5.827201,15.690361,8.867179,2025-10-13 00:38:38
2917,10,30000,1500,0.575333,9.119180,25865.813296,5.827201,15.690361,8.867265,2025-10-13 00:38:47
2918,10,30000,1500,0.696667,9.181708,25874.995004,5.827201,15.690361,8.867373,2025-10-13 00:38:57
2919,10,30000,1500,0.654000,8.459976,25883.454980,5.827201,15.690361,8.867234,2025-10-13 00:39:05
2920,10,30000,1500,0.628667,9.122843,25892.577824,5.827201,15.690361,8.867321,2025-10-13 00:39:14
2921,10,30000,1500,0.639333,8.880053,25901.457877,5.827201,15.690361,8.867326,2025-10-13 00:39:23
2922,10,30000,1500,0.560667,8.970161,25910.428038,5.827201,15.690361,8.867361,2025-10-13 00:39:32
2923,10,30000,1500,0.597333,9.289117,25919.717155,5.827201,15.690361,8.867505,2025-10-13 00:39:41
2924,10,30000,1500,0.601333,9.000403,25928.717558,5.827201,15.690361,8.867550,2025-10-13 00:39:50
2925,10,30000,1500,0.639333,9.059133,25937.776691,5.827201,15.690361,8.867616,2025-10-13 00:39:59
2926,10,30000,1500,0.623333,8.929726,25946.706417,5.827201,15.690361,8.867637,2025-10-13 00:40:08
2927,10,30000,1500,0.546667,8.937491,25955.643907,5.827201,15.690361,8.867661,2025-10-13 00:40:17
2928,10,30000,1500,0.714667,8.842966,25964.486873,5.827201,15.690361,8.867653,2025-10-13 00:40:26
2929,10,30000,1500,0.683333,8.462782,25972.949655,5.827201,15.690361,8.867514,2025-10-13 00:40:35
2930,10,30000,1500,0.728000,9.383378,25982.333033,5.827201,15.690361,8.867690,2025-10-13 00:40:44
2931,10,30000,1500,0.612000,8.729873,25991.062907,5.827201,15.690361,8.867643,2025-10-13 00:40:53
2932,10,30000,1500,0.713333,9.327017,26000.389923,5.827201,15.690361,8.867800,2025-10-13 00:41:02
2933,10,30000,1500,0.678000,8.898892,26009.288816,5.827201,15.690361,8.867811,2025-10-13 00:41:11
2934,10,30000,1500,0.688000,9.291546,26018.580361,5.827201,15.690361,8.867955,2025-10-13 00:41:20
2935,10,30000,1500,0.734667,9.325142,26027.905503,5.827201,15.690361,8.868111,2025-10-13 00:41:30
2936,10,30000,1500,0.654667,8.857138,26036.762641,5.827201,15.690361,8.868107,2025-10-13 00:41:38
2937,10,30000,1500,0.696667,8.857044,26045.619685,5.827201,15.690361,8.868103,2025-10-13 00:41:47
2938,10,30000,1500,0.607333,8.682668,26054.302352,5.827201,15.690361,8.868040,2025-10-13 00:41:56
2939,10,30000,1500,0.638667,9.197380,26063.499732,5.827201,15.690361,8.868152,2025-10-13 00:42:05
2940,10,30000,1500,0.629333,9.364461,26072.864194,5.827201,15.690361,8.868321,2025-10-13 00:42:15
2941,10,30000,1500,0.652000,9.053240,26081.917434,5.827201,15.690361,8.868384,2025-10-13 00:42:24
2942,10,30000,1500,0.531333,9.537821,26091.455256,5.827201,15.690361,8.868612,2025-10-13 00:42:33
2943,10,30000,1500,0.636000,8.533359,26099.988614,5.827201,15.690361,8.868498,2025-10-13 00:42:42
2944,10,30000,1500,0.621333,8.941051,26108.929665,5.827201,15.690361,8.868522,2025-10-13 00:42:51
2945,10,30000,1500,0.645333,8.566151,26117.495816,5.827201,15.690361,8.868420,2025-10-13 00:42:59
2946,10,30000,1500,0.696000,9.519556,26127.015372,5.827201,15.690361,8.868641,2025-10-13 00:43:09
2947,10,30000,1500,0.640000,9.015157,26136.030529,5.827201,15.690361,8.868690,2025-10-13 00:43:18
2948,10,30000,1500,0.698000,9.247801,26145.278330,5.827201,15.690361,8.868819,2025-10-13 00:43:27
2949,10,30000,1500,0.695333,8.980444,26154.258774,5.827201,15.690361,8.868857,2025-10-13 00:43:36
2950,10,30000,1500,0.620000,8.706486,26162.965260,5.827201,15.690361,8.868802,2025-10-13 00:43:45
2951,10,30000,1500,0.735333,9.257934,26172.223194,5.827201,15.690361,8.868934,2025-10-13 00:43:54
2952,10,30000,1500,0.622667,8.525652,26180.748845,5.827201,15.690361,8.868817,2025-10-13 00:44:03
2953,10,30000,1500,0.666000,9.374274,26190.123120,5.827201,15.690361,8.868989,2025-10-13 00:44:12
2954,10,30000,1500,0.670000,8.945621,26199.068741,5.827201,15.690361,8.869014,2025-10-13 00:44:21
2955,10,30000,1500,0.637333,9.007113,26208.075853,5.827201,15.690361,8.869061,2025-10-13 00:44:30
2956,10,30000,1500,0.662000,8.643646,26216.719499,5.827201,15.690361,8.868985,2025-10-13 00:44:38
2957,10,30000,1500,0.648667,8.299148,26225.018647,5.827201,15.690361,8.868792,2025-10-13 00:44:47
2958,10,30000,1500,0.665333,8.619108,26233.637755,5.827201,15.690361,8.868708,2025-10-13 00:44:55
2959,10,30000,1500,0.639333,8.874128,26242.511883,5.827201,15.690361,8.868710,2025-10-13 00:45:04
2960,10,30000,1500,0.714000,9.274897,26251.786780,5.827201,15.690361,8.868847,2025-10-13 00:45:14
2961,10,30000,1500,0.637333,8.781505,26260.568285,5.827201,15.690361,8.868817,2025-10-13 00:45:22
2962,10,30000,1500,0.696667,8.784243,26269.352528,5.827201,15.690361,8.868789,2025-10-13 00:45:31
2963,10,30000,1500,0.776000,9.291202,26278.643731,5.827201,15.690361,8.868931,2025-10-13 00:45:40
2964,10,30000,1500,0.754000,8.341968,26286.985699,5.827201,15.690361,8.868754,2025-10-13 00:45:49
2965,10,30000,1500,0.740667,9.200224,26296.185923,5.827201,15.690361,8.868865,2025-10-13 00:45:58
2966,10,30000,1500,0.670667,9.005535,26305.191457,5.827201,15.690361,8.868911,2025-10-13 00:46:07
2967,10,30000,1500,0.788667,9.317945,26314.509402,5.827201,15.690361,8.869063,2025-10-13 00:46:16
2968,10,30000,1500,0.721333,9.062983,26323.572386,5.827201,15.690361,8.869128,2025-10-13 00:46:25
2969,10,30000,1500,0.728000,8.771344,26332.343730,5.827201,15.690361,8.869095,2025-10-13 00:46:34
2970,10,30000,1500,0.740667,9.351215,26341.694944,5.827201,15.690361,8.869258,2025-10-13 00:46:43
2971,10,30000,1500,0.690667,8.863985,26350.558930,5.827201,15.690361,8.869256,2025-10-13 00:46:52
2972,10,30000,1500,0.676000,9.136687,26359.695617,5.827201,15.690361,8.869346,2025-10-13 00:47:02
2973,10,30000,1500,0.656667,9.014386,26368.710003,5.827201,15.690361,8.869395,2025-10-13 00:47:11
2974,10,30000,1500,0.634000,9.301634,26378.011637,5.827201,15.690361,8.869540,2025-10-13 00:47:20
2975,10,30000,1500,0.643333,8.908674,26386.920311,5.827201,15.690361,8.869553,2025-10-13 00:47:29
2976,10,30000,1500,0.635333,9.056115,26395.976426,5.827201,15.690361,8.869616,2025-10-13 00:47:38
2977,10,30000,1500,0.557333,9.301393,26405.277818,5.827201,15.690361,8.869761,2025-10-13 00:47:47
2978,10,30000,1500,0.582667,8.535833,26413.813651,5.827201,15.690361,8.869649,2025-10-13 00:47:56
2979,10,30000,1500,0.616000,8.810386,26422.624037,5.827201,15.690361,8.869629,2025-10-13 00:48:04
2980,10,30000,1500,0.667333,7.926921,26430.550958,5.827201,15.690361,8.869312,2025-10-13 00:48:12
2981,10,30000,1500,0.670667,8.539023,26439.089981,5.827201,15.690361,8.869202,2025-10-13 00:48:21
2982,10,30000,1500,0.583333,8.908733,26447.998714,5.827201,15.690361,8.869215,2025-10-13 00:48:30
2983,10,30000,1500,0.738000,8.483787,26456.482501,5.827201,15.690361,8.869086,2025-10-13 00:48:38
2984,10,30000,1500,0.693333,8.919864,26465.402365,5.827201,15.690361,8.869103,2025-10-13 00:48:47
2985,10,30000,1500,0.662000,8.894632,26474.296997,5.827201,15.690361,8.869111,2025-10-13 00:48:56
2986,10,30000,1500,0.724667,9.223919,26483.520916,5.827201,15.690361,8.869230,2025-10-13 00:49:05
2987,10,30000,1500,0.660000,8.898848,26492.419765,5.827201,15.690361,8.869240,2025-10-13 00:49:14
2988,10,30000,1500,0.650667,8.432843,26500.852607,5.827201,15.690361,8.869094,2025-10-13 00:49:23
2989,10,30000,1500,0.684667,8.960283,26509.812890,5.827201,15.690361,8.869124,2025-10-13 00:49:32
2990,10,30000,1500,0.678000,8.979704,26518.792594,5.827201,15.690361,8.869161,2025-10-13 00:49:41
2991,10,30000,1500,0.654000,9.507525,26528.300119,5.827201,15.690361,8.869375,2025-10-13 00:49:50
2992,10,30000,1500,0.640667,8.761131,26537.061251,5.827201,15.690361,8.869339,2025-10-13 00:49:59
2993,10,30000,1500,0.664667,9.290187,26546.351437,5.827201,15.690361,8.869479,2025-10-13 00:50:08
2994,10,30000,1500,0.635333,8.706142,26555.057579,5.827201,15.690361,8.869425,2025-10-13 00:50:17
2995,10,30000,1500,0.667333,8.882048,26563.939627,5.827201,15.690361,8.869429,2025-10-13 00:50:26
2996,10,30000,1500,0.582000,8.951896,26572.891524,5.827201,15.690361,8.869456,2025-10-13 00:50:35
2997,10,30000,1500,0.649333,8.878696,26581.770220,5.827201,15.690361,8.869460,2025-10-13 00:50:44
2998,10,30000,1500,0.714000,9.376259,26591.146479,5.827201,15.690361,8.869629,2025-10-13 00:50:53
2999,10,30000,1500,0.722000,8.319314,26599.465793,5.827201,15.690361,8.869445,2025-10-13 00:51:01
3000,10,30000,1500,0.667333,8.579391,26608.045183,5.827201,15.690361,8.869348,2025-10-13 00:51:10
3001,10,30000,1500,0.733333,8.843588,26616.888771,5.827201,15.690361,8.869340,2025-10-13 00:51:19
3002,10,30000,1500,0.636667,9.112798,26626.001569,5.827201,15.690361,8.869421,2025-10-13 00:51:28
3003,10,30000,1500,0.682667,9.155540,26635.157109,5.827201,15.690361,8.869516,2025-10-13 00:51:37
3004,10,30000,1500,0.716000,8.524792,26643.681902,5.827201,15.690361,8.869401,2025-10-13 00:51:46
3005,10,30000,1500,0.716667,8.865693,26652.547595,5.827201,15.690361,8.869400,2025-10-13 00:51:54
3006,10,30000,1500,0.766000,8.744991,26661.292586,5.827201,15.690361,8.869359,2025-10-13 00:52:03
3007,10,30000,1500,0.716000,9.142379,26670.434964,5.827201,15.690361,8.869450,2025-10-13 00:52:12
3008,10,30000,1500,0.629333,8.990617,26679.425581,5.827201,15.690361,8.869490,2025-10-13 00:52:21
3009,10,30000,1500,0.596000,8.150712,26687.576293,5.827201,15.690361,8.869251,2025-10-13 00:52:29
3010,10,30000,1500,0.666000,9.356963,26696.933256,5.827201,15.690361,8.869413,2025-10-13 00:52:39
3011,10,30000,1500,0.614667,8.687766,26705.621022,5.827201,15.690361,8.869353,2025-10-13 00:52:48
3012,10,30000,1500,0.692000,9.197187,26714.818209,5.827201,15.690361,8.869462,2025-10-13 00:52:57
3013,10,30000,1500,0.721333,8.848166,26723.666375,5.827201,15.690361,8.869454,2025-10-13 00:53:06
3014,10,30000,1500,0.645333,8.915798,26732.582174,5.827201,15.690361,8.869470,2025-10-13 00:53:14
3015,10,30000,1500,0.707333,8.852261,26741.434435,5.827201,15.690361,8.869464,2025-10-13 00:53:23
3016,10,30000,1500,0.674667,8.478168,26749.912603,5.827201,15.690361,8.869334,2025-10-13 00:53:32
3017,10,30000,1500,0.710000,9.240294,26759.152897,5.827201,15.690361,8.869457,2025-10-13 00:53:41
3018,10,30000,1500,0.680000,8.449404,26767.602300,5.827201,15.690361,8.869318,2025-10-13 00:53:50
3019,10,30000,1500,0.690000,9.206551,26776.808852,5.827201,15.690361,8.869430,2025-10-13 00:53:59
3020,10,30000,1500,0.648667,8.989013,26785.797864,5.827201,15.690361,8.869469,2025-10-13 00:54:08
3021,10,30000,1500,0.624667,8.950679,26794.748543,5.827201,15.690361,8.869496,2025-10-13 00:54:17
3022,10,30000,1500,0.576000,8.990314,26803.738857,5.827201,15.690361,8.869536,2025-10-13 00:54:26
3023,10,30000,1500,0.710667,9.094201,26812.833058,5.827201,15.690361,8.869611,2025-10-13 00:54:35
3024,10,30000,1500,0.621333,9.089616,26821.922674,5.827201,15.690361,8.869683,2025-10-13 00:54:44
3025,10,30000,1500,0.727333,8.871606,26830.794280,5.827201,15.690361,8.869684,2025-10-13 00:54:53
3026,10,30000,1500,0.650000,9.487893,26840.282174,5.827201,15.690361,8.869888,2025-10-13 00:55:02
3027,10,30000,1500,0.639333,9.008951,26849.291124,5.827201,15.690361,8.869934,2025-10-13 00:55:11
3028,10,30000,1500,0.620667,8.915620,26858.206745,5.827201,15.690361,8.869949,2025-10-13 00:55:20
3029,10,30000,1500,0.616000,9.245204,26867.451949,5.827201,15.690361,8.870073,2025-10-13 00:55:29
3030,10,30000,1500,0.610667,8.956111,26876.408059,5.827201,15.690361,8.870102,2025-10-13 00:55:38
3031,10,30000,1500,0.652000,8.680517,26885.088576,5.827201,15.690361,8.870039,2025-10-13 00:55:47
3032,10,30000,1500,0.573333,9.103223,26894.191799,5.827201,15.690361,8.870116,2025-10-13 00:55:56
3033,10,30000,1500,0.526667,9.321231,26903.513030,5.827201,15.690361,8.870265,2025-10-13 00:56:05
3034,10,30000,1500,0.586667,9.163078,26912.676107,5.827201,15.690361,8.870361,2025-10-13 00:56:15
3035,10,30000,1500,0.584667,8.991728,26921.667835,5.827201,15.690361,8.870401,2025-10-13 00:56:24
3036,10,30000,1500,0.681333,9.105248,26930.773083,5.827201,15.690361,8.870479,2025-10-13 00:56:33
3037,10,30000,1500,0.661333,8.849219,26939.622302,5.827201,15.690361,8.870472,2025-10-13 00:56:42
3038,10,30000,1500,0.564000,9.096138,26948.718440,5.827201,15.690361,8.870546,2025-10-13 00:56:51
3039,10,30000,1500,0.698000,8.401845,26957.120285,5.827201,15.690361,8.870392,2025-10-13 00:56:59
3040,10,30000,1500,0.631333,8.712224,26965.832509,5.827201,15.690361,8.870340,2025-10-13 00:57:08
3041,10,30000,1500,0.653333,8.924430,26974.756938,5.827201,15.690361,8.870357,2025-10-13 00:57:17
3042,10,30000,1500,0.643333,8.950255,26983.707194,5.827201,15.690361,8.870384,2025-10-13 00:57:26
3043,10,30000,1500,0.610667,8.994107,26992.701301,5.827201,15.690361,8.870424,2025-10-13 00:57:35
3044,10,30000,1500,0.580000,9.168734,27001.870034,5.827201,15.690361,8.870522,2025-10-13 00:57:44
3045,10,30000,1500,0.632667,9.088726,27010.958760,5.827201,15.690361,8.870594,2025-10-13 00:57:53
3046,10,30000,1500,0.695333,9.073672,27020.032432,5.827201,15.690361,8.870661,2025-10-13 00:58:02
3047,10,30000,1500,0.664667,9.503367,27029.535799,5.827201,15.690361,8.870868,2025-10-13 00:58:12
3048,10,30000,1500,0.601333,8.538417,27038.074216,5.827201,15.690361,8.870759,2025-10-13 00:58:20
3049,10,30000,1500,0.626000,8.328184,27046.402400,5.827201,15.690361,8.870581,2025-10-13 00:58:28
3050,10,30000,1500,0.687333,9.046415,27055.448815,5.827201,15.690361,8.870639,2025-10-13 00:58:37
3051,10,30000,1500,0.696000,8.938859,27064.387674,5.827201,15.690361,8.870661,2025-10-13 00:58:46
3052,10,30000,1500,0.587333,9.110871,27073.498545,5.827201,15.690361,8.870740,2025-10-13 00:58:56
3053,10,30000,1500,0.674667,8.807938,27082.306483,5.827201,15.690361,8.870719,2025-10-13 00:59:04
3054,10,30000,1500,0.669333,8.821259,27091.127742,5.827201,15.690361,8.870703,2025-10-13 00:59:13
3055,10,30000,1500,0.643333,8.796605,27099.924347,5.827201,15.690361,8.870679,2025-10-13 00:59:22
3056,10,30000,1500,0.676000,8.628047,27108.552394,5.827201,15.690361,8.870600,2025-10-13 00:59:31
3057,10,30000,1500,0.664000,8.676548,27117.228942,5.827201,15.690361,8.870536,2025-10-13 00:59:39
3058,10,30000,1500,0.567333,9.201839,27126.430781,5.827201,15.690361,8.870644,2025-10-13 00:59:48
3059,10,30000,1500,0.666667,9.112816,27135.543597,5.827201,15.690361,8.870724,2025-10-13 00:59:58
3060,10,30000,1500,0.664667,8.901017,27144.444614,5.827201,15.690361,8.870734,2025-10-13 01:00:06
3061,10,30000,1500,0.725333,9.052973,27153.497587,5.827201,15.690361,8.870793,2025-10-13 01:00:16
3062,10,30000,1500,0.758667,9.290657,27162.788243,5.827201,15.690361,8.870930,2025-10-13 01:00:25
3063,10,30000,1500,0.721333,9.020569,27171.808812,5.827201,15.690361,8.870979,2025-10-13 01:00:34
3064,10,30000,1500,0.617333,9.187716,27180.996529,5.827201,15.690361,8.871082,2025-10-13 01:00:43
3065,10,30000,1500,0.622667,8.777787,27189.774316,5.827201,15.690361,8.871052,2025-10-13 01:00:52
3066,10,30000,1500,0.698667,8.606341,27198.380657,5.827201,15.690361,8.870966,2025-10-13 01:01:00
3067,10,30000,1500,0.627333,9.074670,27207.455327,5.827201,15.690361,8.871032,2025-10-13 01:01:10
3068,10,30000,1500,0.718667,9.270109,27216.725435,5.827201,15.690361,8.871162,2025-10-13 01:01:19
3069,10,30000,1500,0.684000,9.365025,27226.090460,5.827201,15.690361,8.871323,2025-10-13 01:01:28
3070,10,30000,1500,0.671333,8.481619,27234.572079,5.827201,15.690361,8.871196,2025-10-13 01:01:37
3071,10,30000,1500,0.725333,9.238432,27243.810510,5.827201,15.690361,8.871316,2025-10-13 01:01:46
3072,10,30000,1500,0.679333,9.233913,27253.044423,5.827201,15.690361,8.871434,2025-10-13 01:01:55
3073,10,30000,1500,0.728000,9.004711,27262.049134,5.827201,15.690361,8.871477,2025-10-13 01:02:04
3074,10,30000,1500,0.731333,8.465899,27270.515033,5.827201,15.690361,8.871345,2025-10-13 01:02:13
3075,10,30000,1500,0.746667,8.761970,27279.277004,5.827201,15.690361,8.871310,2025-10-13 01:02:21
3076,10,30000,1500,0.682000,8.454127,27287.731130,5.827201,15.690361,8.871174,2025-10-13 01:02:30
3077,10,30000,1500,0.724667,8.886481,27296.617611,5.827201,15.690361,8.871179,2025-10-13 01:02:39
3078,10,30000,1500,0.694000,9.313570,27305.931181,5.827201,15.690361,8.871323,2025-10-13 01:02:48
3079,10,30000,1500,0.622000,9.431965,27315.363147,5.827201,15.690361,8.871505,2025-10-13 01:02:57
3080,10,30000,1500,0.659333,8.505034,27323.868180,5.827201,15.690361,8.871386,2025-10-13 01:03:06
3081,10,30000,1500,0.696000,8.334446,27332.202626,5.827201,15.690361,8.871211,2025-10-13 01:03:14
3082,10,30000,1500,0.763333,7.814506,27340.017132,5.827201,15.690361,8.870869,2025-10-13 01:03:22
3083,10,30000,1500,0.753333,8.213029,27348.230161,5.827201,15.690361,8.870655,2025-10-13 01:03:30
3084,10,30000,1500,0.694000,8.096535,27356.326696,5.827201,15.690361,8.870404,2025-10-13 01:03:38
3085,10,30000,1500,0.607333,7.995962,27364.322659,5.827201,15.690361,8.870121,2025-10-13 01:03:46
3086,10,30000,1500,0.634000,8.053956,27372.376615,5.827201,15.690361,8.869856,2025-10-13 01:03:54
3087,10,30000,1500,0.652667,7.906552,27380.283168,5.827201,15.690361,8.869544,2025-10-13 01:04:02
3088,10,30000,1500,0.583333,8.659789,27388.942957,5.827201,15.690361,8.869476,2025-10-13 01:04:11
3089,10,30000,1500,0.695333,7.857460,27396.800417,5.827201,15.690361,8.869149,2025-10-13 01:04:19
3090,10,30000,1500,0.693333,7.696477,27404.496894,5.827201,15.690361,8.868769,2025-10-13 01:04:27
3091,10,30000,1500,0.694667,8.020961,27412.517855,5.827201,15.690361,8.868495,2025-10-13 01:04:35
3092,10,30000,1500,0.711333,7.503909,27420.021763,5.827201,15.690361,8.868054,2025-10-13 01:04:42
3093,10,30000,1500,0.649333,8.330962,27428.352726,5.827201,15.690361,8.867880,2025-10-13 01:04:50
3094,10,30000,1500,0.724000,8.393642,27436.746368,5.827201,15.690361,8.867727,2025-10-13 01:04:59
3095,10,30000,1500,0.711333,7.899969,27444.646336,5.827201,15.690361,8.867414,2025-10-13 01:05:07
3096,10,30000,1500,0.684667,8.765223,27453.411560,5.827201,15.690361,8.867381,2025-10-13 01:05:16
3097,10,30000,1500,0.702667,7.684728,27461.096287,5.827201,15.690361,8.866999,2025-10-13 01:05:23
3098,10,30000,1500,0.755333,8.689130,27469.785417,5.827201,15.690361,8.866942,2025-10-13 01:05:32
3099,10,30000,1500,0.682000,8.566534,27478.351952,5.827201,15.690361,8.866845,2025-10-13 01:05:40
3100,10,30000,1500,0.795333,8.248405,27486.600356,5.827201,15.690361,8.866645,2025-10-13 01:05:49
3101,10,30000,1500,0.687333,8.387317,27494.987674,5.827201,15.690361,8.866491,2025-10-13 01:05:57
3102,10,30000,1500,0.748667,7.540774,27502.528448,5.827201,15.690361,8.866063,2025-10-13 01:06:05
3103,10,30000,1500,0.780667,7.884800,27510.413247,5.827201,15.690361,8.865747,2025-10-13 01:06:13
3104,10,30000,1500,0.746667,8.469036,27518.882283,5.827201,15.690361,8.865619,2025-10-13 01:06:21
3105,10,30000,1500,0.784000,8.355687,27527.237970,5.827201,15.690361,8.865455,2025-10-13 01:06:29
3106,10,30000,1500,0.776667,7.958259,27535.196230,5.827201,15.690361,8.865163,2025-10-13 01:06:37
3107,10,30000,1500,0.715333,8.103211,27543.299440,5.827201,15.690361,8.864918,2025-10-13 01:06:45
3108,10,30000,1500,0.655333,8.600796,27551.900236,5.827201,15.690361,8.864833,2025-10-13 01:06:54
3109,10,30000,1500,0.663333,8.325166,27560.225403,5.827201,15.690361,8.864659,2025-10-13 01:07:02
3110,10,30000,1500,0.711333,8.271503,27568.496906,5.827201,15.690361,8.864468,2025-10-13 01:07:11
3111,10,30000,1500,0.586000,7.880587,27576.377493,5.827201,15.690361,8.864152,2025-10-13 01:07:19
3112,10,30000,1500,0.660000,7.753735,27584.131228,5.827201,15.690361,8.863795,2025-10-13 01:07:26
3113,10,30000,1500,0.629333,8.097981,27592.229209,5.827201,15.690361,8.863549,2025-10-13 01:07:34
3114,10,30000,1500,0.652667,8.228455,27600.457665,5.827201,15.690361,8.863345,2025-10-13 01:07:43
3115,10,30000,1500,0.675333,8.419401,27608.877066,5.827201,15.690361,8.863203,2025-10-13 01:07:51
3116,10,30000,1500,0.604667,8.802405,27617.679471,5.827201,15.690361,8.863183,2025-10-13 01:08:00
3117,10,30000,1500,0.637333,8.009181,27625.688652,5.827201,15.690361,8.862909,2025-10-13 01:08:08
3118,10,30000,1500,0.698000,8.449631,27634.138283,5.827201,15.690361,8.862777,2025-10-13 01:08:16
3119,10,30000,1500,0.744000,7.949667,27642.087950,5.827201,15.690361,8.862484,2025-10-13 01:08:24
3120,10,30000,1500,0.751333,8.451232,27650.539182,5.827201,15.690361,8.862352,2025-10-13 01:08:33
3121,10,30000,1500,0.665333,7.983041,27658.522224,5.827201,15.690361,8.862071,2025-10-13 01:08:41
3122,10,30000,1500,0.698667,7.636842,27666.159066,5.827201,15.690361,8.861678,2025-10-13 01:08:48
3123,10,30000,1500,0.659333,8.049007,27674.208073,5.827201,15.690361,8.861418,2025-10-13 01:08:56
3124,10,30000,1500,0.628667,8.464345,27682.672418,5.827201,15.690361,8.861291,2025-10-13 01:09:05
3125,10,30000,1500,0.710667,8.108574,27690.780992,5.827201,15.690361,8.861050,2025-10-13 01:09:13
3126,10,30000,1500,0.678667,9.048952,27699.829945,5.827201,15.690361,8.861110,2025-10-13 01:09:22
3127,10,30000,1500,0.636667,8.287538,27708.117482,5.827201,15.690361,8.860927,2025-10-13 01:09:30
3128,10,30000,1500,0.645333,9.145180,27717.262662,5.827201,15.690361,8.861017,2025-10-13 01:09:39
3129,10,30000,1500,0.674667,8.555390,27725.818052,5.827201,15.690361,8.860920,2025-10-13 01:09:48
3130,10,30000,1500,0.591333,8.605787,27734.423839,5.827201,15.690361,8.860838,2025-10-13 01:09:57
3131,10,30000,1500,0.704667,8.025615,27742.449454,5.827201,15.690361,8.860572,2025-10-13 01:10:05
3132,10,30000,1500,0.587333,7.547629,27749.997083,5.827201,15.690361,8.860152,2025-10-13 01:10:12
3133,10,30000,1500,0.632000,8.447348,27758.444431,5.827201,15.690361,8.860021,2025-10-13 01:10:21
3134,10,30000,1500,0.611333,8.287758,27766.732189,5.827201,15.690361,8.859838,2025-10-13 01:10:29
3135,10,30000,1500,0.591333,7.748923,27774.481113,5.827201,15.690361,8.859484,2025-10-13 01:10:37
3136,10,30000,1500,0.619333,7.794175,27782.275288,5.827201,15.690361,8.859144,2025-10-13 01:10:44
3137,10,30000,1500,0.596000,7.659160,27789.934448,5.827201,15.690361,8.858761,2025-10-13 01:10:52
3138,10,30000,1500,0.730667,8.049562,27797.984010,5.827201,15.690361,8.858504,2025-10-13 01:11:00
3139,10,30000,1500,0.777333,7.598324,27805.582334,5.827201,15.690361,8.858102,2025-10-13 01:11:08
3140,10,30000,1500,0.846667,7.707027,27813.289361,5.827201,15.690361,8.857735,2025-10-13 01:11:16
3141,10,30000,1500,0.712667,7.792601,27821.081962,5.827201,15.690361,8.857396,2025-10-13 01:11:23
3142,10,30000,1500,0.739333,7.682793,27828.764755,5.827201,15.690361,8.857023,2025-10-13 01:11:31
3143,10,30000,1500,0.734000,7.800345,27836.565100,5.827201,15.690361,8.856686,2025-10-13 01:11:39
3144,10,30000,1500,0.697333,7.643282,27844.208382,5.827201,15.690361,8.856300,2025-10-13 01:11:46
3145,10,30000,1500,0.821333,8.252218,27852.460600,5.827201,15.690361,8.856108,2025-10-13 01:11:55
3146,10,30000,1500,0.732000,8.633956,27861.094556,5.827201,15.690361,8.856038,2025-10-13 01:12:03
3147,10,30000,1500,0.774000,8.680892,27869.775448,5.827201,15.690361,8.855982,2025-10-13 01:12:12
3148,10,30000,1500,0.642667,8.001604,27877.777052,5.827201,15.690361,8.855711,2025-10-13 01:12:20
3149,10,30000,1500,0.696667,7.974630,27885.751682,5.827201,15.690361,8.855431,2025-10-13 01:12:28
3150,10,30000,1500,0.652667,8.520832,27894.272515,5.827201,15.690361,8.855325,2025-10-13 01:12:37
3151,10,30000,1500,0.747333,8.805784,27903.078299,5.827201,15.690361,8.855309,2025-10-13 01:12:45
3152,10,30000,1500,0.606000,7.952984,27911.031283,5.827201,15.690361,8.855023,2025-10-13 01:12:53
3153,10,30000,1500,0.720667,8.029676,27919.060960,5.827201,15.690361,8.854761,2025-10-13 01:13:01
3154,10,30000,1500,0.658000,8.247985,27927.308944,5.827201,15.690361,8.854568,2025-10-13 01:13:10
3155,10,30000,1500,0.651333,8.552638,27935.861583,5.827201,15.690361,8.854473,2025-10-13 01:13:18
3156,10,30000,1500,0.735333,8.597610,27944.459193,5.827201,15.690361,8.854391,2025-10-13 01:13:27
3157,10,30000,1500,0.703333,7.811919,27952.271112,5.827201,15.690361,8.854061,2025-10-13 01:13:35
3158,10,30000,1500,0.694667,7.600660,27959.871772,5.827201,15.690361,8.853664,2025-10-13 01:13:42
3159,10,30000,1500,0.724000,8.589156,27968.460928,5.827201,15.690361,8.853581,2025-10-13 01:13:51
3160,10,30000,1500,0.625333,8.428742,27976.889670,5.827201,15.690361,8.853446,2025-10-13 01:13:59
3161,10,30000,1500,0.801333,8.055787,27984.945457,5.827201,15.690361,8.853194,2025-10-13 01:14:07
3162,10,30000,1500,0.684000,7.879604,27992.825061,5.827201,15.690361,8.852886,2025-10-13 01:14:15
3163,10,30000,1500,0.740667,7.722431,28000.547492,5.827201,15.690361,8.852528,2025-10-13 01:14:23
3164,10,30000,1500,0.693333,8.528401,28009.075892,5.827201,15.690361,8.852426,2025-10-13 01:14:31
3165,10,30000,1500,0.640667,8.344232,28017.420124,5.827201,15.690361,8.852265,2025-10-13 01:14:40
3166,10,30000,1500,0.668000,8.219977,28025.640101,5.827201,15.690361,8.852066,2025-10-13 01:14:48
3167,10,30000,1500,0.704000,7.932224,28033.572326,5.827201,15.690361,8.851775,2025-10-13 01:14:56
3168,10,30000,1500,0.724667,7.663372,28041.235698,5.827201,15.690361,8.851400,2025-10-13 01:15:04
3169,10,30000,1500,0.623333,8.052481,28049.288179,5.827201,15.690361,8.851148,2025-10-13 01:15:12
3170,10,30000,1500,0.733333,8.157059,28057.445237,5.827201,15.690361,8.850929,2025-10-13 01:15:20
3171,10,30000,1500,0.702000,8.554578,28065.999815,5.827201,15.690361,8.850836,2025-10-13 01:15:28
3172,10,30000,1500,0.696667,9.077644,28075.077459,5.827201,15.690361,8.850907,2025-10-13 01:15:37
3173,10,30000,1500,0.779333,8.332295,28083.409754,5.827201,15.690361,8.850744,2025-10-13 01:15:46
3174,10,30000,1500,0.802000,8.123707,28091.533461,5.827201,15.690361,8.850515,2025-10-13 01:15:54
3175,10,30000,1500,0.834000,8.630955,28100.164416,5.827201,15.690361,8.850445,2025-10-13 01:16:02
3176,10,30000,1500,0.732000,8.289135,28108.453551,5.827201,15.690361,8.850269,2025-10-13 01:16:11
3177,10,30000,1500,0.784000,8.598849,28117.052400,5.827201,15.690361,8.850190,2025-10-13 01:16:19
3178,10,30000,1500,0.762000,7.813530,28124.865929,5.827201,15.690361,8.849863,2025-10-13 01:16:27
3179,10,30000,1500,0.724667,8.293068,28133.158997,5.827201,15.690361,8.849688,2025-10-13 01:16:35
3180,10,30000,1500,0.812667,8.173688,28141.332685,5.827201,15.690361,8.849476,2025-10-13 01:16:44
3181,10,30000,1500,0.742000,8.706488,28150.039173,5.827201,15.690361,8.849431,2025-10-13 01:16:52
3182,10,30000,1500,0.766000,8.622407,28158.661579,5.827201,15.690361,8.849359,2025-10-13 01:17:01
3183,10,30000,1500,0.665333,7.774373,28166.435953,5.827201,15.690361,8.849022,2025-10-13 01:17:09
3184,10,30000,1500,0.684000,8.622154,28175.058107,5.827201,15.690361,8.848950,2025-10-13 01:17:17
3185,10,30000,1500,0.648000,7.831007,28182.889114,5.827201,15.690361,8.848631,2025-10-13 01:17:25
3186,10,30000,1500,0.714000,8.171276,28191.060390,5.827201,15.690361,8.848418,2025-10-13 01:17:33
3187,10,30000,1500,0.623333,7.686620,28198.747011,5.827201,15.690361,8.848054,2025-10-13 01:17:41
3188,10,30000,1500,0.659333,8.811177,28207.558187,5.827201,15.690361,8.848042,2025-10-13 01:17:50
3189,10,30000,1500,0.670667,8.362657,28215.920844,5.827201,15.690361,8.847890,2025-10-13 01:17:58
3190,10,30000,1500,0.674667,7.852903,28223.773747,5.827201,15.690361,8.847578,2025-10-13 01:18:06
3191,10,30000,1500,0.717333,8.155709,28231.929456,5.827201,15.690361,8.847361,2025-10-13 01:18:14
3192,10,30000,1500,0.673333,7.816089,28239.745544,5.827201,15.690361,8.847038,2025-10-13 01:18:22
3193,10,30000,1500,0.735333,8.223387,28247.968931,5.827201,15.690361,8.846843,2025-10-13 01:18:30
3194,10,30000,1500,0.724000,8.554421,28256.523352,5.827201,15.690361,8.846751,2025-10-13 01:18:39
3195,10,30000,1500,0.660667,8.411166,28264.934518,5.827201,15.690361,8.846615,2025-10-13 01:18:47
3196,10,30000,1500,0.791333,8.144876,28273.079393,5.827201,15.690361,8.846395,2025-10-13 01:18:55
3197,10,30000,1500,0.706000,8.117262,28281.196655,5.827201,15.690361,8.846167,2025-10-13 01:19:04
3198,10,30000,1500,0.728000,8.227915,28289.424570,5.827201,15.690361,8.845974,2025-10-13 01:19:12
3199,10,30000,1500,0.705333,8.412791,28297.837362,5.827201,15.690361,8.845839,2025-10-13 01:19:20
3200,10,30000,1500,0.680000,8.421502,28306.258863,5.827201,15.690361,8.845706,2025-10-13 01:19:29
3201,10,30000,1500,0.660667,8.042914,28314.301777,5.827201,15.690361,8.845455,2025-10-13 01:19:37
3202,10,30000,1500,0.706000,7.682514,28321.984291,5.827201,15.690361,8.845092,2025-10-13 01:19:44
3203,10,30000,1500,0.682667,7.932573,28329.916863,5.827201,15.690361,8.844807,2025-10-13 01:19:52
3204,10,30000,1500,0.598667,8.815439,28338.732303,5.827201,15.690361,8.844798,2025-10-13 01:20:01
3205,10,30000,1500,0.680667,8.309117,28347.041420,5.827201,15.690361,8.844631,2025-10-13 01:20:09
3206,10,30000,1500,0.644000,7.922015,28354.963435,5.827201,15.690361,8.844343,2025-10-13 01:20:17
3207,10,30000,1500,0.658000,8.700890,28363.664325,5.827201,15.690361,8.844298,2025-10-13 01:20:26
3208,10,30000,1500,0.750667,7.893547,28371.557872,5.827201,15.690361,8.844002,2025-10-13 01:20:34
3209,10,30000,1500,0.802000,8.409836,28379.967708,5.827201,15.690361,8.843867,2025-10-13 01:20:42
3210,10,30000,1500,0.716667,8.371067,28388.338775,5.827201,15.690361,8.843719,2025-10-13 01:20:51
3211,10,30000,1500,0.850667,7.768282,28396.107057,5.827201,15.690361,8.843384,2025-10-13 01:20:59
3212,10,30000,1500,0.729333,7.648220,28403.755277,5.827201,15.690361,8.843012,2025-10-13 01:21:06
3213,10,30000,1500,0.790000,8.169402,28411.924679,5.827201,15.690361,8.842803,2025-10-13 01:21:14
3214,10,30000,1500,0.794000,8.598559,28420.523238,5.827201,15.690361,8.842727,2025-10-13 01:21:23
3215,10,30000,1500,0.737333,8.666470,28429.189709,5.827201,15.690361,8.842672,2025-10-13 01:21:32
3216,10,30000,1500,0.806667,7.595339,28436.785048,5.827201,15.690361,8.842284,2025-10-13 01:21:39
3217,10,30000,1500,0.800000,7.686181,28444.471229,5.827201,15.690361,8.841925,2025-10-13 01:21:47
3218,10,30000,1500,0.716000,7.973527,28452.444756,5.827201,15.690361,8.841655,2025-10-13 01:21:55
3219,10,30000,1500,0.652667,8.637571,28461.082327,5.827201,15.690361,8.841591,2025-10-13 01:22:04
3220,10,30000,1500,0.748667,8.048328,28469.130656,5.827201,15.690361,8.841345,2025-10-13 01:22:12
3221,10,30000,1500,0.718667,8.265441,28477.396097,5.827201,15.690361,8.841166,2025-10-13 01:22:20
3222,10,30000,1500,0.741333,9.101036,28486.497132,5.827201,15.690361,8.841247,2025-10-13 01:22:29
3223,10,30000,1500,0.760000,8.442052,28494.939184,5.827201,15.690361,8.841123,2025-10-13 01:22:37
3224,10,30000,1500,0.662667,8.275230,28503.214414,5.827201,15.690361,8.840947,2025-10-13 01:22:46
3225,10,30000,1500,0.743333,8.236745,28511.451158,5.827201,15.690361,8.840760,2025-10-13 01:22:54
3226,10,30000,1500,0.780667,9.056224,28520.507382,5.827201,15.690361,8.840827,2025-10-13 01:23:03
3227,10,30000,1500,0.730000,8.999864,28529.507246,5.827201,15.690361,8.840876,2025-10-13 01:23:12
3228,10,30000,1500,0.724000,8.516804,28538.024050,5.827201,15.690361,8.840776,2025-10-13 01:23:20
3229,10,30000,1500,0.682000,7.750087,28545.774137,5.827201,15.690361,8.840438,2025-10-13 01:23:28
3230,10,30000,1500,0.696000,8.103354,28553.877491,5.827201,15.690361,8.840210,2025-10-13 01:23:36
3231,10,30000,1500,0.725333,8.632673,28562.510164,5.827201,15.690361,8.840146,2025-10-13 01:23:45
3232,10,30000,1500,0.649333,8.656014,28571.166178,5.827201,15.690361,8.840089,2025-10-13 01:23:54
3233,10,30000,1500,0.698000,8.129674,28579.295852,5.827201,15.690361,8.839869,2025-10-13 01:24:02
3234,10,30000,1500,0.646000,8.721415,28588.017267,5.827201,15.690361,8.839832,2025-10-13 01:24:10
3235,10,30000,1500,0.696000,8.197547,28596.214814,5.827201,15.690361,8.839634,2025-10-13 01:24:19
3236,10,30000,1500,0.725333,8.574303,28604.789116,5.827201,15.690361,8.839552,2025-10-13 01:24:27
3237,10,30000,1500,0.680667,7.870379,28612.659496,5.827201,15.690361,8.839252,2025-10-13 01:24:35
3238,10,30000,1500,0.690000,8.817284,28621.476780,5.827201,15.690361,8.839245,2025-10-13 01:24:44
3239,10,30000,1500,0.602667,8.458109,28629.934889,5.827201,15.690361,8.839128,2025-10-13 01:24:52
3240,10,30000,1500,0.609333,8.398379,28638.333267,5.827201,15.690361,8.838992,2025-10-13 01:25:01
3241,10,30000,1500,0.624667,7.685687,28646.018954,5.827201,15.690361,8.838636,2025-10-13 01:25:09
3242,10,30000,1500,0.652000,7.826914,28653.845868,5.827201,15.690361,8.838324,2025-10-13 01:25:16
3243,10,30000,1500,0.554000,8.665463,28662.511332,5.827201,15.690361,8.838271,2025-10-13 01:25:25
3244,10,30000,1500,0.650667,8.469997,28670.981329,5.827201,15.690361,8.838157,2025-10-13 01:25:33
3245,10,30000,1500,0.598667,7.737252,28678.718582,5.827201,15.690361,8.837818,2025-10-13 01:25:41
3246,10,30000,1500,0.662667,7.933234,28686.651815,5.827201,15.690361,8.837539,2025-10-13 01:25:49
3247,10,30000,1500,0.690000,7.907520,28694.559335,5.827201,15.690361,8.837253,2025-10-13 01:25:57
3248,10,30000,1500,0.652000,7.732373,28702.291708,5.827201,15.690361,8.836912,2025-10-13 01:26:05
3249,10,30000,1500,0.654667,9.132017,28711.423725,5.827201,15.690361,8.837003,2025-10-13 01:26:14
3250,10,30000,1500,0.624000,8.355557,28719.779281,5.827201,15.690361,8.836855,2025-10-13 01:26:22
3251,10,30000,1500,0.618000,8.364314,28728.143595,5.827201,15.690361,8.836710,2025-10-13 01:26:31
3252,10,30000,1500,0.700667,8.101346,28736.244941,5.827201,15.690361,8.836484,2025-10-13 01:26:39
3253,10,30000,1500,0.644667,7.777598,28744.022539,5.827201,15.690361,8.836158,2025-10-13 01:26:47
3254,10,30000,1500,0.654000,8.192553,28752.215092,5.827201,15.690361,8.835960,2025-10-13 01:26:55
3255,10,30000,1500,0.634000,7.889530,28760.104622,5.827201,15.690361,8.835670,2025-10-13 01:27:03
3256,10,30000,1500,0.642667,8.296056,28768.400678,5.827201,15.690361,8.835504,2025-10-13 01:27:11
3257,10,30000,1500,0.650667,8.368599,28776.769277,5.827201,15.690361,8.835361,2025-10-13 01:27:19
3258,10,30000,1500,0.645333,8.227545,28784.996823,5.827201,15.690361,8.835174,2025-10-13 01:27:28
3259,10,30000,1500,0.616667,8.627667,28793.624489,5.827201,15.690361,8.835110,2025-10-13 01:27:36
3260,10,30000,1500,0.628667,8.318953,28801.943443,5.827201,15.690361,8.834952,2025-10-13 01:27:44
3261,10,30000,1500,0.692667,7.794319,28809.737762,5.827201,15.690361,8.834633,2025-10-13 01:27:52
3262,10,30000,1500,0.636667,7.952126,28817.689888,5.827201,15.690361,8.834362,2025-10-13 01:28:00
3263,10,30000,1500,0.669333,7.689447,28825.379335,5.827201,15.690361,8.834011,2025-10-13 01:28:08
3264,10,30000,1500,0.677333,7.753573,28833.132908,5.827201,15.690361,8.833680,2025-10-13 01:28:16
3265,10,30000,1500,0.706667,7.941006,28841.073914,5.827201,15.690361,8.833407,2025-10-13 01:28:24
3266,10,30000,1500,0.678000,7.559915,28848.633829,5.827201,15.690361,8.833017,2025-10-13 01:28:31
3267,10,30000,1500,0.777333,8.051744,28856.685573,5.827201,15.690361,8.832778,2025-10-13 01:28:39
3268,10,30000,1500,0.674000,8.035894,28864.721467,5.827201,15.690361,8.832534,2025-10-13 01:28:47
3269,10,30000,1500,0.766667,8.213005,28872.934472,5.827201,15.690361,8.832345,2025-10-13 01:28:55
3270,10,30000,1500,0.696667,8.388372,28881.322845,5.827201,15.690361,8.832209,2025-10-13 01:29:04
3271,10,30000,1500,0.720000,7.871613,28889.194457,5.827201,15.690361,8.831915,2025-10-13 01:29:12
3272,10,30000,1500,0.781333,8.429939,28897.624396,5.827201,15.690361,8.831792,2025-10-13 01:29:20
3273,10,30000,1500,0.773333,8.425810,28906.050206,5.827201,15.690361,8.831668,2025-10-13 01:29:29
3274,10,30000,1500,0.649333,7.913288,28913.963493,5.827201,15.690361,8.831388,2025-10-13 01:29:37
3275,10,30000,1500,0.656667,8.029455,28921.992949,5.827201,15.690361,8.831143,2025-10-13 01:29:45
3276,10,30000,1500,0.742000,7.746066,28929.739015,5.827201,15.690361,8.830812,2025-10-13 01:29:52
3277,10,30000,1500,0.703333,7.833857,28937.572873,5.827201,15.690361,8.830507,2025-10-13 01:30:00
3278,10,30000,1500,0.754667,8.476685,28946.049558,5.827201,15.690361,8.830399,2025-10-13 01:30:09
3279,10,30000,1500,0.704000,7.898933,28953.948490,5.827201,15.690361,8.830115,2025-10-13 01:30:17
3280,10,30000,1500,0.645333,8.484037,28962.432527,5.827201,15.690361,8.830010,2025-10-13 01:30:25
3281,10,30000,1500,0.738000,8.339635,28970.772162,5.827201,15.690361,8.829860,2025-10-13 01:30:33
3282,10,30000,1500,0.747333,8.045928,28978.818091,5.827201,15.690361,8.829622,2025-10-13 01:30:41
3283,10,30000,1500,0.732000,7.939375,28986.757466,5.827201,15.690361,8.829350,2025-10-13 01:30:49
3284,10,30000,1500,0.763333,8.818386,28995.575851,5.827201,15.690361,8.829347,2025-10-13 01:30:58
3285,10,30000,1500,0.737333,7.573996,29003.149848,5.827201,15.690361,8.828965,2025-10-13 01:31:06
3286,10,30000,1500,0.736000,8.021178,29011.171026,5.827201,15.690361,8.828719,2025-10-13 01:31:14
3287,10,30000,1500,0.712667,8.167259,29019.338285,5.827201,15.690361,8.828518,2025-10-13 01:31:22
3288,10,30000,1500,0.780667,8.671372,29028.009657,5.827201,15.690361,8.828470,2025-10-13 01:31:31
3289,10,30000,1500,0.691333,8.324137,29036.333794,5.827201,15.690361,8.828317,2025-10-13 01:31:39
3290,10,30000,1500,0.739333,8.961346,29045.295139,5.827201,15.690361,8.828357,2025-10-13 01:31:48
3291,10,30000,1500,0.720000,7.347942,29052.643082,5.827201,15.690361,8.827907,2025-10-13 01:31:55
3292,10,30000,1500,0.756000,8.233697,29060.876779,5.827201,15.690361,8.827727,2025-10-13 01:32:03
3293,10,30000,1500,0.784667,8.187121,29069.063900,5.827201,15.690361,8.827532,2025-10-13 01:32:12
3294,10,30000,1500,0.756000,8.213857,29077.277758,5.827201,15.690361,8.827346,2025-10-13 01:32:20
3295,10,30000,1500,0.655333,8.841057,29086.118815,5.827201,15.690361,8.827350,2025-10-13 01:32:29
3296,10,30000,1500,0.649333,8.719871,29094.838686,5.827201,15.690361,8.827318,2025-10-13 01:32:37
3297,10,30000,1500,0.712667,8.119152,29102.957838,5.827201,15.690361,8.827103,2025-10-13 01:32:46
3298,10,30000,1500,0.652667,7.802097,29110.759936,5.827201,15.690361,8.826792,2025-10-13 01:32:53
3299,10,30000,1500,0.726000,8.803234,29119.563170,5.827201,15.690361,8.826785,2025-10-13 01:33:02
3300,10,30000,1500,0.706000,8.780225,29128.343395,5.827201,15.690361,8.826771,2025-10-13 01:33:11
3301,10,30000,1500,0.678000,8.363947,29136.707341,5.827201,15.690361,8.826631,2025-10-13 01:33:19
3302,10,30000,1500,0.719333,9.161707,29145.869048,5.827201,15.690361,8.826732,2025-10-13 01:33:29
3303,10,30000,1500,0.720000,8.529671,29154.398719,5.827201,15.690361,8.826642,2025-10-13 01:33:37
3304,10,30000,1500,0.718000,8.069080,29162.467799,5.827201,15.690361,8.826413,2025-10-13 01:33:45
3305,10,30000,1500,0.708667,8.677017,29171.144816,5.827201,15.690361,8.826368,2025-10-13 01:33:54
3306,10,30000,1500,0.756667,8.814946,29179.959761,5.827201,15.690361,8.826364,2025-10-13 01:34:03
3307,10,30000,1500,0.723333,8.372338,29188.332099,5.827201,15.690361,8.826227,2025-10-13 01:34:11
3308,10,30000,1500,0.820667,8.819932,29197.152031,5.827201,15.690361,8.826225,2025-10-13 01:34:20
3309,10,30000,1500,0.793333,8.951162,29206.103193,5.827201,15.690361,8.826263,2025-10-13 01:34:29
3310,10,30000,1500,0.826000,7.990392,29214.093585,5.827201,15.690361,8.826010,2025-10-13 01:34:37
3311,10,30000,1500,0.760667,8.246480,29222.340065,5.827201,15.690361,8.825835,2025-10-13 01:34:45
3312,10,30000,1500,0.782667,8.388504,29230.728569,5.827201,15.690361,8.825703,2025-10-13 01:34:53
3313,10,30000,1500,0.679333,8.001739,29238.730308,5.827201,15.690361,8.825454,2025-10-13 01:35:01
3314,10,30000,1500,0.702000,8.821868,29247.552176,5.827201,15.690361,8.825453,2025-10-13 01:35:10
3315,10,30000,1500,0.690667,7.475243,29255.027419,5.827201,15.690361,8.825046,2025-10-13 01:35:18
3316,10,30000,1500,0.628667,8.665894,29263.693312,5.827201,15.690361,8.824998,2025-10-13 01:35:26
3317,10,30000,1500,0.713333,7.970821,29271.664134,5.827201,15.690361,8.824740,2025-10-13 01:35:34
3318,10,30000,1500,0.651333,8.059995,29279.724128,5.827201,15.690361,8.824510,2025-10-13 01:35:42
3319,10,30000,1500,0.650667,8.056145,29287.780274,5.827201,15.690361,8.824278,2025-10-13 01:35:50
3320,10,30000,1500,0.702000,8.645346,29296.425619,5.827201,15.690361,8.824225,2025-10-13 01:35:59
3321,10,30000,1500,0.682000,7.957147,29304.382766,5.827201,15.690361,8.823963,2025-10-13 01:36:07
3322,10,30000,1500,0.632667,8.200799,29312.583565,5.827201,15.690361,8.823776,2025-10-13 01:36:15
3323,10,30000,1500,0.630667,8.903598,29321.487163,5.827201,15.690361,8.823800,2025-10-13 01:36:24
3324,10,30000,1500,0.601333,8.454045,29329.941208,5.827201,15.690361,8.823689,2025-10-13 01:36:33
3325,10,30000,1500,0.582000,7.780622,29337.721830,5.827201,15.690361,8.823375,2025-10-13 01:36:40
3326,10,30000,1500,0.611333,8.041373,29345.763203,5.827201,15.690361,8.823140,2025-10-13 01:36:48
3327,10,30000,1500,0.564667,7.551020,29353.314223,5.827201,15.690361,8.822758,2025-10-13 01:36:56
3328,10,30000,1500,0.568000,8.573752,29361.887976,5.827201,15.690361,8.822683,2025-10-13 01:37:05
3329,10,30000,1500,0.614000,8.386730,29370.274706,5.827201,15.690361,8.822552,2025-10-13 01:37:13
3330,10,30000,1500,0.630000,7.953607,29378.228313,5.827201,15.690361,8.822291,2025-10-13 01:37:21
3331,10,30000,1500,0.614000,8.738295,29386.966608,5.827201,15.690361,8.822266,2025-10-13 01:37:30
3332,10,30000,1500,0.592000,7.906194,29394.872802,5.827201,15.690361,8.821991,2025-10-13 01:37:38
3333,10,30000,1500,0.669333,8.645082,29403.517884,5.827201,15.690361,8.821938,2025-10-13 01:37:46
3334,10,30000,1500,0.614000,8.919039,29412.436922,5.827201,15.690361,8.821967,2025-10-13 01:37:55
3335,10,30000,1500,0.592000,8.346160,29420.783082,5.827201,15.690361,8.821824,2025-10-13 01:38:04
3336,10,30000,1500,0.662000,7.821705,29428.604788,5.827201,15.690361,8.821524,2025-10-13 01:38:11
3337,10,30000,1500,0.635333,8.408102,29437.012890,5.827201,15.690361,8.821400,2025-10-13 01:38:20
3338,10,30000,1500,0.584667,8.542753,29445.555643,5.827201,15.690361,8.821317,2025-10-13 01:38:28
3339,10,30000,1500,0.645333,8.335226,29453.890869,5.827201,15.690361,8.821171,2025-10-13 01:38:37
3340,10,30000,1500,0.637333,7.639887,29461.530756,5.827201,15.690361,8.820818,2025-10-13 01:38:44
3341,10,30000,1500,0.602667,8.995129,29470.525885,5.827201,15.690361,8.820870,2025-10-13 01:38:53
3342,10,30000,1500,0.625333,8.312315,29478.838200,5.827201,15.690361,8.820718,2025-10-13 01:39:02
3343,10,30000,1500,0.606667,8.867762,29487.705963,5.827201,15.690361,8.820732,2025-10-13 01:39:10
3344,10,30000,1500,0.593333,8.282200,29495.988163,5.827201,15.690361,8.820571,2025-10-13 01:39:19
3345,10,30000,1500,0.626667,8.755851,29504.744013,5.827201,15.690361,8.820551,2025-10-13 01:39:27
3346,10,30000,1500,0.568667,8.506322,29513.250336,5.827201,15.690361,8.820457,2025-10-13 01:39:36
3347,10,30000,1500,0.622000,7.720044,29520.970379,5.827201,15.690361,8.820129,2025-10-13 01:39:44
3348,10,30000,1500,0.686667,8.999918,29529.970297,5.827201,15.690361,8.820182,2025-10-13 01:39:53
3349,10,30000,1500,0.691333,8.321364,29538.291662,5.827201,15.690361,8.820033,2025-10-13 01:40:01
3350,10,30000,1500,0.628000,8.793708,29547.085370,5.827201,15.690361,8.820025,2025-10-13 01:40:10
3351,10,30000,1500,0.738667,8.573290,29555.658660,5.827201,15.690361,8.819952,2025-10-13 01:40:18
3352,10,30000,1500,0.652000,9.172459,29564.831119,5.827201,15.690361,8.820057,2025-10-13 01:40:28
3353,10,30000,1500,0.682000,8.439338,29573.270456,5.827201,15.690361,8.819943,2025-10-13 01:40:36
3354,10,30000,1500,0.664667,8.315286,29581.585743,5.827201,15.690361,8.819793,2025-10-13 01:40:44
3355,10,30000,1500,0.668667,8.523056,29590.108799,5.827201,15.690361,8.819705,2025-10-13 01:40:53
3356,10,30000,1500,0.671333,8.184791,29598.293589,5.827201,15.690361,8.819515,2025-10-13 01:41:01
3357,10,30000,1500,0.690667,8.627357,29606.920946,5.827201,15.690361,8.819458,2025-10-13 01:41:10
3358,10,30000,1500,0.642667,8.071015,29614.991961,5.827201,15.690361,8.819235,2025-10-13 01:41:18
3359,10,30000,1500,0.615333,8.389436,29623.381397,5.827201,15.690361,8.819107,2025-10-13 01:41:26
3360,10,30000,1500,0.703333,8.396527,29631.777924,5.827201,15.690361,8.818982,2025-10-13 01:41:35
3361,10,30000,1500,0.651333,8.148184,29639.926108,5.827201,15.690361,8.818782,2025-10-13 01:41:43
3362,10,30000,1500,0.694667,8.316393,29648.242502,5.827201,15.690361,8.818633,2025-10-13 01:41:51
3363,10,30000,1500,0.658667,8.041322,29656.283823,5.827201,15.690361,8.818401,2025-10-13 01:41:59
3364,10,30000,1500,0.615333,7.795865,29664.079688,5.827201,15.690361,8.818097,2025-10-13 01:42:07
3365,10,30000,1500,0.656000,8.601534,29672.681222,5.827201,15.690361,8.818033,2025-10-13 01:42:15
3366,10,30000,1500,0.654000,7.838575,29680.519797,5.827201,15.690361,8.817742,2025-10-13 01:42:23
3367,10,30000,1500,0.656000,8.026182,29688.545979,5.827201,15.690361,8.817507,2025-10-13 01:42:31
3368,10,30000,1500,0.698667,8.352696,29696.898675,5.827201,15.690361,8.817369,2025-10-13 01:42:40
3369,10,30000,1500,0.726667,7.583239,29704.481914,5.827201,15.690361,8.817003,2025-10-13 01:42:47
3370,10,30000,1500,0.695333,7.864783,29712.346697,5.827201,15.690361,8.816720,2025-10-13 01:42:55
3371,10,30000,1500,0.653333,8.011023,29720.357720,5.827201,15.690361,8.816481,2025-10-13 01:43:03
3372,10,30000,1500,0.734000,8.262053,29728.619774,5.827201,15.690361,8.816317,2025-10-13 01:43:11
3373,10,30000,1500,0.664667,8.200493,29736.820267,5.827201,15.690361,8.816134,2025-10-13 01:43:20
3374,10,30000,1500,0.671333,8.032523,29744.852789,5.827201,15.690361,8.815902,2025-10-13 01:43:28
3375,10,30000,1500,0.703333,8.845453,29753.698243,5.827201,15.690361,8.815911,2025-10-13 01:43:37
3376,10,30000,1500,0.690667,7.898834,29761.597077,5.827201,15.690361,8.815639,2025-10-13 01:43:44
3377,10,30000,1500,0.690667,8.302498,29769.899575,5.827201,15.690361,8.815487,2025-10-13 01:43:53
3378,10,30000,1500,0.694667,8.247382,29778.146957,5.827201,15.690361,8.815319,2025-10-13 01:44:01
3379,10,30000,1500,0.621333,7.819784,29785.966741,5.827201,15.690361,8.815024,2025-10-13 01:44:09
3380,10,30000,1500,0.606667,8.378440,29794.345181,5.827201,15.690361,8.814895,2025-10-13 01:44:17
3381,10,30000,1500,0.652000,7.815027,29802.160209,5.827201,15.690361,8.814599,2025-10-13 01:44:25
3382,10,30000,1500,0.599333,8.646400,29810.806609,5.827201,15.690361,8.814550,2025-10-13 01:44:34
3383,10,30000,1500,0.668667,8.702494,29819.509103,5.827201,15.690361,8.814516,2025-10-13 01:44:42
3384,10,30000,1500,0.660667,8.266954,29827.776057,5.827201,15.690361,8.814355,2025-10-13 01:44:51
3385,10,30000,1500,0.626000,7.739499,29835.515555,5.827201,15.690361,8.814037,2025-10-13 01:44:58
3386,10,30000,1500,0.608000,7.753229,29843.268784,5.827201,15.690361,8.813724,2025-10-13 01:45:06
3387,10,30000,1500,0.635333,8.543981,29851.812765,5.827201,15.690361,8.813644,2025-10-13 01:45:15
3388,10,30000,1500,0.638667,7.662193,29859.474958,5.827201,15.690361,8.813304,2025-10-13 01:45:22
3389,10,30000,1500,0.626667,7.871874,29867.346832,5.827201,15.690361,8.813027,2025-10-13 01:45:30
3390,10,30000,1500,0.730000,7.705497,29875.052329,5.827201,15.690361,8.812700,2025-10-13 01:45:38
3391,10,30000,1500,0.681333,7.957712,29883.010042,5.827201,15.690361,8.812448,2025-10-13 01:45:46
3392,10,30000,1500,0.743333,8.032517,29891.042559,5.827201,15.690361,8.812218,2025-10-13 01:45:54
3393,10,30000,1500,0.718000,8.241663,29899.284221,5.827201,15.690361,8.812050,2025-10-13 01:46:02
3394,10,30000,1500,0.748667,8.328096,29907.612317,5.827201,15.690361,8.811907,2025-10-13 01:46:10
3395,10,30000,1500,0.697333,8.835886,29916.448203,5.827201,15.690361,8.811914,2025-10-13 01:46:19
3396,10,30000,1500,0.682000,8.515882,29924.964085,5.827201,15.690361,8.811827,2025-10-13 01:46:28
3397,10,30000,1500,0.674667,8.393717,29933.357802,5.827201,15.690361,8.811704,2025-10-13 01:46:36
3398,10,30000,1500,0.618000,8.346668,29941.704470,5.827201,15.690361,8.811567,2025-10-13 01:46:45
3399,10,30000,1500,0.644667,8.771466,29950.475936,5.827201,15.690361,8.811555,2025-10-13 01:46:53
3400,10,30000,1500,0.660000,8.685446,29959.161382,5.827201,15.690361,8.811518,2025-10-13 01:47:02
3401,10,30000,1500,0.626000,8.247732,29967.409114,5.827201,15.690361,8.811352,2025-10-13 01:47:10
3402,10,30000,1500,0.612667,8.030090,29975.439204,5.827201,15.690361,8.811123,2025-10-13 01:47:18
3403,10,30000,1500,0.647333,8.576341,29984.015545,5.827201,15.690361,8.811054,2025-10-13 01:47:27
3404,10,30000,1500,0.682667,8.171249,29992.186794,5.827201,15.690361,8.810866,2025-10-13 01:47:35
3405,10,30000,1500,0.674667,7.922408,30000.109202,5.827201,15.690361,8.810605,2025-10-13 01:47:43
3406,10,30000,1500,0.652667,8.474079,30008.583280,5.827201,15.690361,8.810506,2025-10-13 01:47:51
3407,10,30000,1500,0.587333,7.980179,30016.563460,5.827201,15.690361,8.810262,2025-10-13 01:47:59
3408,10,30000,1500,0.667333,8.143904,30024.707364,5.827201,15.690361,8.810067,2025-10-13 01:48:08
3409,10,30000,1500,0.689333,7.749987,30032.457350,5.827201,15.690361,8.809756,2025-10-13 01:48:15
3410,10,30000,1500,0.605333,8.821716,30041.279067,5.827201,15.690361,8.809759,2025-10-13 01:48:24
3411,10,30000,1500,0.679333,8.721372,30050.000439,5.827201,15.690361,8.809733,2025-10-13 01:48:33
3412,10,30000,1500,0.616667,8.707579,30058.708018,5.827201,15.690361,8.809703,2025-10-13 01:48:42
3413,10,30000,1500,0.634667,8.568336,30067.276355,5.827201,15.690361,8.809633,2025-10-13 01:48:50
3414,10,30000,1500,0.639333,8.493356,30075.769710,5.827201,15.690361,8.809540,2025-10-13 01:48:59
3415,10,30000,1500,0.595333,8.214848,30083.984558,5.827201,15.690361,8.809366,2025-10-13 01:49:07
3416,10,30000,1500,0.672000,8.787473,30092.772031,5.827201,15.690361,8.809359,2025-10-13 01:49:16
3417,10,30000,1500,0.696667,7.548582,30100.320613,5.827201,15.690361,8.808991,2025-10-13 01:49:23
3418,10,30000,1500,0.672667,8.325581,30108.646194,5.827201,15.690361,8.808849,2025-10-13 01:49:32
3419,10,30000,1500,0.684667,8.112181,30116.758375,5.827201,15.690361,8.808645,2025-10-13 01:49:40
3420,10,30000,1500,0.744667,8.276870,30125.035245,5.827201,15.690361,8.808490,2025-10-13 01:49:48
3421,10,30000,1500,0.714000,8.077682,30133.112927,5.827201,15.690361,8.808276,2025-10-13 01:49:56
3422,10,30000,1500,0.726000,8.322023,30141.434950,5.827201,15.690361,8.808134,2025-10-13 01:50:04
3423,10,30000,1500,0.764667,8.665324,30150.100274,5.827201,15.690361,8.808092,2025-10-13 01:50:13
3424,10,30000,1500,0.718000,7.933117,30158.033392,5.827201,15.690361,8.807837,2025-10-13 01:50:21
3425,10,30000,1500,0.688000,8.235872,30166.269264,5.827201,15.690361,8.807670,2025-10-13 01:50:29
3426,10,30000,1500,0.699333,8.102010,30174.371275,5.827201,15.690361,8.807464,2025-10-13 01:50:37
3427,10,30000,1500,0.730000,8.187238,30182.558513,5.827201,15.690361,8.807283,2025-10-13 01:50:46
3428,10,30000,1500,0.690000,8.130686,30190.689199,5.827201,15.690361,8.807086,2025-10-13 01:50:54
3429,10,30000,1500,0.736667,8.102308,30198.791506,5.827201,15.690361,8.806880,2025-10-13 01:51:02
3430,10,30000,1500,0.707333,8.474167,30207.265673,5.827201,15.690361,8.806783,2025-10-13 01:51:10
3431,10,30000,1500,0.683333,8.159208,30215.424882,5.827201,15.690361,8.806594,2025-10-13 01:51:18
3432,10,30000,1500,0.788667,8.518249,30223.943131,5.827201,15.690361,8.806510,2025-10-13 01:51:27
3433,10,30000,1500,0.735333,8.557496,30232.500627,5.827201,15.690361,8.806438,2025-10-13 01:51:35
3434,10,30000,1500,0.732667,7.923580,30240.424207,5.827201,15.690361,8.806181,2025-10-13 01:51:43
3435,10,30000,1500,0.783333,8.127841,30248.552048,5.827201,15.690361,8.805983,2025-10-13 01:51:52
3436,10,30000,1500,0.744000,7.991042,30256.543090,5.827201,15.690361,8.805746,2025-10-13 01:52:00
3437,10,30000,1500,0.753333,8.874606,30265.417695,5.827201,15.690361,8.805766,2025-10-13 01:52:08
3438,10,30000,1500,0.709333,7.693790,30273.111485,5.827201,15.690361,8.805443,2025-10-13 01:52:16
3439,10,30000,1500,0.674667,8.182677,30281.294162,5.827201,15.690361,8.805261,2025-10-13 01:52:24
3440,10,30000,1500,0.720667,8.338476,30289.632638,5.827201,15.690361,8.805126,2025-10-13 01:52:33
3441,10,30000,1500,0.696667,8.260090,30297.892728,5.827201,15.690361,8.804967,2025-10-13 01:52:41
3442,10,30000,1500,0.652667,9.042824,30306.935552,5.827201,15.690361,8.805036,2025-10-13 01:52:50
3443,10,30000,1500,0.656667,7.994920,30314.930472,5.827201,15.690361,8.804801,2025-10-13 01:52:58
3444,10,30000,1500,0.646000,7.491171,30322.421643,5.827201,15.690361,8.804420,2025-10-13 01:53:05
3445,10,30000,1500,0.611333,7.863890,30330.285533,5.827201,15.690361,8.804147,2025-10-13 01:53:13
3446,10,30000,1500,0.737333,7.896356,30338.181889,5.827201,15.690361,8.803883,2025-10-13 01:53:21
3447,10,30000,1500,0.649333,7.670948,30345.852836,5.827201,15.690361,8.803555,2025-10-13 01:53:29
3448,10,30000,1500,0.692000,8.622353,30354.475190,5.827201,15.690361,8.803502,2025-10-13 01:53:37
3449,10,30000,1500,0.671333,8.467937,30362.943127,5.827201,15.690361,8.803405,2025-10-13 01:53:46
3450,10,30000,1500,0.608667,8.096351,30371.039478,5.827201,15.690361,8.803200,2025-10-13 01:53:54
3451,10,30000,1500,0.738000,7.527348,30378.566826,5.827201,15.690361,8.802830,2025-10-13 01:54:02
3452,10,30000,1500,0.725333,7.623303,30386.190129,5.827201,15.690361,8.802488,2025-10-13 01:54:09
3453,10,30000,1500,0.744000,8.157143,30394.347273,5.827201,15.690361,8.802302,2025-10-13 01:54:17
3454,10,30000,1500,0.667333,8.318709,30402.665981,5.827201,15.690361,8.802162,2025-10-13 01:54:26
3455,10,30000,1500,0.686000,8.287948,30410.953929,5.827201,15.690361,8.802013,2025-10-13 01:54:34
3456,10,30000,1500,0.666667,8.263817,30419.217747,5.827201,15.690361,8.801857,2025-10-13 01:54:42
3457,10,30000,1500,0.691333,7.744599,30426.962346,5.827201,15.690361,8.801551,2025-10-13 01:54:50
3458,10,30000,1500,0.698000,8.158190,30435.120536,5.827201,15.690361,8.801365,2025-10-13 01:54:58
3459,10,30000,1500,0.636000,7.562729,30442.683265,5.827201,15.690361,8.801007,2025-10-13 01:55:06
3460,10,30000,1500,0.700667,8.324096,30451.007361,5.827201,15.690361,8.800869,2025-10-13 01:55:14
3461,10,30000,1500,0.759333,8.515326,30459.522687,5.827201,15.690361,8.800787,2025-10-13 01:55:23
3462,10,30000,1500,0.694667,8.435952,30467.958639,5.827201,15.690361,8.800681,2025-10-13 01:55:31
3463,10,30000,1500,0.709333,8.389057,30476.347696,5.827201,15.690361,8.800562,2025-10-13 01:55:39
3464,10,30000,1500,0.683333,8.394986,30484.742682,5.827201,15.690361,8.800445,2025-10-13 01:55:48
3465,10,30000,1500,0.664000,8.215360,30492.958042,5.827201,15.690361,8.800276,2025-10-13 01:55:56
3466,10,30000,1500,0.628667,8.219476,30501.177517,5.827201,15.690361,8.800109,2025-10-13 01:56:04
3467,10,30000,1500,0.765333,7.845338,30509.022855,5.827201,15.690361,8.799834,2025-10-13 01:56:12
3468,10,30000,1500,0.723333,8.483187,30517.506043,5.827201,15.690361,8.799742,2025-10-13 01:56:21
3469,10,30000,1500,0.739333,7.766619,30525.272661,5.827201,15.690361,8.799444,2025-10-13 01:56:28
3470,10,30000,1500,0.683333,8.802706,30534.075368,5.827201,15.690361,8.799445,2025-10-13 01:56:37
3471,10,30000,1500,0.648000,8.578600,30542.653968,5.827201,15.690361,8.799382,2025-10-13 01:56:46
3472,10,30000,1500,0.733333,8.211024,30550.864991,5.827201,15.690361,8.799212,2025-10-13 01:56:54
3473,10,30000,1500,0.698667,8.763299,30559.628290,5.827201,15.690361,8.799202,2025-10-13 01:57:03
3474,10,30000,1500,0.704667,8.021752,30567.650042,5.827201,15.690361,8.798978,2025-10-13 01:57:11
3475,10,30000,1500,0.619333,9.004770,30576.654813,5.827201,15.690361,8.799037,2025-10-13 01:57:20
3476,10,30000,1500,0.704667,8.183960,30584.838772,5.827201,15.690361,8.798860,2025-10-13 01:57:28
3477,10,30000,1500,0.639333,8.258690,30593.097462,5.827201,15.690361,8.798705,2025-10-13 01:57:36
3478,10,30000,1500,0.690000,8.611164,30601.708626,5.827201,15.690361,8.798651,2025-10-13 01:57:45
3479,10,30000,1500,0.662667,7.862605,30609.571231,5.827201,15.690361,8.798382,2025-10-13 01:57:53
3480,10,30000,1500,0.612000,7.978091,30617.549322,5.827201,15.690361,8.798146,2025-10-13 01:58:01
3481,10,30000,1500,0.640000,7.777057,30625.326379,5.827201,15.690361,8.797853,2025-10-13 01:58:08
3482,10,30000,1500,0.703333,7.909688,30633.236067,5.827201,15.690361,8.797598,2025-10-13 01:58:16
3483,10,30000,1500,0.677333,8.843693,30642.079760,5.827201,15.690361,8.797611,2025-10-13 01:58:25
3484,10,30000,1500,0.680667,7.627565,30649.707325,5.827201,15.690361,8.797275,2025-10-13 01:58:33
3485,10,30000,1500,0.682667,8.109156,30657.816481,5.827201,15.690361,8.797078,2025-10-13 01:58:41
3486,10,30000,1500,0.596000,8.212551,30666.029031,5.827201,15.690361,8.796910,2025-10-13 01:58:49
3487,10,30000,1500,0.650667,7.574694,30673.603725,5.827201,15.690361,8.796560,2025-10-13 01:58:57
3488,10,30000,1500,0.634667,9.000678,30682.604403,5.827201,15.690361,8.796618,2025-10-13 01:59:06
3489,10,30000,1500,0.672667,8.334969,30690.939372,5.827201,15.690361,8.796486,2025-10-13 01:59:14
3490,10,30000,1500,0.582000,9.030389,30699.969761,5.827201,15.690361,8.796553,2025-10-13 01:59:23
3491,10,30000,1500,0.602667,8.376601,30708.346363,5.827201,15.690361,8.796433,2025-10-13 01:59:31
3492,10,30000,1500,0.613333,8.510637,30716.856999,5.827201,15.690361,8.796351,2025-10-13 01:59:40
3493,10,30000,1500,0.626667,8.571758,30725.428757,5.827201,15.690361,8.796287,2025-10-13 01:59:49
3494,10,30000,1500,0.605333,7.770543,30733.199301,5.827201,15.690361,8.795993,2025-10-13 01:59:56
3495,10,30000,1500,0.548667,8.498159,30741.697460,5.827201,15.690361,8.795908,2025-10-13 02:00:05
3496,10,30000,1500,0.628667,7.918995,30749.616454,5.827201,15.690361,8.795657,2025-10-13 02:00:13
3497,10,30000,1500,0.678000,8.092372,30757.708827,5.827201,15.690361,8.795456,2025-10-13 02:00:21
3498,10,30000,1500,0.684667,8.186925,30765.895751,5.827201,15.690361,8.795282,2025-10-13 02:00:29
3499,10,30000,1500,0.708667,8.152860,30774.048611,5.827201,15.690361,8.795098,2025-10-13 02:00:37
3500,10,30000,1500,0.600667,8.677411,30782.726021,5.827201,15.690361,8.795065,2025-10-13 02:00:46
3501,10,30000,1500,0.648000,8.483072,30791.209093,5.827201,15.690361,8.794975,2025-10-13 02:00:54
3502,10,30000,1500,0.605333,8.444664,30799.653758,5.827201,15.690361,8.794875,2025-10-13 02:01:03
3503,10,30000,1500,0.582667,8.333755,30807.987513,5.827201,15.690361,8.794744,2025-10-13 02:01:11
3504,10,30000,1500,0.658667,8.068166,30816.055679,5.827201,15.690361,8.794536,2025-10-13 02:01:19
3505,10,30000,1500,0.580000,7.914013,30823.969692,5.827201,15.690361,8.794285,2025-10-13 02:01:27
3506,10,30000,1500,0.590000,7.589169,30831.558861,5.827201,15.690361,8.793941,2025-10-13 02:01:35
3507,10,30000,1500,0.655333,7.951067,30839.509928,5.827201,15.690361,8.793701,2025-10-13 02:01:43
3508,10,30000,1500,0.674667,8.053308,30847.563237,5.827201,15.690361,8.793490,2025-10-13 02:01:51
3509,10,30000,1500,0.648667,7.785023,30855.348259,5.827201,15.690361,8.793203,2025-10-13 02:01:59
3510,10,30000,1500,0.666000,8.552392,30863.900651,5.827201,15.690361,8.793134,2025-10-13 02:02:07
3511,10,30000,1500,0.580667,8.174864,30872.075515,5.827201,15.690361,8.792958,2025-10-13 02:02:15
3512,10,30000,1500,0.655333,8.426364,30880.501879,5.827201,15.690361,8.792854,2025-10-13 02:02:24
3513,10,30000,1500,0.599333,8.546616,30889.048495,5.827201,15.690361,8.792784,2025-10-13 02:02:32
3514,10,30000,1500,0.615333,8.572725,30897.621221,5.827201,15.690361,8.792721,2025-10-13 02:02:41
3515,10,30000,1500,0.657333,8.278724,30905.899944,5.827201,15.690361,8.792575,2025-10-13 02:02:49
3516,10,30000,1500,0.632667,8.574222,30914.474166,5.827201,15.690361,8.792513,2025-10-13 02:02:58
3517,10,30000,1500,0.680000,7.860636,30922.334802,5.827201,15.690361,8.792248,2025-10-13 02:03:06
3518,10,30000,1500,0.684000,7.754434,30930.089236,5.827201,15.690361,8.791953,2025-10-13 02:03:13
3519,10,30000,1500,0.668667,8.029121,30938.118357,5.827201,15.690361,8.791736,2025-10-13 02:03:21
3520,10,30000,1500,0.656667,7.746825,30945.865182,5.827201,15.690361,8.791439,2025-10-13 02:03:29
3521,10,30000,1500,0.607333,8.339456,30954.204638,5.827201,15.690361,8.791311,2025-10-13 02:03:37
3522,10,30000,1500,0.642667,8.319676,30962.524314,5.827201,15.690361,8.791177,2025-10-13 02:03:46
3523,10,30000,1500,0.721333,8.169865,30970.694179,5.827201,15.690361,8.791000,2025-10-13 02:03:54
3524,10,30000,1500,0.652667,8.205845,30978.900024,5.827201,15.690361,8.790834,2025-10-13 02:04:02
3525,10,30000,1500,0.658000,8.041271,30986.941295,5.827201,15.690361,8.790622,2025-10-13 02:04:10
3526,10,30000,1500,0.595333,8.210186,30995.151481,5.827201,15.690361,8.790457,2025-10-13 02:04:18
3527,10,30000,1500,0.587333,8.742787,31003.894268,5.827201,15.690361,8.790444,2025-10-13 02:04:27
3528,10,30000,1500,0.753333,8.265961,31012.160229,5.827201,15.690361,8.790295,2025-10-13 02:04:35
3529,10,30000,1500,0.711333,7.608898,31019.769127,5.827201,15.690361,8.789960,2025-10-13 02:04:43
3530,10,30000,1500,0.715333,7.842930,31027.612057,5.827201,15.690361,8.789692,2025-10-13 02:04:51
3531,10,30000,1500,0.678000,8.303515,31035.915571,5.827201,15.690361,8.789554,2025-10-13 02:04:59
3532,10,30000,1500,0.671333,7.949523,31043.865094,5.827201,15.690361,8.789316,2025-10-13 02:05:07
3533,10,30000,1500,0.625333,8.123006,31051.988100,5.827201,15.690361,8.789128,2025-10-13 02:05:15
3534,10,30000,1500,0.721333,7.616891,31059.604990,5.827201,15.690361,8.788796,2025-10-13 02:05:23
3535,10,30000,1500,0.636000,8.556282,31068.161272,5.827201,15.690361,8.788730,2025-10-13 02:05:31
3536,10,30000,1500,0.634000,8.043225,31076.204497,5.827201,15.690361,8.788519,2025-10-13 02:05:39
3537,10,30000,1500,0.682000,8.298084,31084.502582,5.827201,15.690361,8.788381,2025-10-13 02:05:48
3538,10,30000,1500,0.646000,8.346811,31092.849393,5.827201,15.690361,8.788256,2025-10-13 02:05:56
3539,10,30000,1500,0.599333,7.996723,31100.846116,5.827201,15.690361,8.788032,2025-10-13 02:06:04
3540,10,30000,1500,0.622000,8.399990,31109.246106,5.827201,15.690361,8.787923,2025-10-13 02:06:12
3541,10,30000,1500,0.595333,8.422612,31117.668718,5.827201,15.690361,8.787819,2025-10-13 02:06:21
3542,10,30000,1500,0.568667,8.385993,31126.054711,5.827201,15.690361,8.787706,2025-10-13 02:06:29
3543,10,30000,1500,0.636000,8.350121,31134.404832,5.827201,15.690361,8.787583,2025-10-13 02:06:38
3544,10,30000,1500,0.615333,8.030001,31142.434833,5.827201,15.690361,8.787369,2025-10-13 02:06:46
3545,10,30000,1500,0.635333,8.565170,31151.000003,5.827201,15.690361,8.787306,2025-10-13 02:06:54
3546,10,30000,1500,0.616000,7.812699,31158.812703,5.827201,15.690361,8.787031,2025-10-13 02:07:02
3547,10,30000,1500,0.583333,7.482171,31166.294873,5.827201,15.690361,8.786663,2025-10-13 02:07:10
3548,10,30000,1500,0.606667,7.774697,31174.069570,5.827201,15.690361,8.786378,2025-10-13 02:07:17
3549,10,30000,1500,0.649333,8.045339,31182.114910,5.827201,15.690361,8.786169,2025-10-13 02:07:25
3550,10,30000,1500,0.560667,7.787312,31189.902222,5.827201,15.690361,8.785888,2025-10-13 02:07:33
3551,10,30000,1500,0.575333,8.425779,31198.328001,5.827201,15.690361,8.785787,2025-10-13 02:07:42
3552,10,30000,1500,0.633333,8.975605,31207.303606,5.827201,15.690361,8.785840,2025-10-13 02:07:51
3553,10,30000,1500,0.660000,8.495699,31215.799305,5.827201,15.690361,8.785758,2025-10-13 02:07:59
3554,10,30000,1500,0.664667,8.377471,31224.176776,5.827201,15.690361,8.785643,2025-10-13 02:08:07
3555,10,30000,1500,0.671333,7.876237,31232.053013,5.827201,15.690361,8.785388,2025-10-13 02:08:15
3556,10,30000,1500,0.584667,8.285501,31240.338514,5.827201,15.690361,8.785247,2025-10-13 02:08:24
3557,10,30000,1500,0.585333,8.211774,31248.550288,5.827201,15.690361,8.785086,2025-10-13 02:08:32
3558,10,30000,1500,0.569333,8.659370,31257.209658,5.827201,15.690361,8.785050,2025-10-13 02:08:40
3559,10,30000,1500,0.588000,8.369793,31265.579450,5.827201,15.690361,8.784934,2025-10-13 02:08:49
3560,10,30000,1500,0.598667,7.933905,31273.513356,5.827201,15.690361,8.784695,2025-10-13 02:08:57
3561,10,30000,1500,0.550000,7.843381,31281.356737,5.827201,15.690361,8.784430,2025-10-13 02:09:05
3562,10,30000,1500,0.595333,8.154317,31289.511054,5.827201,15.690361,8.784254,2025-10-13 02:09:13
3563,10,30000,1500,0.669333,8.729137,31298.240191,5.827201,15.690361,8.784238,2025-10-13 02:09:22
3564,10,30000,1500,0.697333,8.650099,31306.890290,5.827201,15.690361,8.784200,2025-10-13 02:09:30
3565,10,30000,1500,0.717333,7.972619,31314.862909,5.827201,15.690361,8.783973,2025-10-13 02:09:38
3566,10,30000,1500,0.667333,7.496146,31322.359056,5.827201,15.690361,8.783612,2025-10-13 02:09:46
3567,10,30000,1500,0.628000,8.183926,31330.542982,5.827201,15.690361,8.783444,2025-10-13 02:09:54
3568,10,30000,1500,0.708667,8.709009,31339.251990,5.827201,15.690361,8.783423,2025-10-13 02:10:03
3569,10,30000,1500,0.621333,8.974397,31348.226387,5.827201,15.690361,8.783476,2025-10-13 02:10:12
3570,10,30000,1500,0.670667,7.937950,31356.164338,5.827201,15.690361,8.783239,2025-10-13 02:10:19
3571,10,30000,1500,0.716000,8.886364,31365.050702,5.827201,15.690361,8.783268,2025-10-13 02:10:28
3572,10,30000,1500,0.673333,8.001632,31373.052334,5.827201,15.690361,8.783049,2025-10-13 02:10:36
3573,10,30000,1500,0.698000,8.489058,31381.541392,5.827201,15.690361,8.782967,2025-10-13 02:10:45
3574,10,30000,1500,0.688000,7.777424,31389.318817,5.827201,15.690361,8.782686,2025-10-13 02:10:53
3575,10,30000,1500,0.677333,8.101326,31397.420142,5.827201,15.690361,8.782495,2025-10-13 02:11:01
3576,10,30000,1500,0.630000,7.614425,31405.034567,5.827201,15.690361,8.782169,2025-10-13 02:11:08
3577,10,30000,1500,0.616000,7.753894,31412.788461,5.827201,15.690361,8.781881,2025-10-13 02:11:16
3578,10,30000,1500,0.655333,8.228848,31421.017309,5.827201,15.690361,8.781726,2025-10-13 02:11:24
3579,10,30000,1500,0.621333,8.659854,31429.677163,5.827201,15.690361,8.781692,2025-10-13 02:11:33
3580,10,30000,1500,0.640667,8.037638,31437.714801,5.827201,15.690361,8.781485,2025-10-13 02:11:41
3581,10,30000,1500,0.595333,7.605677,31445.320478,5.827201,15.690361,8.781156,2025-10-13 02:11:49
3582,10,30000,1500,0.622000,8.066138,31453.386616,5.827201,15.690361,8.780957,2025-10-13 02:11:57
3583,10,30000,1500,0.604667,8.040241,31461.426856,5.827201,15.690361,8.780750,2025-10-13 02:12:05
3584,10,30000,1500,0.675333,7.732308,31469.159164,5.827201,15.690361,8.780457,2025-10-13 02:12:12
3585,10,30000,1500,0.570667,8.029459,31477.188623,5.827201,15.690361,8.780248,2025-10-13 02:12:21
3586,10,30000,1500,0.582000,8.632760,31485.821384,5.827201,15.690361,8.780207,2025-10-13 02:12:29
3587,10,30000,1500,0.625333,8.229648,31494.051031,5.827201,15.690361,8.780053,2025-10-13 02:12:37
3588,10,30000,1500,0.701333,8.522231,31502.573263,5.827201,15.690361,8.779981,2025-10-13 02:12:46
3589,10,30000,1500,0.685333,8.858567,31511.431829,5.827201,15.690361,8.780003,2025-10-13 02:12:55
3590,10,30000,1500,0.688667,8.209192,31519.641021,5.827201,15.690361,8.779844,2025-10-13 02:13:03
3591,10,30000,1500,0.603333,7.850389,31527.491410,5.827201,15.690361,8.779585,2025-10-13 02:13:11
3592,10,30000,1500,0.660000,8.027945,31535.519354,5.827201,15.690361,8.779376,2025-10-13 02:13:19
3593,10,30000,1500,0.585333,8.057143,31543.576497,5.827201,15.690361,8.779175,2025-10-13 02:13:27
3594,10,30000,1500,0.634000,8.477014,31552.053511,5.827201,15.690361,8.779091,2025-10-13 02:13:35
3595,10,30000,1500,0.609333,7.331991,31559.385502,5.827201,15.690361,8.778689,2025-10-13 02:13:43
3596,10,30000,1500,0.586667,8.171692,31567.557194,5.827201,15.690361,8.778520,2025-10-13 02:13:51
3597,10,30000,1500,0.572667,8.073109,31575.630303,5.827201,15.690361,8.778324,2025-10-13 02:13:59
3598,10,30000,1500,0.674667,7.722659,31583.352963,5.827201,15.690361,8.778030,2025-10-13 02:14:07
3599,10,30000,1500,0.680667,8.538700,31591.891663,5.827201,15.690361,8.777964,2025-10-13 02:14:15
3600,10,30000,1500,0.692000,8.361287,31600.252950,5.827201,15.690361,8.777848,2025-10-13 02:14:24
3601,10,30000,1500,0.634000,8.058018,31608.310968,5.827201,15.690361,8.777648,2025-10-13 02:14:32
3602,10,30000,1500,0.584000,8.828546,31617.139514,5.827201,15.690361,8.777662,2025-10-13 02:14:41
3603,10,30000,1500,0.656000,7.745178,31624.884692,5.827201,15.690361,8.777376,2025-10-13 02:14:48
3604,10,30000,1500,0.588000,8.300080,31633.184772,5.827201,15.690361,8.777243,2025-10-13 02:14:57
3605,10,30000,1500,0.678667,7.773296,31640.958068,5.827201,15.690361,8.776965,2025-10-13 02:15:04
3606,10,30000,1500,0.671333,7.900001,31648.858069,5.827201,15.690361,8.776722,2025-10-13 02:15:12
3607,10,30000,1500,0.624667,8.244536,31657.102605,5.827201,15.690361,8.776574,2025-10-13 02:15:20
3608,10,30000,1500,0.634000,7.691796,31664.794401,5.827201,15.690361,8.776273,2025-10-13 02:15:28
3609,10,30000,1500,0.618000,8.041936,31672.836337,5.827201,15.690361,8.776070,2025-10-13 02:15:36
3610,10,30000,1500,0.646000,7.980489,31680.816826,5.827201,15.690361,8.775850,2025-10-13 02:15:44
3611,10,30000,1500,0.551333,7.958767,31688.775593,5.827201,15.690361,8.775623,2025-10-13 02:15:52
3612,10,30000,1500,0.584000,8.354921,31697.130514,5.827201,15.690361,8.775507,2025-10-13 02:16:01
3613,10,30000,1500,0.572667,7.533002,31704.663517,5.827201,15.690361,8.775163,2025-10-13 02:16:08
3614,10,30000,1500,0.622000,7.959209,31712.622725,5.827201,15.690361,8.774937,2025-10-13 02:16:16
3615,10,30000,1500,0.591333,8.063329,31720.686054,5.827201,15.690361,8.774740,2025-10-13 02:16:24
3616,10,30000,1500,0.536667,7.771621,31728.457675,5.827201,15.690361,8.774463,2025-10-13 02:16:32
3617,10,30000,1500,0.607333,8.859299,31737.316974,5.827201,15.690361,8.774486,2025-10-13 02:16:41
3618,10,30000,1500,0.578667,8.688398,31746.005372,5.827201,15.690361,8.774463,2025-10-13 02:16:49
3619,10,30000,1500,0.621333,8.125127,31754.130498,5.827201,15.690361,8.774283,2025-10-13 02:16:58
3620,10,30000,1500,0.631333,8.385238,31762.515737,5.827201,15.690361,8.774176,2025-10-13 02:17:06
3621,10,30000,1500,0.593333,8.315916,31770.831652,5.827201,15.690361,8.774049,2025-10-13 02:17:14
3622,10,30000,1500,0.550000,8.175302,31779.006955,5.827201,15.690361,8.773884,2025-10-13 02:17:22
3623,10,30000,1500,0.628000,8.024266,31787.031221,5.827201,15.690361,8.773677,2025-10-13 02:17:30
3624,10,30000,1500,0.563333,8.216086,31795.247307,5.827201,15.690361,8.773523,2025-10-13 02:17:39
3625,10,30000,1500,0.596667,8.232180,31803.479487,5.827201,15.690361,8.773374,2025-10-13 02:17:47
3626,10,30000,1500,0.654000,8.086695,31811.566182,5.827201,15.690361,8.773184,2025-10-13 02:17:55
3627,10,30000,1500,0.592000,8.462101,31820.028283,5.827201,15.690361,8.773099,2025-10-13 02:18:03
3628,10,30000,1500,0.616000,8.135959,31828.164242,5.827201,15.690361,8.772923,2025-10-13 02:18:12
3629,10,30000,1500,0.632000,9.006179,31837.170421,5.827201,15.690361,8.772987,2025-10-13 02:18:21
3630,10,30000,1500,0.590667,7.666462,31844.836883,5.827201,15.690361,8.772682,2025-10-13 02:18:28
3631,10,30000,1500,0.636000,7.815852,31852.652734,5.827201,15.690361,8.772419,2025-10-13 02:18:36
3632,10,30000,1500,0.537333,8.519141,31861.171876,5.827201,15.690361,8.772349,2025-10-13 02:18:45
3633,10,30000,1500,0.611333,8.510822,31869.682697,5.827201,15.690361,8.772277,2025-10-13 02:18:53
3634,10,30000,1500,0.550667,8.616863,31878.299560,5.827201,15.690361,8.772234,2025-10-13 02:19:02
3635,10,30000,1500,0.592667,8.124305,31886.423866,5.827201,15.690361,8.772056,2025-10-13 02:19:10
3636,10,30000,1500,0.604000,8.054489,31894.478354,5.827201,15.690361,8.771859,2025-10-13 02:19:18
3637,10,30000,1500,0.574667,7.763598,31902.241952,5.827201,15.690361,8.771582,2025-10-13 02:19:26
3638,10,30000,1500,0.626667,8.329829,31910.571781,5.827201,15.690361,8.771460,2025-10-13 02:19:34
3639,10,30000,1500,0.634000,8.246389,31918.818170,5.827201,15.690361,8.771316,2025-10-13 02:19:42
3640,10,30000,1500,0.695333,8.110767,31926.928937,5.827201,15.690361,8.771134,2025-10-13 02:19:50
3641,10,30000,1500,0.636667,8.477871,31935.406807,5.827201,15.690361,8.771054,2025-10-13 02:19:59
3642,10,30000,1500,0.658667,8.861699,31944.268506,5.827201,15.690361,8.771079,2025-10-13 02:20:08
3643,10,30000,1500,0.717333,7.985089,31952.253595,5.827201,15.690361,8.770863,2025-10-13 02:20:16
3644,10,30000,1500,0.779333,8.630945,31960.884540,5.827201,15.690361,8.770825,2025-10-13 02:20:24
3645,10,30000,1500,0.759333,8.107186,31968.991727,5.827201,15.690361,8.770642,2025-10-13 02:20:32
3646,10,30000,1500,0.758667,8.450677,31977.442404,5.827201,15.690361,8.770555,2025-10-13 02:20:41
3647,10,30000,1500,0.682667,8.622231,31986.064635,5.827201,15.690361,8.770514,2025-10-13 02:20:50
3648,10,30000,1500,0.697333,7.657754,31993.722389,5.827201,15.690361,8.770209,2025-10-13 02:20:57
3649,10,30000,1500,0.737333,8.070946,32001.793335,5.827201,15.690361,8.770017,2025-10-13 02:21:05
3650,10,30000,1500,0.694000,8.425570,32010.218905,5.827201,15.690361,8.769923,2025-10-13 02:21:14
3651,10,30000,1500,0.693333,7.519125,32017.738030,5.827201,15.690361,8.769580,2025-10-13 02:21:21
3652,10,30000,1500,0.634000,7.941965,32025.679995,5.827201,15.690361,8.769354,2025-10-13 02:21:29
3653,10,30000,1500,0.612667,8.313855,32033.993850,5.827201,15.690361,8.769229,2025-10-13 02:21:38
3654,10,30000,1500,0.813333,9.075397,32043.069247,5.827201,15.690361,8.769313,2025-10-13 02:21:47
3655,10,30000,1500,0.802000,8.321484,32051.390731,5.827201,15.690361,8.769190,2025-10-13 02:21:55
3656,10,30000,1500,0.763333,8.993666,32060.384397,5.827201,15.690361,8.769252,2025-10-13 02:22:04
3657,10,30000,1500,0.738667,7.996226,32068.380623,5.827201,15.690361,8.769040,2025-10-13 02:22:12
3658,10,30000,1500,0.766000,7.552725,32075.933348,5.827201,15.690361,8.768708,2025-10-13 02:22:19
3659,10,30000,1500,0.669333,8.099724,32084.033072,5.827201,15.690361,8.768525,2025-10-13 02:22:28
3660,10,30000,1500,0.758000,8.478357,32092.511429,5.827201,15.690361,8.768446,2025-10-13 02:22:36
3661,10,30000,1500,0.710000,7.568667,32100.080096,5.827201,15.690361,8.768118,2025-10-13 02:22:44
3662,10,30000,1500,0.684000,7.719556,32107.799652,5.827201,15.690361,8.767832,2025-10-13 02:22:51
3663,10,30000,1500,0.664667,7.976648,32115.776299,5.827201,15.690361,8.767616,2025-10-13 02:22:59
3664,10,30000,1500,0.678667,8.069713,32123.846012,5.827201,15.690361,8.767425,2025-10-13 02:23:07
3665,10,30000,1500,0.634667,8.129784,32131.975795,5.827201,15.690361,8.767251,2025-10-13 02:23:16
3666,10,30000,1500,0.668667,7.766147,32139.741943,5.827201,15.690361,8.766978,2025-10-13 02:23:23
3667,10,30000,1500,0.638000,8.471764,32148.213707,5.827201,15.690361,8.766898,2025-10-13 02:23:32
3668,10,30000,1500,0.609333,8.167375,32156.381082,5.827201,15.690361,8.766734,2025-10-13 02:23:40
3669,10,30000,1500,0.709333,8.049771,32164.430852,5.827201,15.690361,8.766539,2025-10-13 02:23:48
3670,10,30000,1500,0.694000,8.115201,32172.546054,5.827201,15.690361,8.766361,2025-10-13 02:23:56
3671,10,30000,1500,0.697333,8.536074,32181.082128,5.827201,15.690361,8.766299,2025-10-13 02:24:05
3672,10,30000,1500,0.658667,8.084012,32189.166140,5.827201,15.690361,8.766113,2025-10-13 02:24:13
3673,10,30000,1500,0.678000,8.700511,32197.866651,5.827201,15.690361,8.766095,2025-10-13 02:24:21
3674,10,30000,1500,0.653333,8.426331,32206.292982,5.827201,15.690361,8.766002,2025-10-13 02:24:30
3675,10,30000,1500,0.744000,8.381587,32214.674569,5.827201,15.690361,8.765898,2025-10-13 02:24:38
3676,10,30000,1500,0.666667,7.601774,32222.276343,5.827201,15.690361,8.765581,2025-10-13 02:24:46
3677,10,30000,1500,0.666667,7.906248,32230.182591,5.827201,15.690361,8.765347,2025-10-13 02:24:54
3678,10,30000,1500,0.697333,8.441246,32238.623837,5.827201,15.690361,8.765259,2025-10-13 02:25:02
3679,10,30000,1500,0.684000,8.437790,32247.061627,5.827201,15.690361,8.765170,2025-10-13 02:25:11
3680,10,30000,1500,0.687333,8.811029,32255.872656,5.827201,15.690361,8.765183,2025-10-13 02:25:19
3681,10,30000,1500,0.677333,7.899218,32263.771874,5.827201,15.690361,8.764948,2025-10-13 02:25:27
3682,10,30000,1500,0.621333,7.652779,32271.424654,5.827201,15.690361,8.764645,2025-10-13 02:25:35
3683,10,30000,1500,0.630000,8.329502,32279.754155,5.827201,15.690361,8.764527,2025-10-13 02:25:43
3684,10,30000,1500,0.580667,8.670298,32288.424453,5.827201,15.690361,8.764502,2025-10-13 02:25:52
3685,10,30000,1500,0.600000,8.356146,32296.780599,5.827201,15.690361,8.764391,2025-10-13 02:26:00
3686,10,30000,1500,0.614000,8.468980,32305.249579,5.827201,15.690361,8.764311,2025-10-13 02:26:09
3687,10,30000,1500,0.582000,8.486823,32313.736402,5.827201,15.690361,8.764236,2025-10-13 02:26:17
3688,10,30000,1500,0.560667,8.252628,32321.989031,5.827201,15.690361,8.764097,2025-10-13 02:26:26
3689,10,30000,1500,0.763333,8.308400,32330.297430,5.827201,15.690361,8.763973,2025-10-13 02:26:34
3690,10,30000,1500,0.732000,8.401693,32338.699123,5.827201,15.690361,8.763875,2025-10-13 02:26:42
3691,10,30000,1500,0.750667,8.232525,32346.931648,5.827201,15.690361,8.763731,2025-10-13 02:26:51
3692,10,30000,1500,0.754000,8.868292,32355.799941,5.827201,15.690361,8.763759,2025-10-13 02:26:59
3693,10,30000,1500,0.686000,7.571535,32363.371476,5.827201,15.690361,8.763437,2025-10-13 02:27:07
3694,10,30000,1500,0.744667,7.661261,32371.032736,5.827201,15.690361,8.763138,2025-10-13 02:27:15
3695,10,30000,1500,0.669333,7.925878,32378.958615,5.827201,15.690361,8.762912,2025-10-13 02:27:23
3696,10,30000,1500,0.742667,8.542144,32387.500759,5.827201,15.690361,8.762852,2025-10-13 02:27:31
3697,10,30000,1500,0.740000,7.821280,32395.322039,5.827201,15.690361,8.762597,2025-10-13 02:27:39
3698,10,30000,1500,0.722667,8.210904,32403.532944,5.827201,15.690361,8.762448,2025-10-13 02:27:47
3699,10,30000,1500,0.726000,8.202078,32411.735021,5.827201,15.690361,8.762297,2025-10-13 02:27:55
3700,10,30000,1500,0.705333,8.378573,32420.113594,5.827201,15.690361,8.762193,2025-10-13 02:28:04
3701,10,30000,1500,0.712667,8.160025,32428.273619,5.827201,15.690361,8.762030,2025-10-13 02:28:12
3702,10,30000,1500,0.651333,8.409987,32436.683606,5.827201,15.690361,8.761935,2025-10-13 02:28:20
3703,10,30000,1500,0.633333,8.226334,32444.909940,5.827201,15.690361,8.761790,2025-10-13 02:28:29
3704,10,30000,1500,0.734000,8.354138,32453.264078,5.827201,15.690361,8.761680,2025-10-13 02:28:37
3705,10,30000,1500,0.700000,8.588532,32461.852611,5.827201,15.690361,8.761634,2025-10-13 02:28:45
3706,10,30000,1500,0.676000,8.495989,32470.348600,5.827201,15.690361,8.761562,2025-10-13 02:28:54
3707,10,30000,1500,0.646667,8.385461,32478.734061,5.827201,15.690361,8.761460,2025-10-13 02:29:02
3708,10,30000,1500,0.720000,8.594865,32487.328926,5.827201,15.690361,8.761416,2025-10-13 02:29:11
3709,10,30000,1500,0.632000,8.028281,32495.357206,5.827201,15.690361,8.761218,2025-10-13 02:29:19
3710,10,30000,1500,0.742000,7.794317,32503.151523,5.827201,15.690361,8.760957,2025-10-13 02:29:27
3711,10,30000,1500,0.629333,8.108399,32511.259922,5.827201,15.690361,8.760781,2025-10-13 02:29:35
3712,10,30000,1500,0.646000,8.858789,32520.118711,5.827201,15.690361,8.760808,2025-10-13 02:29:44
3713,10,30000,1500,0.633333,8.500849,32528.619560,5.827201,15.690361,8.760738,2025-10-13 02:29:52
3714,10,30000,1500,0.689333,8.500511,32537.120070,5.827201,15.690361,8.760668,2025-10-13 02:30:01
3715,10,30000,1500,0.726667,8.670738,32545.790808,5.827201,15.690361,8.760644,2025-10-13 02:30:09
3716,10,30000,1500,0.660667,8.590224,32554.381032,5.827201,15.690361,8.760598,2025-10-13 02:30:18
3717,10,30000,1500,0.647333,8.621283,32563.002316,5.827201,15.690361,8.760560,2025-10-13 02:30:27
3718,10,30000,1500,0.673333,8.164974,32571.167289,5.827201,15.690361,8.760400,2025-10-13 02:30:35
3719,10,30000,1500,0.590667,8.234383,32579.401672,5.827201,15.690361,8.760259,2025-10-13 02:30:43
3720,10,30000,1500,0.612667,8.733438,32588.135110,5.827201,15.690361,8.760251,2025-10-13 02:30:52
3721,10,30000,1500,0.610000,8.336697,32596.471807,5.827201,15.690361,8.760138,2025-10-13 02:31:00
3722,10,30000,1500,0.622000,7.889411,32604.361218,5.827201,15.690361,8.759904,2025-10-13 02:31:08
3723,10,30000,1500,0.530667,7.901432,32612.262650,5.827201,15.690361,8.759673,2025-10-13 02:31:16
3724,10,30000,1500,0.761333,8.743371,32621.006020,5.827201,15.690361,8.759669,2025-10-13 02:31:25
3725,10,30000,1500,0.704667,7.784946,32628.790966,5.827201,15.690361,8.759407,2025-10-13 02:31:32
3726,10,30000,1500,0.735333,7.737699,32636.528665,5.827201,15.690361,8.759133,2025-10-13 02:31:40
3727,10,30000,1500,0.716667,8.841363,32645.370028,5.827201,15.690361,8.759155,2025-10-13 02:31:49
3728,10,30000,1500,0.659333,8.405912,32653.775940,5.827201,15.690361,8.759060,2025-10-13 02:31:57
3729,10,30000,1500,0.673333,9.203129,32662.979070,5.827201,15.690361,8.759179,2025-10-13 02:32:07
3730,10,30000,1500,0.620667,8.080159,32671.059229,5.827201,15.690361,8.758997,2025-10-13 02:32:15
3731,10,30000,1500,0.702667,7.802276,32678.861505,5.827201,15.690361,8.758741,2025-10-13 02:32:23
3732,10,30000,1500,0.668667,7.673553,32686.535058,5.827201,15.690361,8.758450,2025-10-13 02:32:30
3733,10,30000,1500,0.607333,7.687471,32694.222530,5.827201,15.690361,8.758163,2025-10-13 02:32:38
3734,10,30000,1500,0.638000,7.827663,32702.050193,5.827201,15.690361,8.757914,2025-10-13 02:32:46
3735,10,30000,1500,0.642667,8.785939,32710.836131,5.827201,15.690361,8.757921,2025-10-13 02:32:55
3736,10,30000,1500,0.654000,8.639382,32719.475513,5.827201,15.690361,8.757890,2025-10-13 02:33:03
3737,10,30000,1500,0.567333,9.063367,32728.538880,5.827201,15.690361,8.757971,2025-10-13 02:33:12
3738,10,30000,1500,0.625333,8.025215,32736.564095,5.827201,15.690361,8.757775,2025-10-13 02:33:20
3739,10,30000,1500,0.554667,7.538341,32744.102436,5.827201,15.690361,8.757449,2025-10-13 02:33:28
3740,10,30000,1500,0.606667,7.964100,32752.066536,5.827201,15.690361,8.757237,2025-10-13 02:33:36
3741,10,30000,1500,0.620000,7.732105,32759.798641,5.827201,15.690361,8.756963,2025-10-13 02:33:44
3742,10,30000,1500,0.578667,7.725306,32767.523948,5.827201,15.690361,8.756687,2025-10-13 02:33:51
3743,10,30000,1500,0.602000,8.234473,32775.758421,5.827201,15.690361,8.756548,2025-10-13 02:33:59
3744,10,30000,1500,0.626000,8.888826,32784.647247,5.827201,15.690361,8.756583,2025-10-13 02:34:08
3745,10,30000,1500,0.638667,8.400561,32793.047808,5.827201,15.690361,8.756488,2025-10-13 02:34:17
3746,10,30000,1500,0.651333,8.820029,32801.867837,5.827201,15.690361,8.756505,2025-10-13 02:34:26
3747,10,30000,1500,0.632667,8.605037,32810.472874,5.827201,15.690361,8.756465,2025-10-13 02:34:34
3748,10,30000,1500,0.570000,7.912401,32818.385275,5.827201,15.690361,8.756239,2025-10-13 02:34:42
3749,10,30000,1500,0.654000,8.019437,32826.404712,5.827201,15.690361,8.756043,2025-10-13 02:34:50
3750,10,30000,1500,0.598667,8.149075,32834.553787,5.827201,15.690361,8.755881,2025-10-13 02:34:58
3751,10,30000,1500,0.659333,8.648225,32843.202012,5.827201,15.690361,8.755852,2025-10-13 02:35:07
3752,10,30000,1500,0.666667,8.801449,32852.003461,5.827201,15.690361,8.755864,2025-10-13 02:35:16
3753,10,30000,1500,0.614000,7.542048,32859.545509,5.827201,15.690361,8.755541,2025-10-13 02:35:23
3754,10,30000,1500,0.624667,8.307666,32867.853176,5.827201,15.690361,8.755422,2025-10-13 02:35:32
3755,10,30000,1500,0.616667,7.951176,32875.804352,5.827201,15.690361,8.755208,2025-10-13 02:35:40
3756,10,30000,1500,0.576000,8.444519,32884.248870,5.827201,15.690361,8.755125,2025-10-13 02:35:48
3757,10,30000,1500,0.652000,8.356159,32892.605030,5.827201,15.690361,8.755019,2025-10-13 02:35:56
3758,10,30000,1500,0.574667,7.376320,32899.981350,5.827201,15.690361,8.754652,2025-10-13 02:36:04
3759,10,30000,1500,0.580667,7.639430,32907.620780,5.827201,15.690361,8.754355,2025-10-13 02:36:11
3760,10,30000,1500,0.544000,8.059793,32915.680573,5.827201,15.690361,8.754170,2025-10-13 02:36:19
3761,10,30000,1500,0.577333,7.992929,32923.673502,5.827201,15.690361,8.753968,2025-10-13 02:36:27
3762,10,30000,1500,0.571333,7.792683,32931.466186,5.827201,15.690361,8.753712,2025-10-13 02:36:35
3763,10,30000,1500,0.542667,8.247925,32939.714110,5.827201,15.690361,8.753578,2025-10-13 02:36:44
3764,10,30000,1500,0.666000,9.283796,32948.997906,5.827201,15.690361,8.753719,2025-10-13 02:36:53
3765,10,30000,1500,0.673333,7.864111,32956.862017,5.827201,15.690361,8.753483,2025-10-13 02:37:01
3766,10,30000,1500,0.712000,7.860059,32964.722075,5.827201,15.690361,8.753245,2025-10-13 02:37:09
3767,10,30000,1500,0.658000,7.919855,32972.641930,5.827201,15.690361,8.753024,2025-10-13 02:37:16
3768,10,30000,1500,0.675333,8.444103,32981.086033,5.827201,15.690361,8.752942,2025-10-13 02:37:25
3769,10,30000,1500,0.672667,8.840973,32989.927006,5.827201,15.690361,8.752966,2025-10-13 02:37:34
3770,10,30000,1500,0.662000,7.929763,32997.856769,5.827201,15.690361,8.752747,2025-10-13 02:37:42
3771,10,30000,1500,0.666000,7.538187,33005.394956,5.827201,15.690361,8.752425,2025-10-13 02:37:49
3772,10,30000,1500,0.584667,8.867390,33014.262346,5.827201,15.690361,8.752456,2025-10-13 02:37:58
3773,10,30000,1500,0.607333,8.835906,33023.098252,5.827201,15.690361,8.752478,2025-10-13 02:38:07
3774,10,30000,1500,0.724000,8.807523,33031.905775,5.827201,15.690361,8.752492,2025-10-13 02:38:16
3775,10,30000,1500,0.705333,8.291099,33040.196874,5.827201,15.690361,8.752370,2025-10-13 02:38:24
3776,10,30000,1500,0.667333,7.850313,33048.047187,5.827201,15.690361,8.752131,2025-10-13 02:38:32
3777,10,30000,1500,0.701333,8.632086,33056.679272,5.827201,15.690361,8.752099,2025-10-13 02:38:41
3778,10,30000,1500,0.706000,8.566242,33065.245515,5.827201,15.690361,8.752050,2025-10-13 02:38:49
3779,10,30000,1500,0.645333,8.863511,33074.109026,5.827201,15.690361,8.752080,2025-10-13 02:38:58
3780,10,30000,1500,0.776667,8.184482,33082.293508,5.827201,15.690361,8.751929,2025-10-13 02:39:06
3781,10,30000,1500,0.605333,7.972979,33090.266487,5.827201,15.690361,8.751723,2025-10-13 02:39:14
3782,10,30000,1500,0.704000,8.165728,33098.432215,5.827201,15.690361,8.751569,2025-10-13 02:39:22
3783,10,30000,1500,0.672667,8.548107,33106.980323,5.827201,15.690361,8.751515,2025-10-13 02:39:31
3784,10,30000,1500,0.696000,8.430089,33115.410412,5.827201,15.690361,8.751430,2025-10-13 02:39:39
3785,10,30000,1500,0.690000,7.948859,33123.359271,5.827201,15.690361,8.751218,2025-10-13 02:39:47
3786,10,30000,1500,0.638667,8.633003,33131.992274,5.827201,15.690361,8.751187,2025-10-13 02:39:56
3787,10,30000,1500,0.624667,7.909782,33139.902056,5.827201,15.690361,8.750964,2025-10-13 02:40:04
3788,10,30000,1500,0.660667,8.746892,33148.648948,5.827201,15.690361,8.750963,2025-10-13 02:40:12
3789,10,30000,1500,0.583333,8.614340,33157.263288,5.827201,15.690361,8.750927,2025-10-13 02:40:21
3790,10,30000,1500,0.660667,8.072967,33165.336255,5.827201,15.690361,8.750748,2025-10-13 02:40:29
3791,10,30000,1500,0.600667,8.142199,33173.478454,5.827201,15.690361,8.750588,2025-10-13 02:40:37
3792,10,30000,1500,0.601333,8.458927,33181.937382,5.827201,15.690361,8.750511,2025-10-13 02:40:46
3793,10,30000,1500,0.556667,9.004564,33190.941946,5.827201,15.690361,8.750578,2025-10-13 02:40:55
3794,10,30000,1500,0.772667,8.188109,33199.130054,5.827201,15.690361,8.750430,2025-10-13 02:41:03
3795,10,30000,1500,0.724667,7.642008,33206.772063,5.827201,15.690361,8.750138,2025-10-13 02:41:11
3796,10,30000,1500,0.821333,8.312648,33215.084710,5.827201,15.690361,8.750022,2025-10-13 02:41:19
3797,10,30000,1500,0.725333,7.832471,33222.917181,5.827201,15.690361,8.749781,2025-10-13 02:41:27
3798,10,30000,1500,0.718000,8.095904,33231.013086,5.827201,15.690361,8.749609,2025-10-13 02:41:35
3799,10,30000,1500,0.754000,9.027550,33240.040635,5.827201,15.690361,8.749682,2025-10-13 02:41:44
3800,10,30000,1500,0.669333,8.977324,33249.017959,5.827201,15.690361,8.749742,2025-10-13 02:41:53
3801,10,30000,1500,0.793333,8.437825,33257.455784,5.827201,15.690361,8.749660,2025-10-13 02:42:01
3802,10,30000,1500,0.755333,7.781536,33265.237320,5.827201,15.690361,8.749405,2025-10-13 02:42:09
3803,10,30000,1500,0.697333,8.170714,33273.408033,5.827201,15.690361,8.749253,2025-10-13 02:42:17
3804,10,30000,1500,0.608000,8.539647,33281.947680,5.827201,15.690361,8.749198,2025-10-13 02:42:26
3805,10,30000,1500,0.629333,7.542444,33289.490125,5.827201,15.690361,8.748880,2025-10-13 02:42:33
3806,10,30000,1500,0.597333,8.578674,33298.068799,5.827201,15.690361,8.748836,2025-10-13 02:42:42
3807,10,30000,1500,0.564000,8.126830,33306.195629,5.827201,15.690361,8.748672,2025-10-13 02:42:50
3808,10,30000,1500,0.600000,8.200766,33314.396395,5.827201,15.690361,8.748528,2025-10-13 02:42:58
3809,10,30000,1500,0.549333,7.774635,33322.171030,5.827201,15.690361,8.748273,2025-10-13 02:43:06
3810,10,30000,1500,0.652667,8.483623,33330.654653,5.827201,15.690361,8.748203,2025-10-13 02:43:15
3811,10,30000,1500,0.579333,8.627540,33339.282193,5.827201,15.690361,8.748172,2025-10-13 02:43:23
3812,10,30000,1500,0.597333,8.364243,33347.646436,5.827201,15.690361,8.748071,2025-10-13 02:43:32
3813,10,30000,1500,0.618000,8.143054,33355.789490,5.827201,15.690361,8.747912,2025-10-13 02:43:40
3814,10,30000,1500,0.662000,7.879383,33363.668874,5.827201,15.690361,8.747685,2025-10-13 02:43:48
3815,10,30000,1500,0.672667,8.731786,33372.400659,5.827201,15.690361,8.747680,2025-10-13 02:43:56
3816,10,30000,1500,0.725333,8.676522,33381.077181,5.827201,15.690361,8.747662,2025-10-13 02:44:05
3817,10,30000,1500,0.634667,8.177617,33389.254799,5.827201,15.690361,8.747512,2025-10-13 02:44:13
3818,10,30000,1500,0.647333,8.526023,33397.780822,5.827201,15.690361,8.747454,2025-10-13 02:44:22
3819,10,30000,1500,0.697333,8.315124,33406.095945,5.827201,15.690361,8.747341,2025-10-13 02:44:30
3820,10,30000,1500,0.652000,8.703724,33414.799670,5.827201,15.690361,8.747330,2025-10-13 02:44:39
3821,10,30000,1500,0.746667,8.656435,33423.456105,5.827201,15.690361,8.747306,2025-10-13 02:44:47
3822,10,30000,1500,0.761333,8.357420,33431.813524,5.827201,15.690361,8.747204,2025-10-13 02:44:56
3823,10,30000,1500,0.692667,9.134185,33440.947709,5.827201,15.690361,8.747305,2025-10-13 02:45:05
3824,10,30000,1500,0.648667,8.232966,33449.180675,5.827201,15.690361,8.747171,2025-10-13 02:45:13
3825,10,30000,1500,0.610000,7.859347,33457.040022,5.827201,15.690361,8.746939,2025-10-13 02:45:21
3826,10,30000,1500,0.660000,8.419058,33465.459080,5.827201,15.690361,8.746853,2025-10-13 02:45:29
3827,10,30000,1500,0.644667,8.544920,33474.004000,5.827201,15.690361,8.746800,2025-10-13 02:45:38
3828,10,30000,1500,0.600000,8.556499,33482.560498,5.827201,15.690361,8.746750,2025-10-13 02:45:47
3829,10,30000,1500,0.626667,7.722463,33490.282962,5.827201,15.690361,8.746483,2025-10-13 02:45:54
3830,10,30000,1500,0.555333,7.619671,33497.902633,5.827201,15.690361,8.746189,2025-10-13 02:46:02
3831,10,30000,1500,0.639333,8.535077,33506.437709,5.827201,15.690361,8.746134,2025-10-13 02:46:10
3832,10,30000,1500,0.642000,7.964690,33514.402399,5.827201,15.690361,8.745930,2025-10-13 02:46:18
3833,10,30000,1500,0.615333,8.985968,33523.388367,5.827201,15.690361,8.745992,2025-10-13 02:46:27
3834,10,30000,1500,0.728667,8.848885,33532.237252,5.827201,15.690361,8.746019,2025-10-13 02:46:36
3835,10,30000,1500,0.780000,8.164069,33540.401321,5.827201,15.690361,8.745867,2025-10-13 02:46:44
3836,10,30000,1500,0.810000,8.019517,33548.420839,5.827201,15.690361,8.745678,2025-10-13 02:46:52
3837,10,30000,1500,0.760667,7.784839,33556.205678,5.827201,15.690361,8.745428,2025-10-13 02:47:00
3838,10,30000,1500,0.792667,7.954744,33564.160422,5.827201,15.690361,8.745222,2025-10-13 02:47:08
3839,10,30000,1500,0.665333,8.084902,33572.245323,5.827201,15.690361,8.745050,2025-10-13 02:47:16
3840,10,30000,1500,0.660667,7.882228,33580.127551,5.827201,15.690361,8.744825,2025-10-13 02:47:24
3841,10,30000,1500,0.611333,8.418514,33588.546065,5.827201,15.690361,8.744740,2025-10-13 02:47:33
3842,10,30000,1500,0.606667,8.593220,33597.139284,5.827201,15.690361,8.744700,2025-10-13 02:47:41
3843,10,30000,1500,0.664667,7.833070,33604.972355,5.827201,15.690361,8.744463,2025-10-13 02:47:49
3844,10,30000,1500,0.572000,8.458546,33613.430900,5.827201,15.690361,8.744389,2025-10-13 02:47:57
3845,10,30000,1500,0.680667,8.090789,33621.521689,5.827201,15.690361,8.744219,2025-10-13 02:48:06
3846,10,30000,1500,0.596000,8.516797,33630.038486,5.827201,15.690361,8.744160,2025-10-13 02:48:14
3847,10,30000,1500,0.613333,7.937635,33637.976121,5.827201,15.690361,8.743950,2025-10-13 02:48:22
3848,10,30000,1500,0.612667,8.325252,33646.301373,5.827201,15.690361,8.743841,2025-10-13 02:48:30
3849,10,30000,1500,0.666667,8.555432,33654.856806,5.827201,15.690361,8.743792,2025-10-13 02:48:39
3850,10,30000,1500,0.644000,8.198737,33663.055543,5.827201,15.690361,8.743651,2025-10-13 02:48:47
3851,10,30000,1500,0.728000,7.983088,33671.038630,5.827201,15.690361,8.743453,2025-10-13 02:48:55
3852,10,30000,1500,0.598667,7.877600,33678.916230,5.827201,15.690361,8.743229,2025-10-13 02:49:03
3853,10,30000,1500,0.627333,8.775288,33687.691518,5.827201,15.690361,8.743237,2025-10-13 02:49:12
3854,10,30000,1500,0.655333,8.623712,33696.315230,5.827201,15.690361,8.743206,2025-10-13 02:49:20
3855,10,30000,1500,0.624000,8.498001,33704.813232,5.827201,15.690361,8.743142,2025-10-13 02:49:29
3856,10,30000,1500,0.752000,8.368540,33713.181772,5.827201,15.690361,8.743045,2025-10-13 02:49:37
3857,10,30000,1500,0.718000,7.639023,33720.820795,5.827201,15.690361,8.742759,2025-10-13 02:49:45
3858,10,30000,1500,0.636000,8.589562,33729.410357,5.827201,15.690361,8.742719,2025-10-13 02:49:53
3859,10,30000,1500,0.674000,8.740323,33738.150680,5.827201,15.690361,8.742718,2025-10-13 02:50:02
3860,10,30000,1500,0.608667,8.254705,33746.405385,5.827201,15.690361,8.742592,2025-10-13 02:50:10
3861,10,30000,1500,0.641333,9.082508,33755.487893,5.827201,15.690361,8.742680,2025-10-13 02:50:20
3862,10,30000,1500,0.616667,7.886146,33763.374040,5.827201,15.690361,8.742458,2025-10-13 02:50:27
3863,10,30000,1500,0.619333,7.730758,33771.104797,5.827201,15.690361,8.742196,2025-10-13 02:50:35
3864,10,30000,1500,0.581333,8.794701,33779.899498,5.827201,15.690361,8.742210,2025-10-13 02:50:44
3865,10,30000,1500,0.566667,8.994631,33788.894130,5.827201,15.690361,8.742275,2025-10-13 02:50:53
3866,10,30000,1500,0.660000,9.122245,33798.016375,5.827201,15.690361,8.742374,2025-10-13 02:51:02
3867,10,30000,1500,0.614000,8.231426,33806.247801,5.827201,15.690361,8.742241,2025-10-13 02:51:10
3868,10,30000,1500,0.559333,8.611990,33814.859791,5.827201,15.690361,8.742208,2025-10-13 02:51:19
3869,10,30000,1500,0.688000,7.963679,33822.823470,5.827201,15.690361,8.742007,2025-10-13 02:51:27
3870,10,30000,1500,0.780000,8.749869,33831.573339,5.827201,15.690361,8.742009,2025-10-13 02:51:36
3871,10,30000,1500,0.776000,8.328299,33839.901637,5.827201,15.690361,8.741902,2025-10-13 02:51:44
3872,10,30000,1500,0.699333,8.254268,33848.155905,5.827201,15.690361,8.741776,2025-10-13 02:51:52
3873,10,30000,1500,0.726667,8.455277,33856.611182,5.827201,15.690361,8.741702,2025-10-13 02:52:01
3874,10,30000,1500,0.593333,8.574898,33865.186081,5.827201,15.690361,8.741659,2025-10-13 02:52:09
3875,10,30000,1500,0.574000,8.315967,33873.502048,5.827201,15.690361,8.741549,2025-10-13 02:52:18
3876,10,30000,1500,0.604667,8.509449,33882.011497,5.827201,15.690361,8.741489,2025-10-13 02:52:26
3877,10,30000,1500,0.584000,7.577423,33889.588920,5.827201,15.690361,8.741189,2025-10-13 02:52:34
3878,10,30000,1500,0.534667,8.629877,33898.218797,5.827201,15.690361,8.741160,2025-10-13 02:52:42
3879,10,30000,1500,0.596667,8.286040,33906.504837,5.827201,15.690361,8.741043,2025-10-13 02:52:51
3880,10,30000,1500,0.532667,8.639071,33915.143908,5.827201,15.690361,8.741016,2025-10-13 02:52:59
3881,10,30000,1500,0.646000,9.077146,33924.221054,5.827201,15.690361,8.741103,2025-10-13 02:53:08
3882,10,30000,1500,0.621333,8.993611,33933.214665,5.827201,15.690361,8.741168,2025-10-13 02:53:17
3883,10,30000,1500,0.614000,7.987426,33941.202091,5.827201,15.690361,8.740974,2025-10-13 02:53:25
3884,10,30000,1500,0.614667,8.232867,33949.434958,5.827201,15.690361,8.740843,2025-10-13 02:53:34
3885,10,30000,1500,0.650667,8.015500,33957.450458,5.827201,15.690361,8.740656,2025-10-13 02:53:42
3886,10,30000,1500,0.701333,8.627929,33966.078387,5.827201,15.690361,8.740627,2025-10-13 02:53:50
3887,10,30000,1500,0.630667,8.136900,33974.215288,5.827201,15.690361,8.740472,2025-10-13 02:53:58
3888,10,30000,1500,0.708667,8.035154,33982.250441,5.827201,15.690361,8.740291,2025-10-13 02:54:06
3889,10,30000,1500,0.582667,7.867629,33990.118071,5.827201,15.690361,8.740066,2025-10-13 02:54:14
3890,10,30000,1500,0.619333,8.825890,33998.943961,5.827201,15.690361,8.740088,2025-10-13 02:54:23
3891,10,30000,1500,0.646000,8.229221,34007.173182,5.827201,15.690361,8.739957,2025-10-13 02:54:31
3892,10,30000,1500,0.597333,8.754739,34015.927921,5.827201,15.690361,8.739961,2025-10-13 02:54:40
3893,10,30000,1500,0.630000,7.814109,34023.742030,5.827201,15.690361,8.739723,2025-10-13 02:54:48
3894,10,30000,1500,0.746667,8.153629,34031.895659,5.827201,15.690361,8.739573,2025-10-13 02:54:56
3895,10,30000,1500,0.713333,8.053725,34039.949384,5.827201,15.690361,8.739397,2025-10-13 02:55:04
3896,10,30000,1500,0.770000,7.837984,34047.787368,5.827201,15.690361,8.739165,2025-10-13 02:55:12
3897,10,30000,1500,0.707333,8.492750,34056.280118,5.827201,15.690361,8.739102,2025-10-13 02:55:20
3898,10,30000,1500,0.743333,8.180266,34064.460384,5.827201,15.690361,8.738959,2025-10-13 02:55:29
3899,10,30000,1500,0.718000,7.775620,34072.236004,5.827201,15.690361,8.738711,2025-10-13 02:55:36
3900,10,30000,1500,0.674000,7.646759,34079.882763,5.827201,15.690361,8.738431,2025-10-13 02:55:44
3901,10,30000,1500,0.704667,7.571392,34087.454155,5.827201,15.690361,8.738132,2025-10-13 02:55:52
3902,10,30000,1500,0.640667,8.835591,34096.289746,5.827201,15.690361,8.738157,2025-10-13 02:56:00
3903,10,30000,1500,0.668000,8.669786,34104.959532,5.827201,15.690361,8.738140,2025-10-13 02:56:09
3904,10,30000,1500,0.620667,8.420761,34113.380293,5.827201,15.690361,8.738058,2025-10-13 02:56:18
3905,10,30000,1500,0.592000,8.173523,34121.553816,5.827201,15.690361,8.737914,2025-10-13 02:56:26
3906,10,30000,1500,0.734000,7.692206,34129.246022,5.827201,15.690361,8.737646,2025-10-13 02:56:33
3907,10,30000,1500,0.772667,8.261028,34137.507050,5.827201,15.690361,8.737524,2025-10-13 02:56:42
3908,10,30000,1500,0.771333,8.004062,34145.511112,5.827201,15.690361,8.737337,2025-10-13 02:56:50
3909,10,30000,1500,0.698667,8.280659,34153.791771,5.827201,15.690361,8.737220,2025-10-13 02:56:58
3910,10,30000,1500,0.671333,8.629019,34162.420790,5.827201,15.690361,8.737192,2025-10-13 02:57:07
3911,10,30000,1500,0.615333,8.146050,34170.566839,5.827201,15.690361,8.737041,2025-10-13 02:57:15
3912,10,30000,1500,0.652667,8.027141,34178.593981,5.827201,15.690361,8.736859,2025-10-13 02:57:23
3913,10,30000,1500,0.698000,7.931311,34186.525292,5.827201,15.690361,8.736654,2025-10-13 02:57:31
3914,10,30000,1500,0.637333,7.846734,34194.372025,5.827201,15.690361,8.736426,2025-10-13 02:57:39
3915,10,30000,1500,0.638000,8.573259,34202.945284,5.827201,15.690361,8.736384,2025-10-13 02:57:47
3916,10,30000,1500,0.722667,8.353664,34211.298948,5.827201,15.690361,8.736287,2025-10-13 02:57:55
3917,10,30000,1500,0.614667,8.681836,34219.980784,5.827201,15.690361,8.736273,2025-10-13 02:58:04
3918,10,30000,1500,0.699333,8.788973,34228.769757,5.827201,15.690361,8.736286,2025-10-13 02:58:13
3919,10,30000,1500,0.716667,7.758796,34236.528553,5.827201,15.690361,8.736037,2025-10-13 02:58:21
3920,10,30000,1500,0.648667,7.720053,34244.248606,5.827201,15.690361,8.735778,2025-10-13 02:58:28
3921,10,30000,1500,0.684667,8.279736,34252.528342,5.827201,15.690361,8.735661,2025-10-13 02:58:37
3922,10,30000,1500,0.716667,8.499290,34261.027633,5.827201,15.690361,8.735601,2025-10-13 02:58:45
3923,10,30000,1500,0.766667,7.645512,34268.673144,5.827201,15.690361,8.735323,2025-10-13 02:58:53
3924,10,30000,1500,0.674000,8.794317,34277.467462,5.827201,15.690361,8.735338,2025-10-13 02:59:02
3925,10,30000,1500,0.658000,9.039308,34286.506769,5.827201,15.690361,8.735416,2025-10-13 02:59:11
3926,10,30000,1500,0.657333,8.052116,34294.558885,5.827201,15.690361,8.735242,2025-10-13 02:59:19
3927,10,30000,1500,0.706667,8.903079,34303.461965,5.827201,15.690361,8.735284,2025-10-13 02:59:28
3928,10,30000,1500,0.729333,8.222165,34311.684130,5.827201,15.690361,8.735154,2025-10-13 02:59:36
3929,10,30000,1500,0.671333,9.171892,34320.856022,5.827201,15.690361,8.735265,2025-10-13 02:59:45
3930,10,30000,1500,0.748667,7.983479,34328.839501,5.827201,15.690361,8.735074,2025-10-13 02:59:53
3931,10,30000,1500,0.626000,7.889581,34336.729081,5.827201,15.690361,8.734859,2025-10-13 03:00:01
3932,10,30000,1500,0.680667,7.672456,34344.401537,5.827201,15.690361,8.734588,2025-10-13 03:00:09
3933,10,30000,1500,0.711333,8.444002,34352.845539,5.827201,15.690361,8.734515,2025-10-13 03:00:17
3934,10,30000,1500,0.622667,8.223205,34361.068744,5.827201,15.690361,8.734385,2025-10-13 03:00:25
3935,10,30000,1500,0.592667,8.127016,34369.195760,5.827201,15.690361,8.734230,2025-10-13 03:00:33
3936,10,30000,1500,0.563333,8.169985,34377.365745,5.827201,15.690361,8.734087,2025-10-13 03:00:42
3937,10,30000,1500,0.547333,8.029346,34385.395091,5.827201,15.690361,8.733908,2025-10-13 03:00:50
3938,10,30000,1500,0.632000,8.043261,34393.438353,5.827201,15.690361,8.733732,2025-10-13 03:00:58
3939,10,30000,1500,0.594667,9.133432,34402.571784,5.827201,15.690361,8.733834,2025-10-13 03:01:07
3940,10,30000,1500,0.588000,8.531839,34411.103623,5.827201,15.690361,8.733783,2025-10-13 03:01:15
3941,10,30000,1500,0.692000,8.657541,34419.761164,5.827201,15.690361,8.733763,2025-10-13 03:01:24
3942,10,30000,1500,0.714000,9.217276,34428.978440,5.827201,15.690361,8.733886,2025-10-13 03:01:33
3943,10,30000,1500,0.682667,7.909568,34436.888008,5.827201,15.690361,8.733677,2025-10-13 03:01:41
3944,10,30000,1500,0.793333,8.893479,34445.781487,5.827201,15.690361,8.733717,2025-10-13 03:01:50
3945,10,30000,1500,0.690000,7.592165,34453.373652,5.827201,15.690361,8.733428,2025-10-13 03:01:58
3946,10,30000,1500,0.763333,8.460730,34461.834383,5.827201,15.690361,8.733359,2025-10-13 03:02:06
3947,10,30000,1500,0.638667,7.719209,34469.553592,5.827201,15.690361,8.733102,2025-10-13 03:02:14
3948,10,30000,1500,0.659333,7.634221,34477.187812,5.827201,15.690361,8.732824,2025-10-13 03:02:21
3949,10,30000,1500,0.708667,8.591100,34485.778912,5.827201,15.690361,8.732788,2025-10-13 03:02:30
3950,10,30000,1500,0.729333,8.741486,34494.520398,5.827201,15.690361,8.732790,2025-10-13 03:02:39
3951,10,30000,1500,0.732000,8.484801,34503.005199,5.827201,15.690361,8.732727,2025-10-13 03:02:47
3952,10,30000,1500,0.671333,8.575440,34511.580639,5.827201,15.690361,8.732687,2025-10-13 03:02:56
3953,10,30000,1500,0.713333,8.274447,34519.855087,5.827201,15.690361,8.732571,2025-10-13 03:03:04
3954,10,30000,1500,0.690000,8.125985,34527.981071,5.827201,15.690361,8.732418,2025-10-13 03:03:12
3955,10,30000,1500,0.646667,8.313149,34536.294220,5.827201,15.690361,8.732312,2025-10-13 03:03:21
3956,10,30000,1500,0.700000,7.954086,34544.248306,5.827201,15.690361,8.732115,2025-10-13 03:03:29
3957,10,30000,1500,0.702667,7.963383,34552.211689,5.827201,15.690361,8.731921,2025-10-13 03:03:36
3958,10,30000,1500,0.720667,7.902487,34560.114176,5.827201,15.690361,8.731712,2025-10-13 03:03:44
3959,10,30000,1500,0.642000,8.020177,34568.134353,5.827201,15.690361,8.731532,2025-10-13 03:03:52
3960,10,30000,1500,0.671333,8.399581,34576.533934,5.827201,15.690361,8.731448,2025-10-13 03:04:01
3961,10,30000,1500,0.608667,7.940757,34584.474691,5.827201,15.690361,8.731248,2025-10-13 03:04:09
3962,10,30000,1500,0.684000,8.115549,34592.590240,5.827201,15.690361,8.731093,2025-10-13 03:04:17
3963,10,30000,1500,0.675333,8.983052,34601.573292,5.827201,15.690361,8.731157,2025-10-13 03:04:26
3964,10,30000,1500,0.634000,8.599313,34610.172606,5.827201,15.690361,8.731123,2025-10-13 03:04:34
3965,10,30000,1500,0.676667,8.452836,34618.625442,5.827201,15.690361,8.731053,2025-10-13 03:04:43
3966,10,30000,1500,0.638667,8.904569,34627.530011,5.827201,15.690361,8.731097,2025-10-13 03:04:52
3967,10,30000,1500,0.702000,8.178504,34635.708516,5.827201,15.690361,8.730958,2025-10-13 03:05:00
3968,10,30000,1500,0.668000,7.799844,34643.508360,5.827201,15.690361,8.730723,2025-10-13 03:05:08
3969,10,30000,1500,0.632667,8.537007,34652.045367,5.827201,15.690361,8.730674,2025-10-13 03:05:16
3970,10,30000,1500,0.624000,7.819964,34659.865331,5.827201,15.690361,8.730445,2025-10-13 03:05:24
3971,10,30000,1500,0.570667,7.731536,34667.596868,5.827201,15.690361,8.730193,2025-10-13 03:05:32
3972,10,30000,1500,0.568667,8.294227,34675.891094,5.827201,15.690361,8.730083,2025-10-13 03:05:40
3973,10,30000,1500,0.634667,8.312243,34684.203337,5.827201,15.690361,8.729978,2025-10-13 03:05:49
3974,10,30000,1500,0.614000,8.841248,34693.044585,5.827201,15.690361,8.730006,2025-10-13 03:05:57
3975,10,30000,1500,0.568000,8.032030,34701.076615,5.827201,15.690361,8.729831,2025-10-13 03:06:05
3976,10,30000,1500,0.689333,8.055250,34709.131865,5.827201,15.690361,8.729661,2025-10-13 03:06:13
3977,10,30000,1500,0.664000,8.405894,34717.537760,5.827201,15.690361,8.729580,2025-10-13 03:06:22
3978,10,30000,1500,0.651333,7.942563,34725.480323,5.827201,15.690361,8.729382,2025-10-13 03:06:30
3979,10,30000,1500,0.724000,8.092566,34733.572889,5.827201,15.690361,8.729222,2025-10-13 03:06:38
3980,10,30000,1500,0.642667,7.794656,34741.367545,5.827201,15.690361,8.728987,2025-10-13 03:06:46
3981,10,30000,1500,0.669333,8.279985,34749.647530,5.827201,15.690361,8.728874,2025-10-13 03:06:54
3982,10,30000,1500,0.565333,7.977159,34757.624689,5.827201,15.690361,8.728685,2025-10-13 03:07:02
3983,10,30000,1500,0.596000,7.551420,34765.176109,5.827201,15.690361,8.728390,2025-10-13 03:07:10
3984,10,30000,1500,0.607333,8.043795,34773.219905,5.827201,15.690361,8.728218,2025-10-13 03:07:18
3985,10,30000,1500,0.611333,7.872573,34781.092477,5.827201,15.690361,8.728003,2025-10-13 03:07:25
3986,10,30000,1500,0.628000,7.937344,34789.029822,5.827201,15.690361,8.727805,2025-10-13 03:07:33
3987,10,30000,1500,0.680667,7.794702,34796.824523,5.827201,15.690361,8.727571,2025-10-13 03:07:41
3988,10,30000,1500,0.738667,7.636005,34804.460528,5.827201,15.690361,8.727297,2025-10-13 03:07:49
3989,10,30000,1500,0.618000,7.814435,34812.274963,5.827201,15.690361,8.727068,2025-10-13 03:07:57
3990,10,30000,1500,0.614667,8.371573,34820.646536,5.827201,15.690361,8.726979,2025-10-13 03:08:05
3991,10,30000,1500,0.596000,7.827761,34828.474297,5.827201,15.690361,8.726754,2025-10-13 03:08:13
3992,10,30000,1500,0.588667,8.611817,34837.086114,5.827201,15.690361,8.726725,2025-10-13 03:08:21
3993,10,30000,1500,0.690667,8.032778,34845.118892,5.827201,15.690361,8.726551,2025-10-13 03:08:29
3994,10,30000,1500,0.632000,8.624930,34853.743822,5.827201,15.690361,8.726526,2025-10-13 03:08:38
3995,10,30000,1500,0.658667,8.505452,34862.249274,5.827201,15.690361,8.726470,2025-10-13 03:08:47
3996,10,30000,1500,0.617333,8.088418,34870.337692,5.827201,15.690361,8.726311,2025-10-13 03:08:55
3997,10,30000,1500,0.650000,7.879116,34878.216808,5.827201,15.690361,8.726099,2025-10-13 03:09:03
3998,10,30000,1500,0.632667,7.986548,34886.203356,5.827201,15.690361,8.725914,2025-10-13 03:09:11
3999,10,30000,1500,0.721333,8.000420,34894.203776,5.827201,15.690361,8.725732,2025-10-13 03:09:19
4000,10,30000,1500,0.602667,7.907606,34902.111382,5.827201,15.690361,8.725528,2025-10-13 03:09:26
4001,10,30000,1500,0.708667,8.359962,34910.471344,5.827201,15.690361,8.725436,2025-10-13 03:09:35
4002,10,30000,1500,0.594000,8.587859,34919.059203,5.827201,15.690361,8.725402,2025-10-13 03:09:43
4003,10,30000,1500,0.635333,8.198236,34927.257439,5.827201,15.690361,8.725270,2025-10-13 03:09:52
4004,10,30000,1500,0.682000,8.064854,34935.322293,5.827201,15.690361,8.725105,2025-10-13 03:10:00
4005,10,30000,1500,0.678000,8.662388,34943.984681,5.827201,15.690361,8.725090,2025-10-13 03:10:08
4006,10,30000,1500,0.588000,8.352118,34952.336799,5.827201,15.690361,8.724997,2025-10-13 03:10:17
4007,10,30000,1500,0.610000,8.223794,34960.560593,5.827201,15.690361,8.724872,2025-10-13 03:10:25
4008,10,30000,1500,0.545333,8.013351,34968.573944,5.827201,15.690361,8.724694,2025-10-13 03:10:33
4009,10,30000,1500,0.689333,8.314275,34976.888219,5.827201,15.690361,8.724592,2025-10-13 03:10:41
4010,10,30000,1500,0.593333,7.935985,34984.824203,5.827201,15.690361,8.724395,2025-10-13 03:10:49
4011,10,30000,1500,0.635333,7.714786,34992.538990,5.827201,15.690361,8.724143,2025-10-13 03:10:57
4012,10,30000,1500,0.552000,8.240318,35000.779307,5.827201,15.690361,8.724023,2025-10-13 03:11:05
4013,10,30000,1500,0.552000,8.488341,35009.267648,5.827201,15.690361,8.723964,2025-10-13 03:11:14
4014,10,30000,1500,0.558000,8.395422,35017.663070,5.827201,15.690361,8.723882,2025-10-13 03:11:22
4015,10,30000,1500,0.611333,7.903728,35025.566799,5.827201,15.690361,8.723678,2025-10-13 03:11:30
4016,10,30000,1500,0.658000,8.037387,35033.604185,5.827201,15.690361,8.723507,2025-10-13 03:11:38
4017,10,30000,1500,0.609333,9.062901,35042.667086,5.827201,15.690361,8.723592,2025-10-13 03:11:47
4018,10,30000,1500,0.697333,8.616601,35051.283687,5.827201,15.690361,8.723565,2025-10-13 03:11:56
4019,10,30000,1500,0.680667,7.812930,35059.096617,5.827201,15.690361,8.723338,2025-10-13 03:12:04
4020,10,30000,1500,0.637333,8.312068,35067.408685,5.827201,15.690361,8.723236,2025-10-13 03:12:12
4021,10,30000,1500,0.662667,7.655882,35075.064567,5.827201,15.690361,8.722971,2025-10-13 03:12:20
4022,10,30000,1500,0.620667,8.330526,35083.395092,5.827201,15.690361,8.722873,2025-10-13 03:12:28
4023,10,30000,1500,0.646000,7.946803,35091.341895,5.827201,15.690361,8.722680,2025-10-13 03:12:36
4024,10,30000,1500,0.610000,8.540807,35099.882701,5.827201,15.690361,8.722635,2025-10-13 03:12:44
4025,10,30000,1500,0.598000,8.129917,35108.012619,5.827201,15.690361,8.722488,2025-10-13 03:12:52
4026,10,30000,1500,0.671333,8.415921,35116.428540,5.827201,15.690361,8.722411,2025-10-13 03:13:01
4027,10,30000,1500,0.682667,8.479815,35124.908355,5.827201,15.690361,8.722351,2025-10-13 03:13:09
4028,10,30000,1500,0.678000,8.333358,35133.241713,5.827201,15.690361,8.722255,2025-10-13 03:13:18
4029,10,30000,1500,0.666667,6.575517,35139.817230,5.827201,15.690361,8.721722,2025-10-13 03:13:24
4030,10,30000,1500,0.640667,5.540131,35145.357361,5.540131,15.690361,8.720932,2025-10-13 03:13:30
4031,10,30000,1500,0.602667,5.648968,35151.006329,5.540131,15.690361,8.720170,2025-10-13 03:13:35
4032,10,30000,1500,0.706667,5.640122,35156.646451,5.540131,15.690361,8.719406,2025-10-13 03:13:41
4033,10,30000,1500,0.616000,5.532612,35162.179063,5.532612,15.690361,8.718616,2025-10-13 03:13:47
4034,10,30000,1500,0.661333,5.670494,35167.849557,5.532612,15.690361,8.717861,2025-10-13 03:13:52
4035,10,30000,1500,0.682000,5.917369,35173.766926,5.532612,15.690361,8.717167,2025-10-13 03:13:58
4036,10,30000,1500,0.631333,5.604229,35179.371156,5.532612,15.690361,8.716395,2025-10-13 03:14:04
4037,10,30000,1500,0.647333,5.688712,35185.059868,5.532612,15.690361,8.715645,2025-10-13 03:14:10
4038,10,30000,1500,0.625333,5.491812,35190.551680,5.491812,15.690361,8.714847,2025-10-13 03:14:15
4039,10,30000,1500,0.596667,5.591685,35196.143365,5.491812,15.690361,8.714074,2025-10-13 03:14:21
4040,10,30000,1500,0.594667,5.738052,35201.881417,5.491812,15.690361,8.713337,2025-10-13 03:14:26
4041,10,30000,1500,0.559333,5.677394,35207.558811,5.491812,15.690361,8.712586,2025-10-13 03:14:32
4042,10,30000,1500,0.572667,5.625705,35213.184516,5.491812,15.690361,8.711822,2025-10-13 03:14:38
4043,10,30000,1500,0.568667,5.680444,35218.864960,5.491812,15.690361,8.711072,2025-10-13 03:14:43
4044,10,30000,1500,0.569333,5.578808,35224.443768,5.491812,15.690361,8.710298,2025-10-13 03:14:49
4045,10,30000,1500,0.538000,5.561724,35230.005492,5.491812,15.690361,8.709519,2025-10-13 03:14:55
4046,10,30000,1500,0.687333,5.714217,35235.719708,5.491812,15.690361,8.708779,2025-10-13 03:15:00
4047,10,30000,1500,0.656667,5.695852,35241.415560,5.491812,15.690361,8.708034,2025-10-13 03:15:06
4048,10,30000,1500,0.718000,5.833817,35247.249377,5.491812,15.690361,8.707324,2025-10-13 03:15:12
4049,10,30000,1500,0.717333,5.600313,35252.849689,5.491812,15.690361,8.706557,2025-10-13 03:15:17
4050,10,30000,1500,0.670667,5.931575,35258.781264,5.491812,15.690361,8.705872,2025-10-13 03:15:23
4051,10,30000,1500,0.727333,5.621981,35264.403245,5.491812,15.690361,8.705111,2025-10-13 03:15:29
4052,10,30000,1500,0.587333,5.573041,35269.976286,5.491812,15.690361,8.704338,2025-10-13 03:15:34
4053,10,30000,1500,0.680000,5.698815,35275.675101,5.491812,15.690361,8.703596,2025-10-13 03:15:40
4054,10,30000,1500,0.673333,5.916826,35281.591927,5.491812,15.690361,8.702909,2025-10-13 03:15:46
4055,10,30000,1500,0.685333,5.871904,35287.463831,5.491812,15.690361,8.702211,2025-10-13 03:15:52
4056,10,30000,1500,0.578667,5.964010,35293.427841,5.491812,15.690361,8.701535,2025-10-13 03:15:58
4057,10,30000,1500,0.634667,5.661468,35299.089309,5.491812,15.690361,8.700786,2025-10-13 03:16:04
4058,10,30000,1500,0.663333,5.681623,35304.770932,5.491812,15.690361,8.700042,2025-10-13 03:16:09
4059,10,30000,1500,0.596000,5.641973,35310.412905,5.491812,15.690361,8.699289,2025-10-13 03:16:15
4060,10,30000,1500,0.577333,5.612288,35316.025193,5.491812,15.690361,8.698528,2025-10-13 03:16:21
4061,10,30000,1500,0.539333,5.779974,35321.805168,5.491812,15.690361,8.697810,2025-10-13 03:16:26
4062,10,30000,1500,0.610000,5.697302,35327.502469,5.491812,15.690361,8.697071,2025-10-13 03:16:32
4063,10,30000,1500,0.654000,5.551836,35333.054305,5.491812,15.690361,8.696297,2025-10-13 03:16:38
4064,10,30000,1500,0.620000,5.643571,35338.697877,5.491812,15.690361,8.695546,2025-10-13 03:16:43
4065,10,30000,1500,0.688000,5.692712,35344.390589,5.491812,15.690361,8.694807,2025-10-13 03:16:49
4066,10,30000,1500,0.610667,5.568208,35349.958797,5.491812,15.690361,8.694038,2025-10-13 03:16:55
4067,10,30000,1500,0.650667,5.643083,35355.601881,5.491812,15.690361,8.693288,2025-10-13 03:17:00
4068,10,30000,1500,0.688667,5.645896,35361.247776,5.491812,15.690361,8.692539,2025-10-13 03:17:06
4069,10,30000,1500,0.666667,5.519370,35366.767146,5.491812,15.690361,8.691759,2025-10-13 03:17:11
4070,10,30000,1500,0.651333,5.650784,35372.417930,5.491812,15.690361,8.691012,2025-10-13 03:17:17
4071,10,30000,1500,0.742667,5.567656,35377.985586,5.491812,15.690361,8.690245,2025-10-13 03:17:23
4072,10,30000,1500,0.632000,5.752200,35383.737786,5.491812,15.690361,8.689523,2025-10-13 03:17:28
4073,10,30000,1500,0.710000,5.844814,35389.582600,5.491812,15.690361,8.688825,2025-10-13 03:17:34
4074,10,30000,1500,0.760667,5.683652,35395.266252,5.491812,15.690361,8.688087,2025-10-13 03:17:40
4075,10,30000,1500,0.735333,5.611273,35400.877526,5.491812,15.690361,8.687332,2025-10-13 03:17:45
4076,10,30000,1500,0.581333,5.732666,35406.610192,5.491812,15.690361,8.686607,2025-10-13 03:17:51
4077,10,30000,1500,0.595333,5.702593,35412.312785,5.491812,15.690361,8.685875,2025-10-13 03:17:57
4078,10,30000,1500,0.587333,5.753184,35418.065969,5.491812,15.690361,8.685156,2025-10-13 03:18:03
4079,10,30000,1500,0.678000,5.836636,35423.902605,5.491812,15.690361,8.684458,2025-10-13 03:18:08
4080,10,30000,1500,0.598000,5.699282,35429.601887,5.491812,15.690361,8.683726,2025-10-13 03:18:14
4081,10,30000,1500,0.652000,5.776578,35435.378465,5.491812,15.690361,8.683014,2025-10-13 03:18:20
4082,10,30000,1500,0.531333,5.809212,35441.187677,5.491812,15.690361,8.682310,2025-10-13 03:18:26
4083,10,30000,1500,0.569333,5.720947,35446.908625,5.491812,15.690361,8.681584,2025-10-13 03:18:32
4084,10,30000,1500,0.606667,6.061534,35452.970159,5.491812,15.690361,8.680943,2025-10-13 03:18:38
4085,10,30000,1500,0.624667,6.022904,35458.993063,5.491812,15.690361,8.680292,2025-10-13 03:18:44
4086,10,30000,1500,0.672667,5.899179,35464.892242,5.491812,15.690361,8.679611,2025-10-13 03:18:49
4087,10,30000,1500,0.710000,5.551231,35470.443472,5.491812,15.690361,8.678846,2025-10-13 03:18:55
4088,10,30000,1500,0.788667,5.588895,35476.032368,5.491812,15.690361,8.678090,2025-10-13 03:19:01
4089,10,30000,1500,0.781333,5.688014,35481.720382,5.491812,15.690361,8.677359,2025-10-13 03:19:06
4090,10,30000,1500,0.757333,5.903385,35487.623767,5.491812,15.690361,8.676681,2025-10-13 03:19:12
4091,10,30000,1500,0.647333,5.839016,35493.462784,5.491812,15.690361,8.675987,2025-10-13 03:19:18
4092,10,30000,1500,0.669333,5.641117,35499.103901,5.491812,15.690361,8.675245,2025-10-13 03:19:24
4093,10,30000,1500,0.658667,5.743602,35504.847503,5.491812,15.690361,8.674529,2025-10-13 03:19:29
4094,10,30000,1500,0.618000,5.722795,35510.570298,5.491812,15.690361,8.673808,2025-10-13 03:19:35
4095,10,30000,1500,0.632667,5.650043,35516.220341,5.491812,15.690361,8.673070,2025-10-13 03:19:41
4096,10,30000,1500,0.558667,5.628173,35521.848514,5.491812,15.690361,8.672326,2025-10-13 03:19:46
4097,10,30000,1500,0.636000,5.657125,35527.505639,5.491812,15.690361,8.671590,2025-10-13 03:19:52
4098,10,30000,1500,0.631333,5.995049,35533.500689,5.491812,15.690361,8.670937,2025-10-13 03:19:58
4099,10,30000,1500,0.626000,5.561969,35539.062658,5.491812,15.690361,8.670179,2025-10-13 03:20:04
4100,10,30000,1500,0.628667,5.682557,35544.745215,5.491812,15.690361,8.669450,2025-10-13 03:20:09
4101,10,30000,1500,0.634667,5.734678,35550.479893,5.491812,15.690361,8.668734,2025-10-13 03:20:15
4102,10,30000,1500,0.612667,5.670695,35556.150587,5.491812,15.690361,8.668004,2025-10-13 03:20:21
4103,10,30000,1500,0.685333,5.620824,35561.771411,5.491812,15.690361,8.667261,2025-10-13 03:20:26
4104,10,30000,1500,0.634667,5.582641,35567.354052,5.491812,15.690361,8.666509,2025-10-13 03:20:32
4105,10,30000,1500,0.595333,5.471601,35572.825653,5.471601,15.690361,8.665731,2025-10-13 03:20:37
4106,10,30000,1500,0.672000,5.681211,35578.506864,5.471601,15.690361,8.665004,2025-10-13 03:20:43
4107,10,30000,1500,0.578000,5.594430,35584.101294,5.471601,15.690361,8.664256,2025-10-13 03:20:49
4108,10,30000,1500,0.686667,5.651714,35589.753008,5.471601,15.690361,8.663523,2025-10-13 03:20:54
4109,10,30000,1500,0.692000,5.634156,35595.387164,5.471601,15.690361,8.662786,2025-10-13 03:21:00
4110,10,30000,1500,0.663333,5.598775,35600.985940,5.471601,15.690361,8.662040,2025-10-13 03:21:06
4111,10,30000,1500,0.612667,5.550272,35606.536212,5.471601,15.690361,8.661283,2025-10-13 03:21:11
4112,10,30000,1500,0.595333,5.666914,35612.203126,5.471601,15.690361,8.660555,2025-10-13 03:21:17
4113,10,30000,1500,0.570000,5.614677,35617.817803,5.471601,15.690361,8.659815,2025-10-13 03:21:22
4114,10,30000,1500,0.624000,5.696964,35623.514768,5.471601,15.690361,8.659094,2025-10-13 03:21:28
4115,10,30000,1500,0.593333,5.738937,35629.253704,5.471601,15.690361,8.658385,2025-10-13 03:21:34
4116,10,30000,1500,0.579333,5.661927,35634.915632,5.471601,15.690361,8.657657,2025-10-13 03:21:40
4117,10,30000,1500,0.543333,5.530710,35640.446341,5.471601,15.690361,8.656897,2025-10-13 03:21:45
4118,10,30000,1500,0.591333,5.566450,35646.012791,5.471601,15.690361,8.656147,2025-10-13 03:21:51
4119,10,30000,1500,0.575333,5.634204,35651.646995,5.471601,15.690361,8.655413,2025-10-13 03:21:56
4120,10,30000,1500,0.575333,5.624777,35657.271772,5.471601,15.690361,8.654678,2025-10-13 03:22:02
4121,10,30000,1500,0.625333,5.757124,35663.028896,5.471601,15.690361,8.653974,2025-10-13 03:22:08
4122,10,30000,1500,0.681333,5.782148,35668.811043,5.471601,15.690361,8.653278,2025-10-13 03:22:14
4123,10,30000,1500,0.708000,5.530565,35674.341609,5.471601,15.690361,8.652520,2025-10-13 03:22:19
4124,10,30000,1500,0.674000,5.649059,35679.990668,5.471601,15.690361,8.651792,2025-10-13 03:22:25
4125,10,30000,1500,0.653333,5.815916,35685.806583,5.471601,15.690361,8.651105,2025-10-13 03:22:31
4126,10,30000,1500,0.567333,5.625099,35691.431683,5.471601,15.690361,8.650371,2025-10-13 03:22:36
4127,10,30000,1500,0.578667,5.444295,35696.875978,5.444295,15.690361,8.649594,2025-10-13 03:22:42
4128,10,30000,1500,0.589333,5.602829,35702.478806,5.444295,15.690361,8.648856,2025-10-13 03:22:47
4129,10,30000,1500,0.668000,5.463083,35707.941889,5.444295,15.690361,8.648085,2025-10-13 03:22:53
4130,10,30000,1500,0.581333,5.700794,35713.642683,5.444295,15.690361,8.647371,2025-10-13 03:22:58
4131,10,30000,1500,0.669333,5.756849,35719.399532,5.444295,15.690361,8.646671,2025-10-13 03:23:04
4132,10,30000,1500,0.547333,5.804199,35725.203730,5.444295,15.690361,8.645983,2025-10-13 03:23:10
4133,10,30000,1500,0.619333,5.632595,35730.836325,5.444295,15.690361,8.645254,2025-10-13 03:23:16
4134,10,30000,1500,0.648000,5.645600,35736.481925,5.444295,15.690361,8.644529,2025-10-13 03:23:21
4135,10,30000,1500,0.670667,5.611214,35742.093139,5.444295,15.690361,8.643795,2025-10-13 03:23:27
4136,10,30000,1500,0.614667,5.641770,35747.734908,5.444295,15.690361,8.643069,2025-10-13 03:23:32
4137,10,30000,1500,0.634000,5.592386,35753.327295,5.444295,15.690361,8.642332,2025-10-13 03:23:38
4138,10,30000,1500,0.711333,5.562475,35758.889769,5.444295,15.690361,8.641588,2025-10-13 03:23:44
4139,10,30000,1500,0.686667,5.622508,35764.512278,5.444295,15.690361,8.640858,2025-10-13 03:23:49
4140,10,30000,1500,0.712000,5.799790,35770.312067,5.444295,15.690361,8.640172,2025-10-13 03:23:55
4141,10,30000,1500,0.571333,5.590678,35775.902746,5.444295,15.690361,8.639436,2025-10-13 03:24:01
4142,10,30000,1500,0.549333,5.619242,35781.521988,5.444295,15.690361,8.638706,2025-10-13 03:24:06
4143,10,30000,1500,0.622667,5.864405,35787.386392,5.444295,15.690361,8.638037,2025-10-13 03:24:12
4144,10,30000,1500,0.628667,5.765457,35793.151849,5.444295,15.690361,8.637344,2025-10-13 03:24:18
4145,10,30000,1500,0.623333,5.671741,35798.823590,5.444295,15.690361,8.636628,2025-10-13 03:24:24
4146,10,30000,1500,0.736667,5.729189,35804.552779,5.444295,15.690361,8.635927,2025-10-13 03:24:29
4147,10,30000,1500,0.697333,5.577272,35810.130052,5.444295,15.690361,8.635189,2025-10-13 03:24:35
4148,10,30000,1500,0.661333,5.942140,35816.072192,5.444295,15.690361,8.634540,2025-10-13 03:24:41
4149,10,30000,1500,0.672667,5.806702,35821.878894,5.444295,15.690361,8.633858,2025-10-13 03:24:47
4150,10,30000,1500,0.660000,5.677974,35827.556868,5.444295,15.690361,8.633146,2025-10-13 03:24:52
4151,10,30000,1500,0.621333,5.764390,35833.321259,5.444295,15.690361,8.632455,2025-10-13 03:24:58
4152,10,30000,1500,0.744000,5.778524,35839.099782,5.444295,15.690361,8.631768,2025-10-13 03:25:04
4153,10,30000,1500,0.776000,5.677648,35844.777431,5.444295,15.690361,8.631056,2025-10-13 03:25:10
4154,10,30000,1500,0.752667,5.709851,35850.487282,5.444295,15.690361,8.630353,2025-10-13 03:25:15
4155,10,30000,1500,0.706000,5.768314,35856.255596,5.444295,15.690361,8.629664,2025-10-13 03:25:21
4156,10,30000,1500,0.723333,5.713575,35861.969170,5.444295,15.690361,8.628963,2025-10-13 03:25:27
4157,10,30000,1500,0.654000,5.604237,35867.573407,5.444295,15.690361,8.628235,2025-10-13 03:25:32
4158,10,30000,1500,0.722667,5.742139,35873.315546,5.444295,15.690361,8.627541,2025-10-13 03:25:38
4159,10,30000,1500,0.730000,5.685514,35879.001060,5.444295,15.690361,8.626834,2025-10-13 03:25:44
4160,10,30000,1500,0.698000,5.682164,35884.683224,5.444295,15.690361,8.626126,2025-10-13 03:25:49
4161,10,30000,1500,0.704000,5.753723,35890.436947,5.444295,15.690361,8.625435,2025-10-13 03:25:55
4162,10,30000,1500,0.668000,5.647773,35896.084720,5.444295,15.690361,8.624720,2025-10-13 03:26:01
4163,10,30000,1500,0.675333,5.776781,35901.861501,5.444295,15.690361,8.624036,2025-10-13 03:26:07
4164,10,30000,1500,0.664667,5.610605,35907.472106,5.444295,15.690361,8.623312,2025-10-13 03:26:12
4165,10,30000,1500,0.610000,5.477736,35912.949842,5.444295,15.690361,8.622557,2025-10-13 03:26:18
4166,10,30000,1500,0.652000,5.655423,35918.605265,5.444295,15.690361,8.621845,2025-10-13 03:26:23
4167,10,30000,1500,0.622000,5.638224,35924.243489,5.444295,15.690361,8.621129,2025-10-13 03:26:29
4168,10,30000,1500,0.622000,5.624429,35929.867918,5.444295,15.690361,8.620410,2025-10-13 03:26:35
4169,10,30000,1500,0.639333,5.644483,35935.512401,5.444295,15.690361,8.619696,2025-10-13 03:26:40
4170,10,30000,1500,0.604000,5.625818,35941.138219,5.444295,15.690361,8.618978,2025-10-13 03:26:46
4171,10,30000,1500,0.570000,5.308793,35946.447012,5.308793,15.690361,8.618184,2025-10-13 03:26:51
4172,10,30000,1500,0.738000,5.884302,35952.331314,5.308793,15.690361,8.617529,2025-10-13 03:26:57
4173,10,30000,1500,0.692667,5.638289,35957.969603,5.308793,15.690361,8.616815,2025-10-13 03:27:03
4174,10,30000,1500,0.720667,5.711991,35963.681595,5.308793,15.690361,8.616119,2025-10-13 03:27:08
4175,10,30000,1500,0.754667,5.694072,35969.375667,5.308793,15.690361,8.615419,2025-10-13 03:27:14
4176,10,30000,1500,0.703333,5.679530,35975.055197,5.308793,15.690361,8.614716,2025-10-13 03:27:20
4177,10,30000,1500,0.697333,5.625113,35980.680310,5.308793,15.690361,8.614001,2025-10-13 03:27:26
4178,10,30000,1500,0.650000,5.646953,35986.327263,5.308793,15.690361,8.613290,2025-10-13 03:27:31
4179,10,30000,1500,0.666000,5.579000,35991.906263,5.308793,15.690361,8.612564,2025-10-13 03:27:37
4180,10,30000,1500,0.702000,6.011643,35997.917906,5.308793,15.690361,8.611942,2025-10-13 03:27:43
4181,10,30000,1500,0.661333,5.942765,36003.860670,5.308793,15.690361,8.611304,2025-10-13 03:27:49
4182,10,30000,1500,0.626667,5.762491,36009.623162,5.308793,15.690361,8.610622,2025-10-13 03:27:54
4183,10,30000,1500,0.691333,5.552370,36015.175532,5.308793,15.690361,8.609891,2025-10-13 03:28:00
4184,10,30000,1500,0.689333,5.659683,36020.835214,5.308793,15.690361,8.609186,2025-10-13 03:28:06
4185,10,30000,1500,0.626000,5.724880,36026.560095,5.308793,15.690361,8.608497,2025-10-13 03:28:11
4186,10,30000,1500,0.607333,5.786085,36032.346180,5.308793,15.690361,8.607823,2025-10-13 03:28:17
4187,10,30000,1500,0.584667,5.611994,36037.958173,5.308793,15.690361,8.607107,2025-10-13 03:28:23
4188,10,30000,1500,0.600667,5.643642,36043.601815,5.308793,15.690361,8.606400,2025-10-13 03:28:28
4189,10,30000,1500,0.656000,5.554070,36049.155885,5.308793,15.690361,8.605671,2025-10-13 03:28:34
4190,10,30000,1500,0.618000,5.602143,36054.758027,5.308793,15.690361,8.604954,2025-10-13 03:28:40
4191,10,30000,1500,0.622000,5.615261,36060.373288,5.308793,15.690361,8.604241,2025-10-13 03:28:45
4192,10,30000,1500,0.728000,5.655583,36066.028872,5.308793,15.690361,8.603537,2025-10-13 03:28:51
4193,10,30000,1500,0.698667,5.563884,36071.592755,5.308793,15.690361,8.602812,2025-10-13 03:28:56
4194,10,30000,1500,0.730000,5.684831,36077.277586,5.308793,15.690361,8.602117,2025-10-13 03:29:02
4195,10,30000,1500,0.780000,5.584759,36082.862345,5.308793,15.690361,8.601397,2025-10-13 03:29:08
4196,10,30000,1500,0.714667,5.595039,36088.457383,5.308793,15.690361,8.600681,2025-10-13 03:29:13
4197,10,30000,1500,0.782667,5.642003,36094.099386,5.308793,15.690361,8.599976,2025-10-13 03:29:19
4198,10,30000,1500,0.676667,5.616438,36099.715824,5.308793,15.690361,8.599265,2025-10-13 03:29:25
4199,10,30000,1500,0.734000,5.595510,36105.311333,5.308793,15.690361,8.598550,2025-10-13 03:29:30
4200,10,30000,1500,0.744000,5.638510,36110.949843,5.308793,15.690361,8.597845,2025-10-13 03:29:36
4201,10,30000,1500,0.786667,5.435300,36116.385143,5.308793,15.690361,8.597092,2025-10-13 03:29:41
4202,10,30000,1500,0.620000,5.646125,36122.031269,5.308793,15.690361,8.596390,2025-10-13 03:29:47
4203,10,30000,1500,0.620000,5.649385,36127.680653,5.308793,15.690361,8.595689,2025-10-13 03:29:53
4204,10,30000,1500,0.616000,5.573455,36133.254108,5.308793,15.690361,8.594970,2025-10-13 03:29:58
4205,10,30000,1500,0.663333,5.657722,36138.911830,5.308793,15.690361,8.594272,2025-10-13 03:30:04
4206,10,30000,1500,0.610667,5.635768,36144.547599,5.308793,15.690361,8.593568,2025-10-13 03:30:09
4207,10,30000,1500,0.621333,5.580444,36150.128043,5.308793,15.690361,8.592852,2025-10-13 03:30:15
4208,10,30000,1500,0.589333,5.739942,36155.867985,5.308793,15.690361,8.592174,2025-10-13 03:30:21
4209,10,30000,1500,0.584000,5.682768,36161.550753,5.308793,15.690361,8.591483,2025-10-13 03:30:26
4210,10,30000,1500,0.639333,5.653080,36167.203832,5.308793,15.690361,8.590785,2025-10-13 03:30:32
4211,10,30000,1500,0.588000,5.821825,36173.025657,5.308793,15.690361,8.590127,2025-10-13 03:30:38
4212,10,30000,1500,0.706667,5.836210,36178.861867,5.308793,15.690361,8.589473,2025-10-13 03:30:44
4213,10,30000,1500,0.731333,5.747923,36184.609790,5.308793,15.690361,8.588799,2025-10-13 03:30:50
4214,10,30000,1500,0.789333,5.863817,36190.473608,5.308793,15.690361,8.588152,2025-10-13 03:30:55
4215,10,30000,1500,0.784667,5.570072,36196.043679,5.308793,15.690361,8.587436,2025-10-13 03:31:01
4216,10,30000,1500,0.742667,5.573504,36201.617183,5.308793,15.690361,8.586721,2025-10-13 03:31:07
4217,10,30000,1500,0.618000,5.648877,36207.266060,5.308793,15.690361,8.586025,2025-10-13 03:31:12
4218,10,30000,1500,0.676000,5.629415,36212.895475,5.308793,15.690361,8.585324,2025-10-13 03:31:18
4219,10,30000,1500,0.648000,5.512057,36218.407532,5.308793,15.690361,8.584595,2025-10-13 03:31:23
4220,10,30000,1500,0.611333,5.888338,36224.295870,5.308793,15.690361,8.583956,2025-10-13 03:31:29
4221,10,30000,1500,0.648667,5.828125,36230.123996,5.308793,15.690361,8.583303,2025-10-13 03:31:35
4222,10,30000,1500,0.579333,5.743474,36235.867470,5.308793,15.690361,8.582631,2025-10-13 03:31:41
4223,10,30000,1500,0.607333,5.633063,36241.500532,5.308793,15.690361,8.581932,2025-10-13 03:31:46
4224,10,30000,1500,0.648667,5.678780,36247.179313,5.308793,15.690361,8.581245,2025-10-13 03:31:52
4225,10,30000,1500,0.635333,5.542896,36252.722208,5.308793,15.690361,8.580526,2025-10-13 03:31:58
4226,10,30000,1500,0.586000,5.607531,36258.329740,5.308793,15.690361,8.579822,2025-10-13 03:32:03
4227,10,30000,1500,0.692667,5.774494,36264.104234,5.308793,15.690361,8.579159,2025-10-13 03:32:09
4228,10,30000,1500,0.638000,5.942580,36270.046814,5.308793,15.690361,8.578535,2025-10-13 03:32:15
4229,10,30000,1500,0.700667,5.785611,36275.832425,5.308793,15.690361,8.577875,2025-10-13 03:32:21
4230,10,30000,1500,0.706000,5.811021,36281.643446,5.308793,15.690361,8.577221,2025-10-13 03:32:27
4231,10,30000,1500,0.648000,5.592219,36287.235665,5.308793,15.690361,8.576515,2025-10-13 03:32:32
4232,10,30000,1500,0.690000,5.759739,36292.995404,5.308793,15.690361,8.575850,2025-10-13 03:32:38
4233,10,30000,1500,0.635333,5.648787,36298.644191,5.308793,15.690361,8.575158,2025-10-13 03:32:44
4234,10,30000,1500,0.695333,5.599015,36304.243207,5.308793,15.690361,8.574455,2025-10-13 03:32:49
4235,10,30000,1500,0.681333,5.711343,36309.954550,5.308793,15.690361,8.573779,2025-10-13 03:32:55
4236,10,30000,1500,0.674667,5.734270,36315.688819,5.308793,15.690361,8.573109,2025-10-13 03:33:01
4237,10,30000,1500,0.603333,5.615815,36321.304635,5.308793,15.690361,8.572411,2025-10-13 03:33:06
4238,10,30000,1500,0.594000,5.589218,36326.893852,5.308793,15.690361,8.571707,2025-10-13 03:33:12
4239,10,30000,1500,0.556000,5.683458,36332.577311,5.308793,15.690361,8.571026,2025-10-13 03:33:18
4240,10,30000,1500,0.613333,5.817100,36338.394411,5.308793,15.690361,8.570376,2025-10-13 03:33:23
4241,10,30000,1500,0.593333,5.717149,36344.111560,5.308793,15.690361,8.569703,2025-10-13 03:33:29
4242,10,30000,1500,0.538000,5.698177,36349.809737,5.308793,15.690361,8.569026,2025-10-13 03:33:35
4243,10,30000,1500,0.577333,5.576323,36355.386059,5.308793,15.690361,8.568321,2025-10-13 03:33:40
4244,10,30000,1500,0.603333,5.625166,36361.011226,5.308793,15.690361,8.567628,2025-10-13 03:33:46
4245,10,30000,1500,0.562000,5.780293,36366.791519,5.308793,15.690361,8.566971,2025-10-13 03:33:52
4246,10,30000,1500,0.580667,5.888659,36372.680178,5.308793,15.690361,8.566340,2025-10-13 03:33:58
4247,10,30000,1500,0.635333,5.654897,36378.335075,5.308793,15.690361,8.565655,2025-10-13 03:34:03
4248,10,30000,1500,0.650000,5.636515,36383.971590,5.308793,15.690361,8.564965,2025-10-13 03:34:09
4249,10,30000,1500,0.661333,5.629977,36389.601567,5.308793,15.690361,8.564274,2025-10-13 03:34:15
4250,10,30000,1500,0.652000,5.631188,36395.232755,5.308793,15.690361,8.563584,2025-10-13 03:34:20
4251,10,30000,1500,0.642667,5.601199,36400.833953,5.308793,15.690361,8.562887,2025-10-13 03:34:26
4252,10,30000,1500,0.586667,5.606385,36406.440338,5.308793,15.690361,8.562192,2025-10-13 03:34:31
4253,10,30000,1500,0.574000,5.697062,36412.137400,5.308793,15.690361,8.561518,2025-10-13 03:34:37
4254,10,30000,1500,0.552000,5.571822,36417.709222,5.308793,15.690361,8.560816,2025-10-13 03:34:43
4255,10,30000,1500,0.655333,5.648614,36423.357836,5.308793,15.690361,8.560131,2025-10-13 03:34:48
4256,10,30000,1500,0.605333,5.800540,36429.158376,5.308793,15.690361,8.559483,2025-10-13 03:34:54
4257,10,30000,1500,0.612667,5.641771,36434.800147,5.308793,15.690361,8.558797,2025-10-13 03:35:00
4258,10,30000,1500,0.568000,5.674767,36440.474914,5.308793,15.690361,8.558120,2025-10-13 03:35:05
4259,10,30000,1500,0.605333,5.502968,36445.977882,5.308793,15.690361,8.557403,2025-10-13 03:35:11
4260,10,30000,1500,0.613333,5.753018,36451.730900,5.308793,15.690361,8.556744,2025-10-13 03:35:17
4261,10,30000,1500,0.632000,5.549080,36457.279980,5.308793,15.690361,8.556038,2025-10-13 03:35:22
4262,10,30000,1500,0.652000,5.704720,36462.984701,5.308793,15.690361,8.555369,2025-10-13 03:35:28
4263,10,30000,1500,0.670667,5.751612,36468.736313,5.308793,15.690361,8.554712,2025-10-13 03:35:34
4264,10,30000,1500,0.712667,5.920986,36474.657299,5.308793,15.690361,8.554094,2025-10-13 03:35:40
4265,10,30000,1500,0.710667,5.657310,36480.314608,5.308793,15.690361,8.553415,2025-10-13 03:35:45
4266,10,30000,1500,0.717333,5.783371,36486.097979,5.308793,15.690361,8.552766,2025-10-13 03:35:51
4267,10,30000,1500,0.566000,5.551733,36491.649712,5.308793,15.690361,8.552062,2025-10-13 03:35:57
4268,10,30000,1500,0.560000,5.812425,36497.462137,5.308793,15.690361,8.551420,2025-10-13 03:36:03
4269,10,30000,1500,0.605333,5.617429,36503.079566,5.308793,15.690361,8.550733,2025-10-13 03:36:08
4270,10,30000,1500,0.595333,5.796223,36508.875788,5.308793,15.690361,8.550088,2025-10-13 03:36:14
4271,10,30000,1500,0.604000,5.785049,36514.660837,5.308793,15.690361,8.549441,2025-10-13 03:36:20
4272,10,30000,1500,0.697333,5.670101,36520.330939,5.308793,15.690361,8.548767,2025-10-13 03:36:25
4273,10,30000,1500,0.634667,5.481606,36525.812545,5.308793,15.690361,8.548049,2025-10-13 03:36:31
4274,10,30000,1500,0.662000,5.641313,36531.453859,5.308793,15.690361,8.547369,2025-10-13 03:36:37
4275,10,30000,1500,0.640000,5.758337,36537.212195,5.308793,15.690361,8.546716,2025-10-13 03:36:42
4276,10,30000,1500,0.610000,5.774178,36542.986373,5.308793,15.690361,8.546068,2025-10-13 03:36:48
4277,10,30000,1500,0.639333,5.684204,36548.670578,5.308793,15.690361,8.545399,2025-10-13 03:36:54
4278,10,30000,1500,0.578667,5.807303,36554.477881,5.308793,15.690361,8.544759,2025-10-13 03:37:00
4279,10,30000,1500,0.646000,5.490891,36559.968772,5.308793,15.690361,8.544045,2025-10-13 03:37:05
4280,10,30000,1500,0.640667,5.646155,36565.614927,5.308793,15.690361,8.543368,2025-10-13 03:37:11
4281,10,30000,1500,0.628000,5.597021,36571.211948,5.308793,15.690361,8.542680,2025-10-13 03:37:16
4282,10,30000,1500,0.617333,5.647521,36576.859469,5.308793,15.690361,8.542004,2025-10-13 03:37:22
4283,10,30000,1500,0.719333,5.672999,36582.532468,5.308793,15.690361,8.541334,2025-10-13 03:37:28
4284,10,30000,1500,0.683333,5.795909,36588.328378,5.308793,15.690361,8.540693,2025-10-13 03:37:33
4285,10,30000,1500,0.779333,5.807519,36594.135896,5.308793,15.690361,8.540055,2025-10-13 03:37:39
4286,10,30000,1500,0.716000,5.618042,36599.753938,5.308793,15.690361,8.539373,2025-10-13 03:37:45
4287,10,30000,1500,0.728000,5.584280,36605.338219,5.308793,15.690361,8.538684,2025-10-13 03:37:50
4288,10,30000,1500,0.761333,5.680975,36611.019194,5.308793,15.690361,8.538018,2025-10-13 03:37:56
4289,10,30000,1500,0.690667,5.630609,36616.649802,5.308793,15.690361,8.537340,2025-10-13 03:38:02
4290,10,30000,1500,0.780000,5.547103,36622.196906,5.308793,15.690361,8.536643,2025-10-13 03:38:07
4291,10,30000,1500,0.767333,5.514820,36627.711726,5.308793,15.690361,8.535938,2025-10-13 03:38:13
4292,10,30000,1500,0.753333,5.615592,36633.327318,5.308793,15.690361,8.535258,2025-10-13 03:38:18
4293,10,30000,1500,0.646000,5.821480,36639.148798,5.308793,15.690361,8.534626,2025-10-13 03:38:24
4294,10,30000,1500,0.608667,5.734464,36644.883262,5.308793,15.690361,8.533974,2025-10-13 03:38:30
4295,10,30000,1500,0.649333,5.634676,36650.517939,5.308793,15.690361,8.533299,2025-10-13 03:38:36
4296,10,30000,1500,0.633333,5.698405,36656.216343,5.308793,15.690361,8.532639,2025-10-13 03:38:41
4297,10,30000,1500,0.602000,5.629860,36661.846203,5.308793,15.690361,8.531963,2025-10-13 03:38:47
4298,10,30000,1500,0.596000,5.597281,36667.443485,5.308793,15.690361,8.531280,2025-10-13 03:38:53
4299,10,30000,1500,0.588000,5.674197,36673.117682,5.308793,15.690361,8.530616,2025-10-13 03:38:58
4300,10,30000,1500,0.629333,5.839394,36678.957076,5.308793,15.690361,8.529990,2025-10-13 03:39:04
4301,10,30000,1500,0.655333,5.715483,36684.672559,5.308793,15.690361,8.529336,2025-10-13 03:39:10
4302,10,30000,1500,0.590000,5.789353,36690.461912,5.308793,15.690361,8.528699,2025-10-13 03:39:16
4303,10,30000,1500,0.702000,5.422677,36695.884589,5.308793,15.690361,8.527977,2025-10-13 03:39:21
4304,10,30000,1500,0.787333,5.640609,36701.525198,5.308793,15.690361,8.527306,2025-10-13 03:39:27
4305,10,30000,1500,0.790000,5.541557,36707.066755,5.308793,15.690361,8.526612,2025-10-13 03:39:32
4306,10,30000,1500,0.761333,5.861808,36712.928563,5.308793,15.690361,8.525994,2025-10-13 03:39:38
4307,10,30000,1500,0.755333,5.688486,36718.617049,5.308793,15.690361,8.525335,2025-10-13 03:39:44
4308,10,30000,1500,0.615333,5.674497,36724.291546,5.308793,15.690361,8.524673,2025-10-13 03:39:49
4309,10,30000,1500,0.580667,5.613098,36729.904644,5.308793,15.690361,8.523997,2025-10-13 03:39:55
4310,10,30000,1500,0.648000,5.815498,36735.720142,5.308793,15.690361,8.523369,2025-10-13 03:40:01
4311,10,30000,1500,0.668667,5.656360,36741.376502,5.308793,15.690361,8.522704,2025-10-13 03:40:07
4312,10,30000,1500,0.639333,5.581481,36746.957983,5.308793,15.690361,8.522022,2025-10-13 03:40:12
4313,10,30000,1500,0.688667,5.649185,36752.607168,5.308793,15.690361,8.521356,2025-10-13 03:40:18
4314,10,30000,1500,0.590000,5.614767,36758.221936,5.308793,15.690361,8.520682,2025-10-13 03:40:23
4315,10,30000,1500,0.665333,5.589338,36763.811274,5.308793,15.690361,8.520003,2025-10-13 03:40:29
4316,10,30000,1500,0.666667,5.747812,36769.559086,5.308793,15.690361,8.519360,2025-10-13 03:40:35
4317,10,30000,1500,0.682667,5.630681,36775.189767,5.308793,15.690361,8.518691,2025-10-13 03:40:40
4318,10,30000,1500,0.730667,5.774210,36780.963977,5.308793,15.690361,8.518056,2025-10-13 03:40:46
4319,10,30000,1500,0.788667,5.641254,36786.605230,5.308793,15.690361,8.517389,2025-10-13 03:40:52
4320,10,30000,1500,0.838667,5.599707,36792.204938,5.308793,15.690361,8.516714,2025-10-13 03:40:57
4321,10,30000,1500,0.818667,5.582299,36797.787236,5.308793,15.690361,8.516035,2025-10-13 03:41:03
4322,10,30000,1500,0.838000,5.830829,36803.618065,5.308793,15.690361,8.515414,2025-10-13 03:41:09
4323,10,30000,1500,0.598000,5.576201,36809.194266,5.308793,15.690361,8.514734,2025-10-13 03:41:14
4324,10,30000,1500,0.651333,5.645309,36814.839575,5.308793,15.690361,8.514070,2025-10-13 03:41:20
4325,10,30000,1500,0.698000,5.658803,36820.498378,5.308793,15.690361,8.513410,2025-10-13 03:41:26
4326,10,30000,1500,0.661333,5.728947,36826.227324,5.308793,15.690361,8.512766,2025-10-13 03:41:31
4327,10,30000,1500,0.673333,5.646524,36831.873848,5.308793,15.690361,8.512104,2025-10-13 03:41:37
4328,10,30000,1500,0.860667,5.833850,36837.707698,5.308793,15.690361,8.511485,2025-10-13 03:41:43
4329,10,30000,1500,0.623333,5.646372,36843.354070,5.308793,15.690361,8.510823,2025-10-13 03:41:49
4330,10,30000,1500,0.564000,5.794214,36849.148284,5.308793,15.690361,8.510196,2025-10-13 03:41:54
4331,10,30000,1500,0.612000,5.594496,36854.742780,5.308793,15.690361,8.509523,2025-10-13 03:42:00
4332,10,30000,1500,0.628000,5.805281,36860.548060,5.308793,15.690361,8.508898,2025-10-13 03:42:06
4333,10,30000,1500,0.612000,5.551387,36866.099447,5.308793,15.690361,8.508216,2025-10-13 03:42:11
4334,10,30000,1500,0.614667,5.895765,36871.995212,5.308793,15.690361,8.507613,2025-10-13 03:42:17
4335,10,30000,1500,0.582000,5.746412,36877.741624,5.308793,15.690361,8.506976,2025-10-13 03:42:23
4336,10,30000,1500,0.664667,5.698171,36883.439795,5.308793,15.690361,8.506328,2025-10-13 03:42:29
4337,10,30000,1500,0.651333,5.791566,36889.231361,5.308793,15.690361,8.505702,2025-10-13 03:42:34
4338,10,30000,1500,0.642000,5.715831,36894.947192,5.308793,15.690361,8.505059,2025-10-13 03:42:40
4339,10,30000,1500,0.658000,5.541349,36900.488542,5.308793,15.690361,8.504376,2025-10-13 03:42:46
4340,10,30000,1500,0.747333,5.693010,36906.181551,5.308793,15.690361,8.503728,2025-10-13 03:42:51
4341,10,30000,1500,0.760667,5.707073,36911.888624,5.308793,15.690361,8.503084,2025-10-13 03:42:57
4342,10,30000,1500,0.719333,5.633092,36917.521716,5.308793,15.690361,8.502423,2025-10-13 03:43:03
4343,10,30000,1500,0.764000,5.728898,36923.250615,5.308793,15.690361,8.501785,2025-10-13 03:43:08
4344,10,30000,1500,0.561333,5.851127,36929.101742,5.308793,15.690361,8.501174,2025-10-13 03:43:14
4345,10,30000,1500,0.597333,5.512972,36934.614714,5.308793,15.690361,8.500487,2025-10-13 03:43:20
4346,10,30000,1500,0.594667,5.707430,36940.322144,5.308793,15.690361,8.499844,2025-10-13 03:43:26
4347,10,30000,1500,0.580000,5.694054,36946.016198,5.308793,15.690361,8.499199,2025-10-13 03:43:31
4348,10,30000,1500,0.648667,5.723945,36951.740143,5.308793,15.690361,8.498560,2025-10-13 03:43:37
4349,10,30000,1500,0.753333,5.916545,36957.656687,5.308793,15.690361,8.497967,2025-10-13 03:43:43
4350,10,30000,1500,0.555333,5.931756,36963.588444,5.308793,15.690361,8.497377,2025-10-13 03:43:49
4351,10,30000,1500,0.622667,5.627460,36969.215904,5.308793,15.690361,8.496717,2025-10-13 03:43:54
4352,10,30000,1500,0.646000,5.641870,36974.857774,5.308793,15.690361,8.496061,2025-10-13 03:44:00
4353,10,30000,1500,0.664000,5.627984,36980.485759,5.308793,15.690361,8.495402,2025-10-13 03:44:06
4354,10,30000,1500,0.685333,5.654600,36986.140359,5.308793,15.690361,8.494750,2025-10-13 03:44:11
4355,10,30000,1500,0.780667,5.677977,36991.818335,5.308793,15.690361,8.494103,2025-10-13 03:44:17
4356,10,30000,1500,0.648000,5.933049,36997.751385,5.308793,15.690361,8.493515,2025-10-13 03:44:23
4357,10,30000,1500,0.737333,5.720675,37003.472059,5.308793,15.690361,8.492879,2025-10-13 03:44:29
4358,10,30000,1500,0.681333,5.649265,37009.121324,5.308793,15.690361,8.492226,2025-10-13 03:44:34
4359,10,30000,1500,0.687333,5.627068,37014.748392,5.308793,15.690361,8.491569,2025-10-13 03:44:40
4360,10,30000,1500,0.649333,5.643167,37020.391559,5.308793,15.690361,8.490915,2025-10-13 03:44:46
4361,10,30000,1500,0.649333,5.588190,37025.979749,5.308793,15.690361,8.490250,2025-10-13 03:44:51
4362,10,30000,1500,0.582000,5.708864,37031.688613,5.308793,15.690361,8.489612,2025-10-13 03:44:57
4363,10,30000,1500,0.756000,5.655165,37037.343778,5.308793,15.690361,8.488963,2025-10-13 03:45:03
4364,10,30000,1500,0.720667,5.639249,37042.983027,5.308793,15.690361,8.488310,2025-10-13 03:45:08
4365,10,30000,1500,0.720667,5.715448,37048.698476,5.308793,15.690361,8.487674,2025-10-13 03:45:14
4366,10,30000,1500,0.669333,5.681969,37054.380445,5.308793,15.690361,8.487032,2025-10-13 03:45:20
4367,10,30000,1500,0.635333,5.622797,37060.003242,5.308793,15.690361,8.486376,2025-10-13 03:45:25
4368,10,30000,1500,0.722000,5.892878,37065.896119,5.308793,15.690361,8.485782,2025-10-13 03:45:31
4369,10,30000,1500,0.686667,5.605819,37071.501938,5.308793,15.690361,8.485123,2025-10-13 03:45:37
4370,10,30000,1500,0.698667,5.545769,37077.047707,5.308793,15.690361,8.484450,2025-10-13 03:45:42
4371,10,30000,1500,0.606667,5.571723,37082.619430,5.308793,15.690361,8.483784,2025-10-13 03:45:48
4372,10,30000,1500,0.668000,5.912938,37088.532368,5.308793,15.690361,8.483196,2025-10-13 03:45:54
4373,10,30000,1500,0.618667,5.682060,37094.214429,5.308793,15.690361,8.482555,2025-10-13 03:46:00
4374,10,30000,1500,0.652000,5.653619,37099.868048,5.308793,15.690361,8.481909,2025-10-13 03:46:05
4375,10,30000,1500,0.643333,5.683963,37105.552011,5.308793,15.690361,8.481269,2025-10-13 03:46:11
4376,10,30000,1500,0.559333,5.685738,37111.237749,5.308793,15.690361,8.480630,2025-10-13 03:46:17
4377,10,30000,1500,0.597333,5.649910,37116.887659,5.308793,15.690361,8.479983,2025-10-13 03:46:22
4378,10,30000,1500,0.695333,5.695929,37122.583588,5.308793,15.690361,8.479348,2025-10-13 03:46:28
4379,10,30000,1500,0.696000,5.675794,37128.259382,5.308793,15.690361,8.478707,2025-10-13 03:46:34
4380,10,30000,1500,0.673333,5.623443,37133.882825,5.308793,15.690361,8.478055,2025-10-13 03:46:39
4381,10,30000,1500,0.698000,5.563384,37139.446209,5.308793,15.690361,8.477390,2025-10-13 03:46:45
4382,10,30000,1500,0.588667,5.665916,37145.112125,5.308793,15.690361,8.476749,2025-10-13 03:46:50
4383,10,30000,1500,0.648000,5.589205,37150.701330,5.308793,15.690361,8.476090,2025-10-13 03:46:56
4384,10,30000,1500,0.626000,5.628246,37156.329576,5.308793,15.690361,8.475440,2025-10-13 03:47:02
4385,10,30000,1500,0.672000,5.854103,37162.183680,5.308793,15.690361,8.474842,2025-10-13 03:47:08
4386,10,30000,1500,0.575333,5.560052,37167.743732,5.308793,15.690361,8.474178,2025-10-13 03:47:13
4387,10,30000,1500,0.584000,5.544907,37173.288639,5.308793,15.690361,8.473510,2025-10-13 03:47:19
4388,10,30000,1500,0.612667,5.696305,37178.984944,5.308793,15.690361,8.472877,2025-10-13 03:47:24
4389,10,30000,1500,0.614000,5.708139,37184.693083,5.308793,15.690361,8.472247,2025-10-13 03:47:30
4390,10,30000,1500,0.600667,5.792992,37190.486074,5.308793,15.690361,8.471637,2025-10-13 03:47:36
4391,10,30000,1500,0.526000,5.662023,37196.148097,5.308793,15.690361,8.470997,2025-10-13 03:47:42
4392,10,30000,1500,0.622000,5.558935,37201.707033,5.308793,15.690361,8.470334,2025-10-13 03:47:47
4393,10,30000,1500,0.705333,5.582685,37207.289718,5.308793,15.690361,8.469677,2025-10-13 03:47:53
4394,10,30000,1500,0.686000,5.603088,37212.892806,5.308793,15.690361,8.469024,2025-10-13 03:47:58
4395,10,30000,1500,0.734667,5.752087,37218.644892,5.308793,15.690361,8.468406,2025-10-13 03:48:04
4396,10,30000,1500,0.607333,5.658850,37224.303742,5.308793,15.690361,8.467767,2025-10-13 03:48:10
4397,10,30000,1500,0.652667,5.523048,37229.826790,5.308793,15.690361,8.467097,2025-10-13 03:48:15
4398,10,30000,1500,0.636667,5.769817,37235.596607,5.308793,15.690361,8.466484,2025-10-13 03:48:21
4399,10,30000,1500,0.592667,5.735104,37241.331712,5.308793,15.690361,8.465863,2025-10-13 03:48:27
4400,10,30000,1500,0.676000,5.727749,37247.059461,5.308793,15.690361,8.465241,2025-10-13 03:48:32
4401,10,30000,1500,0.582000,5.668515,37252.727976,5.308793,15.690361,8.464605,2025-10-13 03:48:38
4402,10,30000,1500,0.607333,5.861758,37258.589734,5.308793,15.690361,8.464014,2025-10-13 03:48:44
4403,10,30000,1500,0.647333,5.566580,37264.156314,5.308793,15.690361,8.463356,2025-10-13 03:48:50
4404,10,30000,1500,0.676000,5.650962,37269.807276,5.308793,15.690361,8.462717,2025-10-13 03:48:55
4405,10,30000,1500,0.645333,5.539838,37275.347114,5.308793,15.690361,8.462054,2025-10-13 03:49:01
4406,10,30000,1500,0.664000,5.538881,37280.885995,5.308793,15.690361,8.461390,2025-10-13 03:49:06
4407,10,30000,1500,0.572000,5.620313,37286.506307,5.308793,15.690361,8.460746,2025-10-13 03:49:12
4408,10,30000,1500,0.654000,5.575911,37292.082218,5.308793,15.690361,8.460091,2025-10-13 03:49:17
4409,10,30000,1500,0.594000,5.706747,37297.788966,5.308793,15.690361,8.459467,2025-10-13 03:49:23
4410,10,30000,1500,0.597333,5.633989,37303.422955,5.308793,15.690361,8.458826,2025-10-13 03:49:29
4411,10,30000,1500,0.661333,5.503822,37308.926777,5.308793,15.690361,8.458156,2025-10-13 03:49:34
4412,10,30000,1500,0.606000,5.809842,37314.736618,5.308793,15.690361,8.457556,2025-10-13 03:49:40
4413,10,30000,1500,0.738000,5.643861,37320.380479,5.308793,15.690361,8.456918,2025-10-13 03:49:46
4414,10,30000,1500,0.780000,5.686903,37326.067382,5.308793,15.690361,8.456291,2025-10-13 03:49:51
4415,10,30000,1500,0.743333,5.597912,37331.665293,5.308793,15.690361,8.455643,2025-10-13 03:49:57
4416,10,30000,1500,0.722000,5.563430,37337.228723,5.308793,15.690361,8.454988,2025-10-13 03:50:03
4417,10,30000,1500,0.660000,5.470114,37342.698837,5.308793,15.690361,8.454313,2025-10-13 03:50:08
4418,10,30000,1500,0.677333,5.653171,37348.352008,5.308793,15.690361,8.453679,2025-10-13 03:50:14
4419,10,30000,1500,0.646667,5.633307,37353.985315,5.308793,15.690361,8.453040,2025-10-13 03:50:19
4420,10,30000,1500,0.670667,5.705184,37359.690499,5.308793,15.690361,8.452419,2025-10-13 03:50:25
4421,10,30000,1500,0.573333,5.651536,37365.342035,5.308793,15.690361,8.451785,2025-10-13 03:50:31
4422,10,30000,1500,0.658000,5.613546,37370.955581,5.308793,15.690361,8.451143,2025-10-13 03:50:36
4423,10,30000,1500,0.634000,5.553527,37376.509108,5.308793,15.690361,8.450488,2025-10-13 03:50:42
4424,10,30000,1500,0.658667,5.682338,37382.191446,5.308793,15.690361,8.449862,2025-10-13 03:50:48
4425,10,30000,1500,0.621333,5.599610,37387.791056,5.308793,15.690361,8.449218,2025-10-13 03:50:53
4426,10,30000,1500,0.546000,5.651027,37393.442083,5.308793,15.690361,8.448586,2025-10-13 03:50:59
4427,10,30000,1500,0.611333,5.733847,37399.175930,5.308793,15.690361,8.447973,2025-10-13 03:51:05
4428,10,30000,1500,0.772667,5.589146,37404.765076,5.308793,15.690361,8.447327,2025-10-13 03:51:10
4429,10,30000,1500,0.742000,5.467023,37410.232099,5.308793,15.690361,8.446654,2025-10-13 03:51:16
4430,10,30000,1500,0.732000,5.889032,37416.121131,5.308793,15.690361,8.446077,2025-10-13 03:51:22
4431,10,30000,1500,0.642667,5.813128,37421.934259,5.308793,15.690361,8.445483,2025-10-13 03:51:27
4432,10,30000,1500,0.739333,5.797697,37427.731956,5.308793,15.690361,8.444885,2025-10-13 03:51:33
4433,10,30000,1500,0.697333,5.678298,37433.410254,5.308793,15.690361,8.444261,2025-10-13 03:51:39
4434,10,30000,1500,0.673333,5.647283,37439.057537,5.308793,15.690361,8.443630,2025-10-13 03:51:45
4435,10,30000,1500,0.702000,5.714528,37444.772065,5.308793,15.690361,8.443015,2025-10-13 03:51:50
4436,10,30000,1500,0.649333,5.826410,37450.598475,5.308793,15.690361,8.442425,2025-10-13 03:51:56
4437,10,30000,1500,0.630000,5.775445,37456.373920,5.308793,15.690361,8.441824,2025-10-13 03:52:02
4438,10,30000,1500,0.671333,5.674054,37462.047974,5.308793,15.690361,8.441201,2025-10-13 03:52:08
4439,10,30000,1500,0.675333,5.579377,37467.627351,5.308793,15.690361,8.440556,2025-10-13 03:52:13
4440,10,30000,1500,0.626667,5.647684,37473.275035,5.308793,15.690361,8.439927,2025-10-13 03:52:19
4441,10,30000,1500,0.642667,5.525008,37478.800043,5.308793,15.690361,8.439270,2025-10-13 03:52:24
4442,10,30000,1500,0.542667,5.560730,37484.360773,5.308793,15.690361,8.438622,2025-10-13 03:52:30
4443,10,30000,1500,0.593333,5.694848,37490.055620,5.308793,15.690361,8.438005,2025-10-13 03:52:36
4444,10,30000,1500,0.612667,5.594702,37495.650322,5.308793,15.690361,8.437365,2025-10-13 03:52:41
4445,10,30000,1500,0.624667,5.654769,37501.305091,5.308793,15.690361,8.436739,2025-10-13 03:52:47
4446,10,30000,1500,0.638667,5.664509,37506.969600,5.308793,15.690361,8.436116,2025-10-13 03:52:52
4447,10,30000,1500,0.560000,5.486743,37512.456343,5.308793,15.690361,8.435452,2025-10-13 03:52:58
4448,10,30000,1500,0.694000,5.646500,37518.102843,5.308793,15.690361,8.434825,2025-10-13 03:53:04
4449,10,30000,1500,0.670667,5.648011,37523.750854,5.308793,15.690361,8.434199,2025-10-13 03:53:09
4450,10,30000,1500,0.725333,5.615714,37529.366568,5.308793,15.690361,8.433566,2025-10-13 03:53:15
4451,10,30000,1500,0.597333,5.684999,37535.051567,5.308793,15.690361,8.432948,2025-10-13 03:53:21
4452,10,30000,1500,0.679333,5.838995,37540.890562,5.308793,15.690361,8.432365,2025-10-13 03:53:26
4453,10,30000,1500,0.673333,5.654875,37546.545437,5.308793,15.690361,8.431742,2025-10-13 03:53:32
4454,10,30000,1500,0.650667,5.664421,37552.209858,5.308793,15.690361,8.431120,2025-10-13 03:53:38
4455,10,30000,1500,0.677333,5.841424,37558.051282,5.308793,15.690361,8.430539,2025-10-13 03:53:44
4456,10,30000,1500,0.589333,5.780830,37563.832112,5.308793,15.690361,8.429944,2025-10-13 03:53:49
4457,10,30000,1500,0.626000,5.616041,37569.448152,5.308793,15.690361,8.429313,2025-10-13 03:53:55
4458,10,30000,1500,0.601333,5.615162,37575.063314,5.308793,15.690361,8.428682,2025-10-13 03:54:01
4459,10,30000,1500,0.638000,5.566670,37580.629984,5.308793,15.690361,8.428040,2025-10-13 03:54:06
4460,10,30000,1500,0.612000,5.629718,37586.259702,5.308793,15.690361,8.427412,2025-10-13 03:54:12
4461,10,30000,1500,0.632667,5.604947,37591.864649,5.308793,15.690361,8.426780,2025-10-13 03:54:17
4462,10,30000,1500,0.526667,5.728974,37597.593623,5.308793,15.690361,8.426175,2025-10-13 03:54:23
4463,10,30000,1500,0.613333,5.770260,37603.363883,5.308793,15.690361,8.425580,2025-10-13 03:54:29
4464,10,30000,1500,0.585333,5.690625,37609.054508,5.308793,15.690361,8.424967,2025-10-13 03:54:35
4465,10,30000,1500,0.579333,5.808630,37614.863138,5.308793,15.690361,8.424381,2025-10-13 03:54:40
4466,10,30000,1500,0.634667,5.654017,37620.517154,5.308793,15.690361,8.423761,2025-10-13 03:54:46
4467,10,30000,1500,0.570667,5.642665,37626.159819,5.308793,15.690361,8.423139,2025-10-13 03:54:52
4468,10,30000,1500,0.680000,5.952907,37632.112726,5.308793,15.690361,8.422586,2025-10-13 03:54:58
4469,10,30000,1500,0.715333,5.598965,37637.711691,5.308793,15.690361,8.421954,2025-10-13 03:55:03
4470,10,30000,1500,0.624000,5.653679,37643.365370,5.308793,15.690361,8.421335,2025-10-13 03:55:09
4471,10,30000,1500,0.700667,5.665242,37649.030613,5.308793,15.690361,8.420718,2025-10-13 03:55:15
4472,10,30000,1500,0.592000,5.649608,37654.680221,5.308793,15.690361,8.420098,2025-10-13 03:55:20
4473,10,30000,1500,0.628000,5.814052,37660.494273,5.308793,15.690361,8.419516,2025-10-13 03:55:26
4474,10,30000,1500,0.674000,5.674803,37666.169076,5.308793,15.690361,8.418902,2025-10-13 03:55:32
4475,10,30000,1500,0.620667,5.561985,37671.731061,5.308793,15.690361,8.418264,2025-10-13 03:55:37
4476,10,30000,1500,0.669333,5.891972,37677.623033,5.308793,15.690361,8.417700,2025-10-13 03:55:43
4477,10,30000,1500,0.622000,5.797252,37683.420285,5.308793,15.690361,8.417114,2025-10-13 03:55:49
4478,10,30000,1500,0.626000,5.611640,37689.031926,5.308793,15.690361,8.416488,2025-10-13 03:55:55
4479,10,30000,1500,0.576000,5.647140,37694.679065,5.308793,15.690361,8.415869,2025-10-13 03:56:00
4480,10,30000,1500,0.652000,5.556068,37700.235133,5.308793,15.690361,8.415231,2025-10-13 03:56:06
4481,10,30000,1500,0.581333,5.628837,37705.863970,5.308793,15.690361,8.414609,2025-10-13 03:56:11
4482,10,30000,1500,0.613333,5.629460,37711.493430,5.308793,15.690361,8.413988,2025-10-13 03:56:17
4483,10,30000,1500,0.679333,5.465411,37716.958841,5.308793,15.690361,8.413330,2025-10-13 03:56:23
4484,10,30000,1500,0.676667,5.650635,37722.609475,5.308793,15.690361,8.412714,2025-10-13 03:56:28
4485,10,30000,1500,0.652667,5.755499,37728.364974,5.308793,15.690361,8.412122,2025-10-13 03:56:34
4486,10,30000,1500,0.620667,5.634125,37733.999099,5.308793,15.690361,8.411502,2025-10-13 03:56:40
4487,10,30000,1500,0.581333,5.649428,37739.648527,5.308793,15.690361,8.410887,2025-10-13 03:56:45
4488,10,30000,1500,0.642000,5.637168,37745.285695,5.308793,15.690361,8.410269,2025-10-13 03:56:51
4489,10,30000,1500,0.606000,5.526196,37750.811892,5.308793,15.690361,8.409626,2025-10-13 03:56:56
4490,10,30000,1500,0.624000,5.940364,37756.752256,5.308793,15.690361,8.409076,2025-10-13 03:57:02
4491,10,30000,1500,0.574000,5.643537,37762.395793,5.308793,15.690361,8.408460,2025-10-13 03:57:08
4492,10,30000,1500,0.596000,5.613205,37768.008998,5.308793,15.690361,8.407838,2025-10-13 03:57:14
4493,10,30000,1500,0.588000,5.642184,37773.651182,5.308793,15.690361,8.407223,2025-10-13 03:57:19
4494,10,30000,1500,0.647333,5.606107,37779.257289,5.308793,15.690361,8.406599,2025-10-13 03:57:25
4495,10,30000,1500,0.550000,5.539744,37784.797034,5.308793,15.690361,8.405962,2025-10-13 03:57:30
4496,10,30000,1500,0.548667,5.728138,37790.525171,5.308793,15.690361,8.405366,2025-10-13 03:57:36
4497,10,30000,1500,0.606000,5.580722,37796.105893,5.308793,15.690361,8.404738,2025-10-13 03:57:42
4498,10,30000,1500,0.705333,5.644048,37801.749941,5.308793,15.690361,8.404124,2025-10-13 03:57:47
4499,10,30000,1500,0.668667,5.662013,37807.411953,5.308793,15.690361,8.403515,2025-10-13 03:57:53
4500,10,30000,1500,0.677333,5.574544,37812.986497,5.308793,15.690361,8.402886,2025-10-13 03:57:59
4501,10,30000,1500,0.598667,5.536825,37818.523322,5.308793,15.690361,8.402249,2025-10-13 03:58:04
4502,10,30000,1500,0.659333,5.823238,37824.346560,5.308793,15.690361,8.401676,2025-10-13 03:58:10
4503,10,30000,1500,0.578667,5.885155,37830.231715,5.308793,15.690361,8.401117,2025-10-13 03:58:16
4504,10,30000,1500,0.640000,5.708480,37835.940195,5.308793,15.690361,8.400520,2025-10-13 03:58:22
4505,10,30000,1500,0.594000,5.605066,37841.545262,5.308793,15.690361,8.399899,2025-10-13 03:58:27
4506,10,30000,1500,0.572000,5.958847,37847.504109,5.308793,15.690361,8.399357,2025-10-13 03:58:33
4507,10,30000,1500,0.546667,5.570972,37853.075081,5.308793,15.690361,8.398730,2025-10-13 03:58:39
4508,10,30000,1500,0.660667,5.576922,37858.652003,5.308793,15.690361,8.398104,2025-10-13 03:58:44
4509,10,30000,1500,0.667333,5.677175,37864.329177,5.308793,15.690361,8.397500,2025-10-13 03:58:50
4510,10,30000,1500,0.680667,5.667182,37869.996359,5.308793,15.690361,8.396895,2025-10-13 03:58:56
4511,10,30000,1500,0.629333,5.576572,37875.572931,5.308793,15.690361,8.396270,2025-10-13 03:59:01
4512,10,30000,1500,0.562667,5.671012,37881.243943,5.308793,15.690361,8.395666,2025-10-13 03:59:07
4513,10,30000,1500,0.646000,5.533096,37886.777039,5.308793,15.690361,8.395031,2025-10-13 03:59:12
4514,10,30000,1500,0.569333,5.623785,37892.400824,5.308793,15.690361,8.394418,2025-10-13 03:59:18
4515,10,30000,1500,0.642667,5.657060,37898.057884,5.308793,15.690361,8.393811,2025-10-13 03:59:24
4516,10,30000,1500,0.643333,5.634980,37903.692864,5.308793,15.690361,8.393200,2025-10-13 03:59:29
4517,10,30000,1500,0.592667,5.619940,37909.312804,5.308793,15.690361,8.392586,2025-10-13 03:59:35
4518,10,30000,1500,0.630667,5.750553,37915.063357,5.308793,15.690361,8.392002,2025-10-13 03:59:41
4519,10,30000,1500,0.601333,5.655595,37920.718952,5.308793,15.690361,8.391396,2025-10-13 03:59:46
4520,10,30000,1500,0.648000,5.840642,37926.559594,5.308793,15.690361,8.390832,2025-10-13 03:59:52
4521,10,30000,1500,0.539333,5.734356,37932.293950,5.308793,15.690361,8.390244,2025-10-13 03:59:58
4522,10,30000,1500,0.591333,5.662490,37937.956440,5.308793,15.690361,8.389641,2025-10-13 04:00:04
4523,10,30000,1500,0.590000,5.720549,37943.676989,5.308793,15.690361,8.389051,2025-10-13 04:00:09
4524,10,30000,1500,0.624667,5.759325,37949.436314,5.308793,15.690361,8.388470,2025-10-13 04:00:15
4525,10,30000,1500,0.592667,5.487790,37954.924104,5.308793,15.690361,8.387829,2025-10-13 04:00:21
4526,10,30000,1500,0.522667,5.644860,37960.568964,5.308793,15.690361,8.387222,2025-10-13 04:00:26
4527,10,30000,1500,0.610000,5.606254,37966.175218,5.308793,15.690361,8.386608,2025-10-13 04:00:32
4528,10,30000,1500,0.570667,5.752310,37971.927529,5.308793,15.690361,8.386026,2025-10-13 04:00:38
4529,10,30000,1500,0.623333,5.726071,37977.653600,5.308793,15.690361,8.385439,2025-10-13 04:00:43
4530,10,30000,1500,0.623333,5.633082,37983.286682,5.308793,15.690361,8.384831,2025-10-13 04:00:49
4531,10,30000,1500,0.573333,5.552201,37988.838883,5.308793,15.690361,8.384206,2025-10-13 04:00:55
4532,10,30000,1500,0.542667,5.636336,37994.475218,5.308793,15.690361,8.383600,2025-10-13 04:01:00
4533,10,30000,1500,0.630000,5.551662,38000.026880,5.308793,15.690361,8.382975,2025-10-13 04:01:06
4534,10,30000,1500,0.556667,5.614696,38005.641576,5.308793,15.690361,8.382365,2025-10-13 04:01:11
4535,10,30000,1500,0.579333,5.687967,38011.329543,5.308793,15.690361,8.381771,2025-10-13 04:01:17
4536,10,30000,1500,0.638667,5.604716,38016.934259,5.308793,15.690361,8.381158,2025-10-13 04:01:23
4537,10,30000,1500,0.581333,5.527673,38022.461931,5.308793,15.690361,8.380529,2025-10-13 04:01:28
4538,10,30000,1500,0.628000,5.672505,38028.134436,5.308793,15.690361,8.379933,2025-10-13 04:01:34
4539,10,30000,1500,0.642667,5.634049,38033.768486,5.308793,15.690361,8.379328,2025-10-13 04:01:39
4540,10,30000,1500,0.603333,5.663368,38039.431853,5.308793,15.690361,8.378729,2025-10-13 04:01:45
4541,10,30000,1500,0.638000,6.117333,38045.549187,5.308793,15.690361,8.378231,2025-10-13 04:01:51
4542,10,30000,1500,0.536667,5.639648,38051.188835,5.308793,15.690361,8.377629,2025-10-13 04:01:57
4543,10,30000,1500,0.614000,5.546255,38056.735090,5.308793,15.690361,8.377005,2025-10-13 04:02:02
4544,10,30000,1500,0.550667,5.557367,38062.292457,5.308793,15.690361,8.376385,2025-10-13 04:02:08
4545,10,30000,1500,0.602000,5.729239,38068.021696,5.308793,15.690361,8.375802,2025-10-13 04:02:14
4546,10,30000,1500,0.632667,5.678511,38073.700207,5.308793,15.690361,8.375209,2025-10-13 04:02:19
4547,10,30000,1500,0.593333,5.539639,38079.239846,5.308793,15.690361,8.374585,2025-10-13 04:02:25
4548,10,30000,1500,0.620667,5.620890,38084.860736,5.308793,15.690361,8.373980,2025-10-13 04:02:31
4549,10,30000,1500,0.631333,5.514240,38090.374975,5.308793,15.690361,8.373351,2025-10-13 04:02:36
4550,10,30000,1500,0.691333,5.519991,38095.894966,5.308793,15.690361,8.372724,2025-10-13 04:02:42
4551,10,30000,1500,0.626667,5.655744,38101.550710,5.308793,15.690361,8.372127,2025-10-13 04:02:47
4552,10,30000,1500,0.654000,5.663213,38107.213923,5.308793,15.690361,8.371532,2025-10-13 04:02:53
4553,10,30000,1500,0.712667,5.625228,38112.839152,5.308793,15.690361,8.370929,2025-10-13 04:02:59
4554,10,30000,1500,0.664000,5.934999,38118.774151,5.308793,15.690361,8.370394,2025-10-13 04:03:05
4555,10,30000,1500,0.674667,5.490841,38124.264992,5.308793,15.690361,8.369762,2025-10-13 04:03:10
4556,10,30000,1500,0.584667,5.684956,38129.949949,5.308793,15.690361,8.369173,2025-10-13 04:03:16
4557,10,30000,1500,0.702667,5.644509,38135.594458,5.308793,15.690361,8.368575,2025-10-13 04:03:21
4558,10,30000,1500,0.649333,5.888856,38141.483314,5.308793,15.690361,8.368031,2025-10-13 04:03:27
4559,10,30000,1500,0.704000,5.699236,38147.182550,5.308793,15.690361,8.367445,2025-10-13 04:03:33
4560,10,30000,1500,0.634667,5.732964,38152.915515,5.308793,15.690361,8.366867,2025-10-13 04:03:39
4561,10,30000,1500,0.589333,5.683300,38158.598815,5.308793,15.690361,8.366279,2025-10-13 04:03:44
4562,10,30000,1500,0.634000,5.664033,38164.262848,5.308793,15.690361,8.365687,2025-10-13 04:03:50
4563,10,30000,1500,0.610667,5.813925,38170.076772,5.308793,15.690361,8.365127,2025-10-13 04:03:56
4564,10,30000,1500,0.622000,5.737964,38175.814737,5.308793,15.690361,8.364552,2025-10-13 04:04:02
4565,10,30000,1500,0.626667,5.715184,38181.529920,5.308793,15.690361,8.363972,2025-10-13 04:04:07
4566,10,30000,1500,0.607333,5.623979,38187.153899,5.308793,15.690361,8.363371,2025-10-13 04:04:13
4567,10,30000,1500,0.520667,5.558468,38192.712367,5.308793,15.690361,8.362757,2025-10-13 04:04:19
4568,10,30000,1500,0.606667,5.686032,38198.398400,5.308793,15.690361,8.362171,2025-10-13 04:04:24
4569,10,30000,1500,0.576667,5.617645,38204.016044,5.308793,15.690361,8.361571,2025-10-13 04:04:30
4570,10,30000,1500,0.628667,5.696884,38209.712928,5.308793,15.690361,8.360988,2025-10-13 04:04:36
4571,10,30000,1500,0.650667,5.603505,38215.316433,5.308793,15.690361,8.360384,2025-10-13 04:04:41
4572,10,30000,1500,0.580000,5.750317,38221.066751,5.308793,15.690361,8.359813,2025-10-13 04:04:47
4573,10,30000,1500,0.704000,5.585936,38226.652686,5.308793,15.690361,8.359207,2025-10-13 04:04:52
4574,10,30000,1500,0.680667,5.831506,38232.484192,5.308793,15.690361,8.358654,2025-10-13 04:04:58
4575,10,30000,1500,0.666000,5.567540,38238.051732,5.308793,15.690361,8.358044,2025-10-13 04:05:04
4576,10,30000,1500,0.658000,5.658323,38243.710055,5.308793,15.690361,8.357454,2025-10-13 04:05:10
4577,10,30000,1500,0.571333,5.821207,38249.531262,5.308793,15.690361,8.356900,2025-10-13 04:05:15
4578,10,30000,1500,0.600000,5.630167,38255.161429,5.308793,15.690361,8.356304,2025-10-13 04:05:21
4579,10,30000,1500,0.635333,5.527903,38260.689332,5.308793,15.690361,8.355687,2025-10-13 04:05:27
4580,10,30000,1500,0.674667,5.698897,38266.388229,5.308793,15.690361,8.355107,2025-10-13 04:05:32
4581,10,30000,1500,0.679333,5.638997,38272.027226,5.308793,15.690361,8.354514,2025-10-13 04:05:38
4582,10,30000,1500,0.596000,5.703813,38277.731039,5.308793,15.690361,8.353935,2025-10-13 04:05:44
4583,10,30000,1500,0.626667,5.907102,38283.638140,5.308793,15.690361,8.353401,2025-10-13 04:05:49
4584,10,30000,1500,0.618000,5.938607,38289.576748,5.308793,15.690361,8.352875,2025-10-13 04:05:55
4585,10,30000,1500,0.662000,5.688790,38295.265537,5.308793,15.690361,8.352293,2025-10-13 04:06:01
4586,10,30000,1500,0.573333,5.803854,38301.069391,5.308793,15.690361,8.351738,2025-10-13 04:06:07
4587,10,30000,1500,0.649333,5.794333,38306.863724,5.308793,15.690361,8.351180,2025-10-13 04:06:13
4588,10,30000,1500,0.624667,5.848543,38312.712267,5.308793,15.690361,8.350635,2025-10-13 04:06:19
4589,10,30000,1500,0.641333,5.637675,38318.349942,5.308793,15.690361,8.350044,2025-10-13 04:06:24
4590,10,30000,1500,0.616667,5.663777,38324.013719,5.308793,15.690361,8.349458,2025-10-13 04:06:30
4591,10,30000,1500,0.634000,5.598503,38329.612222,5.308793,15.690361,8.348859,2025-10-13 04:06:35
4592,10,30000,1500,0.555333,5.738083,38335.350306,5.308793,15.690361,8.348291,2025-10-13 04:06:41
4593,10,30000,1500,0.613333,5.762250,38341.112556,5.308793,15.690361,8.347728,2025-10-13 04:06:47
4594,10,30000,1500,0.610667,5.695993,38346.808549,5.308793,15.690361,8.347150,2025-10-13 04:06:53
4595,10,30000,1500,0.642000,5.702125,38352.510674,5.308793,15.690361,8.346575,2025-10-13 04:06:58
4596,10,30000,1500,0.692667,5.761190,38358.271863,5.308793,15.690361,8.346012,2025-10-13 04:07:04
4597,10,30000,1500,0.604000,5.533780,38363.805643,5.308793,15.690361,8.345400,2025-10-13 04:07:10
4598,10,30000,1500,0.591333,5.753826,38369.559469,5.308793,15.690361,8.344837,2025-10-13 04:07:15
4599,10,30000,1500,0.572667,5.759195,38375.318664,5.308793,15.690361,8.344275,2025-10-13 04:07:21
4600,10,30000,1500,0.653333,5.630753,38380.949418,5.308793,15.690361,8.343685,2025-10-13 04:07:27
4601,10,30000,1500,0.587333,5.667401,38386.616819,5.308793,15.690361,8.343103,2025-10-13 04:07:32
4602,10,30000,1500,0.623333,5.626480,38392.243299,5.308793,15.690361,8.342513,2025-10-13 04:07:38
4603,10,30000,1500,0.630000,5.628057,38397.871356,5.308793,15.690361,8.341923,2025-10-13 04:07:44
4604,10,30000,1500,0.600667,5.644455,38403.515811,5.308793,15.690361,8.341337,2025-10-13 04:07:49
4605,10,30000,1500,0.677333,5.705336,38409.221147,5.308793,15.690361,8.340765,2025-10-13 04:07:55
4606,10,30000,1500,0.584000,5.666438,38414.887585,5.308793,15.690361,8.340184,2025-10-13 04:08:01
4607,10,30000,1500,0.677333,5.803572,38420.691157,5.308793,15.690361,8.339633,2025-10-13 04:08:07
4608,10,30000,1500,0.640000,5.595917,38426.287074,5.308793,15.690361,8.339038,2025-10-13 04:08:12
4609,10,30000,1500,0.674667,5.539606,38431.826680,5.308793,15.690361,8.338431,2025-10-13 04:08:18
4610,10,30000,1500,0.692000,5.778089,38437.604769,5.308793,15.690361,8.337875,2025-10-13 04:08:24
4611,10,30000,1500,0.674667,5.809133,38443.413902,5.308793,15.690361,8.337327,2025-10-13 04:08:29
4612,10,30000,1500,0.615333,5.653391,38449.067293,5.308793,15.690361,8.336745,2025-10-13 04:08:35
4613,10,30000,1500,0.605333,5.618857,38454.686150,5.308793,15.690361,8.336156,2025-10-13 04:08:41
4614,10,30000,1500,0.703333,5.839924,38460.526073,5.308793,15.690361,8.335615,2025-10-13 04:08:46
4615,10,30000,1500,0.670667,5.541062,38466.067135,5.308793,15.690361,8.335009,2025-10-13 04:08:52
4616,10,30000,1500,0.656667,5.860786,38471.927921,5.308793,15.690361,8.334473,2025-10-13 04:08:58
4617,10,30000,1500,0.598000,5.630271,38477.558192,5.308793,15.690361,8.333887,2025-10-13 04:09:03
4618,10,30000,1500,0.680000,5.857097,38483.415289,5.308793,15.690361,8.333351,2025-10-13 04:09:09
4619,10,30000,1500,0.603333,5.643421,38489.058710,5.308793,15.690361,8.332769,2025-10-13 04:09:15
4620,10,30000,1500,0.695333,5.649746,38494.708456,5.308793,15.690361,8.332188,2025-10-13 04:09:21
4621,10,30000,1500,0.600000,5.473384,38500.181840,5.308793,15.690361,8.331569,2025-10-13 04:09:26
4622,10,30000,1500,0.576000,5.858736,38506.040576,5.308793,15.690361,8.331034,2025-10-13 04:09:32
4623,10,30000,1500,0.604667,5.685170,38511.725747,5.308793,15.690361,8.330462,2025-10-13 04:09:38
4624,10,30000,1500,0.676667,5.744735,38517.470481,5.308793,15.690361,8.329903,2025-10-13 04:09:43
4625,10,30000,1500,0.667333,5.877029,38523.347510,5.308793,15.690361,8.329372,2025-10-13 04:09:49
4626,10,30000,1500,0.626667,5.669783,38529.017293,5.308793,15.690361,8.328798,2025-10-13 04:09:55
4627,10,30000,1500,0.581333,5.484054,38534.501347,5.308793,15.690361,8.328183,2025-10-13 04:10:00
4628,10,30000,1500,0.666667,5.699487,38540.200834,5.308793,15.690361,8.327615,2025-10-13 04:10:06
4629,10,30000,1500,0.590667,5.668652,38545.869486,5.308793,15.690361,8.327040,2025-10-13 04:10:12
4630,10,30000,1500,0.601333,5.584449,38551.453935,5.308793,15.690361,8.326448,2025-10-13 04:10:17
4631,10,30000,1500,0.590667,5.670201,38557.124136,5.308793,15.690361,8.325874,2025-10-13 04:10:23
4632,10,30000,1500,0.596000,5.687198,38562.811334,5.308793,15.690361,8.325305,2025-10-13 04:10:29
4633,10,30000,1500,0.516667,5.706589,38568.517923,5.308793,15.690361,8.324739,2025-10-13 04:10:34
4634,10,30000,1500,0.712000,5.772062,38574.289985,5.308793,15.690361,8.324189,2025-10-13 04:10:40
4635,10,30000,1500,0.666667,5.680101,38579.970086,5.308793,15.690361,8.323618,2025-10-13 04:10:46
4636,10,30000,1500,0.684667,5.664653,38585.634739,5.308793,15.690361,8.323045,2025-10-13 04:10:52
4637,10,30000,1500,0.686000,5.790184,38591.424923,5.308793,15.690361,8.322498,2025-10-13 04:10:57
4638,10,30000,1500,0.609333,5.776492,38597.201415,5.308793,15.690361,8.321949,2025-10-13 04:11:03
4639,10,30000,1500,0.626000,5.929399,38603.130814,5.308793,15.690361,8.321434,2025-10-13 04:11:09
4640,10,30000,1500,0.583333,5.739583,38608.870397,5.308793,15.690361,8.320877,2025-10-13 04:11:15
4641,10,30000,1500,0.657333,5.642162,38614.512559,5.308793,15.690361,8.320300,2025-10-13 04:11:20
4642,10,30000,1500,0.627333,5.649930,38620.162489,5.308793,15.690361,8.319725,2025-10-13 04:11:26
4643,10,30000,1500,0.546667,5.650171,38625.812659,5.308793,15.690361,8.319150,2025-10-13 04:11:32
4644,10,30000,1500,0.620000,5.699641,38631.512301,5.308793,15.690361,8.318586,2025-10-13 04:11:38
4645,10,30000,1500,0.602000,5.637465,38637.149766,5.308793,15.690361,8.318009,2025-10-13 04:11:43
4646,10,30000,1500,0.639333,5.591027,38642.740793,5.308793,15.690361,8.317422,2025-10-13 04:11:49
4647,10,30000,1500,0.531333,5.670528,38648.411321,5.308793,15.690361,8.316852,2025-10-13 04:11:54
4648,10,30000,1500,0.614000,5.653601,38654.064922,5.308793,15.690361,8.316279,2025-10-13 04:12:00
4649,10,30000,1500,0.561333,5.586090,38659.651012,5.308793,15.690361,8.315692,2025-10-13 04:12:06
4650,10,30000,1500,0.593333,5.640581,38665.291592,5.308793,15.690361,8.315116,2025-10-13 04:12:11
4651,10,30000,1500,0.614667,5.615439,38670.907031,5.308793,15.690361,8.314536,2025-10-13 04:12:17
4652,10,30000,1500,0.555333,5.650432,38676.557463,5.308793,15.690361,8.313963,2025-10-13 04:12:23
4653,10,30000,1500,0.585333,5.648564,38682.206027,5.308793,15.690361,8.313391,2025-10-13 04:12:28
4654,10,30000,1500,0.611333,5.560770,38687.766797,5.308793,15.690361,8.312799,2025-10-13 04:12:34
4655,10,30000,1500,0.628000,5.611394,38693.378191,5.308793,15.690361,8.312219,2025-10-13 04:12:39
4656,10,30000,1500,0.642000,5.657547,38699.035738,5.308793,15.690361,8.311649,2025-10-13 04:12:45
4657,10,30000,1500,0.632667,5.577871,38704.613610,5.308793,15.690361,8.311062,2025-10-13 04:12:51
4658,10,30000,1500,0.553333,5.802883,38710.416493,5.308793,15.690361,8.310523,2025-10-13 04:12:56
4659,10,30000,1500,0.641333,5.647856,38716.064349,5.308793,15.690361,8.309952,2025-10-13 04:13:02
4660,10,30000,1500,0.589333,5.658254,38721.722603,5.308793,15.690361,8.309383,2025-10-13 04:13:08
4661,10,30000,1500,0.646000,5.746645,38727.469248,5.308793,15.690361,8.308833,2025-10-13 04:13:14
4662,10,30000,1500,0.664667,5.720091,38733.189339,5.308793,15.690361,8.308277,2025-10-13 04:13:19
4663,10,30000,1500,0.617333,5.534200,38738.723538,5.308793,15.690361,8.307683,2025-10-13 04:13:25
4664,10,30000,1500,0.616667,5.635912,38744.359450,5.308793,15.690361,8.307110,2025-10-13 04:13:30
4665,10,30000,1500,0.619333,5.740355,38750.099805,5.308793,15.690361,8.306559,2025-10-13 04:13:36
4666,10,30000,1500,0.584000,5.781302,38755.881108,5.308793,15.690361,8.306018,2025-10-13 04:13:42
4667,10,30000,1500,0.631333,5.629502,38761.510610,5.308793,15.690361,8.305445,2025-10-13 04:13:48
4668,10,30000,1500,0.544667,6.041836,38767.552446,5.308793,15.690361,8.304960,2025-10-13 04:13:54
4669,10,30000,1500,0.570667,5.726965,38773.279411,5.308793,15.690361,8.304408,2025-10-13 04:13:59
4670,10,30000,1500,0.556667,5.652120,38778.931531,5.308793,15.690361,8.303840,2025-10-13 04:14:05
4671,10,30000,1500,0.568667,5.671494,38784.603024,5.308793,15.690361,8.303276,2025-10-13 04:14:11
4672,10,30000,1500,0.588667,5.643442,38790.246467,5.308793,15.690361,8.302707,2025-10-13 04:14:16
4673,10,30000,1500,0.566000,5.760232,38796.006698,5.308793,15.690361,8.302163,2025-10-13 04:14:22
4674,10,30000,1500,0.655333,5.652342,38801.659040,5.308793,15.690361,8.301596,2025-10-13 04:14:28
4675,10,30000,1500,0.648000,5.556983,38807.216023,5.308793,15.690361,8.301009,2025-10-13 04:14:33
4676,10,30000,1500,0.709333,5.824481,38813.040504,5.308793,15.690361,8.300479,2025-10-13 04:14:39
4677,10,30000,1500,0.646000,5.600246,38818.640750,5.308793,15.690361,8.299902,2025-10-13 04:14:45
4678,10,30000,1500,0.658667,5.984027,38824.624777,5.308793,15.690361,8.299407,2025-10-13 04:14:51
4679,10,30000,1500,0.700000,5.652494,38830.277271,5.308793,15.690361,8.298841,2025-10-13 04:14:56
4680,10,30000,1500,0.678667,5.836378,38836.113649,5.308793,15.690361,8.298315,2025-10-13 04:15:02
4681,10,30000,1500,0.666667,5.542163,38841.655812,5.308793,15.690361,8.297726,2025-10-13 04:15:08
4682,10,30000,1500,0.594667,5.573634,38847.229446,5.308793,15.690361,8.297144,2025-10-13 04:15:13
4683,10,30000,1500,0.708667,5.619306,38852.848753,5.308793,15.690361,8.296572,2025-10-13 04:15:19
4684,10,30000,1500,0.631333,5.842335,38858.691087,5.308793,15.690361,8.296048,2025-10-13 04:15:25
4685,10,30000,1500,0.655333,5.622672,38864.313759,5.308793,15.690361,8.295478,2025-10-13 04:15:30
4686,10,30000,1500,0.622667,5.618750,38869.932509,5.308793,15.690361,8.294907,2025-10-13 04:15:36
4687,10,30000,1500,0.616000,5.511591,38875.444099,5.308793,15.690361,8.294313,2025-10-13 04:15:42
4688,10,30000,1500,0.566000,5.574652,38881.018751,5.308793,15.690361,8.293733,2025-10-13 04:15:47
4689,10,30000,1500,0.652667,5.631145,38886.649896,5.308793,15.690361,8.293165,2025-10-13 04:15:53
4690,10,30000,1500,0.615333,5.659231,38892.309127,5.308793,15.690361,8.292603,2025-10-13 04:15:58
4691,10,30000,1500,0.646000,5.754741,38898.063868,5.308793,15.690361,8.292062,2025-10-13 04:16:04
4692,10,30000,1500,0.605333,5.983379,38904.047247,5.308793,15.690361,8.291570,2025-10-13 04:16:10
4693,10,30000,1500,0.529333,5.500547,38909.547794,5.308793,15.690361,8.290975,2025-10-13 04:16:16
4694,10,30000,1500,0.579333,5.671471,38915.219266,5.308793,15.690361,8.290417,2025-10-13 04:16:21
4695,10,30000,1500,0.570000,5.673138,38920.892404,5.308793,15.690361,8.289860,2025-10-13 04:16:27
4696,10,30000,1500,0.646667,5.627538,38926.519942,5.308793,15.690361,8.289293,2025-10-13 04:16:33
4697,10,30000,1500,0.612667,5.624917,38932.144859,5.308793,15.690361,8.288726,2025-10-13 04:16:38
4698,10,30000,1500,0.555333,5.613951,38937.758809,5.308793,15.690361,8.288156,2025-10-13 04:16:44
4699,10,30000,1500,0.681333,5.445246,38943.204055,5.308793,15.690361,8.287551,2025-10-13 04:16:49
4700,10,30000,1500,0.622000,5.766071,38948.970126,5.308793,15.690361,8.287015,2025-10-13 04:16:55
4701,10,30000,1500,0.606000,5.723534,38954.693660,5.308793,15.690361,8.286470,2025-10-13 04:17:01
4702,10,30000,1500,0.650000,5.629338,38960.322998,5.308793,15.690361,8.285905,2025-10-13 04:17:06
4703,10,30000,1500,0.585333,5.719365,38966.042363,5.308793,15.690361,8.285359,2025-10-13 04:17:12
4704,10,30000,1500,0.565333,4.814102,38970.856465,4.814102,15.690361,8.284621,2025-10-13 04:17:17
4705,10,30000,1500,0.610000,3.620382,38974.476847,3.620382,15.690361,8.283630,2025-10-13 04:17:21
4706,10,30000,1500,0.634667,3.948752,38978.425599,3.620382,15.690361,8.282708,2025-10-13 04:17:25
4707,10,30000,1500,0.600000,3.790794,38982.216393,3.620382,15.690361,8.281754,2025-10-13 04:17:28
4708,10,30000,1500,0.566000,3.963859,38986.180252,3.620382,15.690361,8.280837,2025-10-13 04:17:32
4709,10,30000,1500,0.621333,4.056475,38990.236727,3.620382,15.690361,8.279940,2025-10-13 04:17:36
4710,10,30000,1500,0.629333,4.008077,38994.244804,3.620382,15.690361,8.279033,2025-10-13 04:17:40
4711,10,30000,1500,0.639333,3.932367,38998.177171,3.620382,15.690361,8.278110,2025-10-13 04:17:44
4712,10,30000,1500,0.554000,4.046465,39002.223636,3.620382,15.690361,8.277212,2025-10-13 04:17:48
4713,10,30000,1500,0.602667,3.874162,39006.097798,3.620382,15.690361,8.276278,2025-10-13 04:17:52
4714,10,30000,1500,0.615333,3.942229,39010.040028,3.620382,15.690361,8.275359,2025-10-13 04:17:56
4715,10,30000,1500,0.614000,4.048309,39014.088337,3.620382,15.690361,8.274462,2025-10-13 04:18:00
4716,10,30000,1500,0.562000,3.753179,39017.841516,3.620382,15.690361,8.273503,2025-10-13 04:18:04
4717,10,30000,1500,0.621333,3.720501,39021.562017,3.620382,15.690361,8.272538,2025-10-13 04:18:08
4718,10,30000,1500,0.520667,3.865511,39025.427527,3.620382,15.690361,8.271604,2025-10-13 04:18:12
4719,10,30000,1500,0.559333,3.930749,39029.358276,3.620382,15.690361,8.270684,2025-10-13 04:18:16
4720,10,30000,1500,0.596000,3.718731,39033.077006,3.620382,15.690361,8.269720,2025-10-13 04:18:19
4721,10,30000,1500,0.615333,4.047099,39037.124105,3.620382,15.690361,8.268825,2025-10-13 04:18:23
4722,10,30000,1500,0.646667,4.067355,39041.191460,3.620382,15.690361,8.267936,2025-10-13 04:18:27
4723,10,30000,1500,0.589333,3.832906,39045.024366,3.620382,15.690361,8.266996,2025-10-13 04:18:31
4724,10,30000,1500,0.569333,3.896353,39048.920719,3.620382,15.690361,8.266071,2025-10-13 04:18:35
4725,10,30000,1500,0.566667,3.832897,39052.753616,3.620382,15.690361,8.265133,2025-10-13 04:18:39
4726,10,30000,1500,0.608667,3.742896,39056.496512,3.620382,15.690361,8.264176,2025-10-13 04:18:43
4727,10,30000,1500,0.562667,3.709935,39060.206447,3.620382,15.690361,8.263213,2025-10-13 04:18:46
4728,10,30000,1500,0.602667,3.698046,39063.904493,3.620382,15.690361,8.262247,2025-10-13 04:18:50
4729,10,30000,1500,0.622000,3.884572,39067.789065,3.620382,15.690361,8.261321,2025-10-13 04:18:54
4730,10,30000,1500,0.563333,4.011018,39071.800083,3.620382,15.690361,8.260423,2025-10-13 04:18:58
4731,10,30000,1500,0.616000,4.051783,39075.851866,3.620382,15.690361,8.259533,2025-10-13 04:19:02
4732,10,30000,1500,0.575333,4.101303,39079.953168,3.620382,15.690361,8.258655,2025-10-13 04:19:06
4733,10,30000,1500,0.618000,3.702910,39083.656078,3.620382,15.690361,8.257692,2025-10-13 04:19:10
4734,10,30000,1500,0.607333,3.663516,39087.319594,3.620382,15.690361,8.256722,2025-10-13 04:19:14
4735,10,30000,1500,0.638000,3.614701,39090.934295,3.614701,15.690361,8.255741,2025-10-13 04:19:17
4736,10,30000,1500,0.614000,3.754100,39094.688394,3.614701,15.690361,8.254791,2025-10-13 04:19:21
4737,10,30000,1500,0.580667,3.678056,39098.366450,3.614701,15.690361,8.253824,2025-10-13 04:19:25
4738,10,30000,1500,0.545333,3.719004,39102.085453,3.614701,15.690361,8.252867,2025-10-13 04:19:28
4739,10,30000,1500,0.649333,3.688627,39105.774080,3.614701,15.690361,8.251904,2025-10-13 04:19:32
4740,10,30000,1500,0.560000,3.695815,39109.469896,3.614701,15.690361,8.250943,2025-10-13 04:19:36
4741,10,30000,1500,0.667333,3.619026,39113.088922,3.614701,15.690361,8.249966,2025-10-13 04:19:39
4742,10,30000,1500,0.562000,3.694129,39116.783051,3.614701,15.690361,8.249005,2025-10-13 04:19:43
4743,10,30000,1500,0.572667,3.709162,39120.492213,3.614701,15.690361,8.248048,2025-10-13 04:19:47
4744,10,30000,1500,0.550000,3.711944,39124.204158,3.614701,15.690361,8.247092,2025-10-13 04:19:50
4745,10,30000,1500,0.639333,3.586386,39127.790544,3.586386,15.690361,8.246110,2025-10-13 04:19:54
4746,10,30000,1500,0.632667,3.956268,39131.746812,3.586386,15.690361,8.245206,2025-10-13 04:19:58
4747,10,30000,1500,0.696667,4.025395,39135.772207,3.586386,15.690361,8.244317,2025-10-13 04:20:02
4748,10,30000,1500,0.587333,3.889249,39139.661456,3.586386,15.690361,8.243400,2025-10-13 04:20:06
4749,10,30000,1500,0.591333,3.736762,39143.398218,3.586386,15.690361,8.242451,2025-10-13 04:20:10
4750,10,30000,1500,0.630667,3.712238,39147.110456,3.586386,15.690361,8.241497,2025-10-13 04:20:13
4751,10,30000,1500,0.586667,3.678251,39150.788707,3.586386,15.690361,8.240536,2025-10-13 04:20:17
4752,10,30000,1500,0.701333,3.720387,39154.509094,3.586386,15.690361,8.239585,2025-10-13 04:20:21
4753,10,30000,1500,0.688000,3.609754,39158.118848,3.586386,15.690361,8.238611,2025-10-13 04:20:24
4754,10,30000,1500,0.603333,4.052431,39162.171279,3.586386,15.690361,8.237731,2025-10-13 04:20:28
4755,10,30000,1500,0.650000,4.040975,39166.212254,3.586386,15.690361,8.236848,2025-10-13 04:20:32
4756,10,30000,1500,0.602667,3.719540,39169.931794,3.586386,15.690361,8.235898,2025-10-13 04:20:36
4757,10,30000,1500,0.626667,4.021907,39173.953700,3.586386,15.690361,8.235012,2025-10-13 04:20:40
4758,10,30000,1500,0.586000,3.693544,39177.647244,3.586386,15.690361,8.234058,2025-10-13 04:20:44
4759,10,30000,1500,0.568000,3.640125,39181.287368,3.586386,15.690361,8.233093,2025-10-13 04:20:48
4760,10,30000,1500,0.561333,3.687823,39184.975191,3.586386,15.690361,8.232138,2025-10-13 04:20:51
4761,10,30000,1500,0.565333,3.707306,39188.682497,3.586386,15.690361,8.231187,2025-10-13 04:20:55
4762,10,30000,1500,0.655333,3.721333,39192.403830,3.586386,15.690361,8.230240,2025-10-13 04:20:59
4763,10,30000,1500,0.609333,3.716819,39196.120649,3.586386,15.690361,8.229293,2025-10-13 04:21:02
4764,10,30000,1500,0.531333,3.723358,39199.844007,3.586386,15.690361,8.228347,2025-10-13 04:21:06
4765,10,30000,1500,0.656000,3.573294,39203.417301,3.573294,15.690361,8.227370,2025-10-13 04:21:10
4766,10,30000,1500,0.726000,3.717943,39207.135243,3.573294,15.690361,8.226424,2025-10-13 04:21:13
4767,10,30000,1500,0.734000,3.591143,39210.726387,3.573294,15.690361,8.225451,2025-10-13 04:21:17
4768,10,30000,1500,0.662667,3.691909,39214.418296,3.573294,15.690361,8.224500,2025-10-13 04:21:21
4769,10,30000,1500,0.688000,3.712714,39218.131009,3.573294,15.690361,8.223554,2025-10-13 04:21:24
4770,10,30000,1500,0.581333,3.945413,39222.076422,3.573294,15.690361,8.222658,2025-10-13 04:21:28
4771,10,30000,1500,0.572000,3.668882,39225.745305,3.573294,15.690361,8.221703,2025-10-13 04:21:32
4772,10,30000,1500,0.597333,3.718925,39229.464229,3.573294,15.690361,8.220759,2025-10-13 04:21:36
4773,10,30000,1500,0.582667,3.888118,39233.352348,3.573294,15.690361,8.219852,2025-10-13 04:21:40
4774,10,30000,1500,0.503333,3.717031,39237.069379,3.573294,15.690361,8.218909,2025-10-13 04:21:43
4775,10,30000,1500,0.584667,3.724563,39240.793941,3.573294,15.690361,8.217967,2025-10-13 04:21:47
4776,10,30000,1500,0.542667,3.669857,39244.463798,3.573294,15.690361,8.217015,2025-10-13 04:21:51
4777,10,30000,1500,0.634000,3.633899,39248.097697,3.573294,15.690361,8.216056,2025-10-13 04:21:54
4778,10,30000,1500,0.646667,3.714263,39251.811960,3.573294,15.690361,8.215113,2025-10-13 04:21:58
4779,10,30000,1500,0.610000,3.720583,39255.532544,3.573294,15.690361,8.214173,2025-10-13 04:22:02
4780,10,30000,1500,0.621333,3.714131,39259.246675,3.573294,15.690361,8.213232,2025-10-13 04:22:06
4781,10,30000,1500,0.638000,3.713578,39262.960253,3.573294,15.690361,8.212290,2025-10-13 04:22:09
4782,10,30000,1500,0.699333,3.691786,39266.652039,3.573294,15.690361,8.211345,2025-10-13 04:22:13
4783,10,30000,1500,0.633333,3.616966,39270.269005,3.573294,15.690361,8.210384,2025-10-13 04:22:17
4784,10,30000,1500,0.710667,3.664569,39273.933574,3.573294,15.690361,8.209434,2025-10-13 04:22:20
4785,10,30000,1500,0.590667,3.717860,39277.651434,3.573294,15.690361,8.208496,2025-10-13 04:22:24
4786,10,30000,1500,0.611333,3.713496,39281.364931,3.573294,15.690361,8.207556,2025-10-13 04:22:28
4787,10,30000,1500,0.655333,3.670598,39285.035529,3.573294,15.690361,8.206609,2025-10-13 04:22:31
4788,10,30000,1500,0.584000,3.713829,39288.749358,3.573294,15.690361,8.205670,2025-10-13 04:22:35
4789,10,30000,1500,0.634667,3.616638,39292.365996,3.573294,15.690361,8.204712,2025-10-13 04:22:39
4790,10,30000,1500,0.744000,3.602250,39295.968246,3.573294,15.690361,8.203751,2025-10-13 04:22:42
4791,10,30000,1500,0.655333,3.733302,39299.701547,3.573294,15.690361,8.202818,2025-10-13 04:22:46
4792,10,30000,1500,0.594667,3.722272,39303.423819,3.573294,15.690361,8.201883,2025-10-13 04:22:50
4793,10,30000,1500,0.648000,3.729156,39307.152976,3.573294,15.690361,8.200950,2025-10-13 04:22:54
4794,10,30000,1500,0.605333,3.715669,39310.868645,3.573294,15.690361,8.200014,2025-10-13 04:22:57
4795,10,30000,1500,0.552667,3.897169,39314.765813,3.573294,15.690361,8.199117,2025-10-13 04:23:01
4796,10,30000,1500,0.583333,3.662543,39318.428356,3.573294,15.690361,8.198171,2025-10-13 04:23:05
4797,10,30000,1500,0.596000,3.720332,39322.148688,3.573294,15.690361,8.197238,2025-10-13 04:23:09
4798,10,30000,1500,0.696000,3.691721,39325.840409,3.573294,15.690361,8.196299,2025-10-13 04:23:12
4799,10,30000,1500,0.667333,3.691873,39329.532282,3.573294,15.690361,8.195360,2025-10-13 04:23:16
4800,10,30000,1500,0.597333,3.719312,39333.251594,3.573294,15.690361,8.194427,2025-10-13 04:23:20
4801,10,30000,1500,0.584667,3.574997,39336.826591,3.573294,15.690361,8.193465,2025-10-13 04:23:23
4802,10,30000,1500,0.647333,3.719954,39340.546546,3.573294,15.690361,8.192534,2025-10-13 04:23:27
4803,10,30000,1500,0.654667,3.733165,39344.279711,3.573294,15.690361,8.191605,2025-10-13 04:23:31
4804,10,30000,1500,0.578667,3.672788,39347.952499,3.573294,15.690361,8.190665,2025-10-13 04:23:34
4805,10,30000,1500,0.655333,3.842120,39351.794618,3.573294,15.690361,8.189760,2025-10-13 04:23:38
4806,10,30000,1500,0.616000,4.008828,39355.803446,3.573294,15.690361,8.188890,2025-10-13 04:23:42
4807,10,30000,1500,0.646667,3.821721,39359.625167,3.573294,15.690361,8.187981,2025-10-13 04:23:46
4808,10,30000,1500,0.633333,3.739320,39363.364487,3.573294,15.690361,8.187056,2025-10-13 04:23:50
4809,10,30000,1500,0.565333,4.047276,39367.411763,3.573294,15.690361,8.186195,2025-10-13 04:23:54
4810,10,30000,1500,0.659333,4.043635,39371.455398,3.573294,15.690361,8.185334,2025-10-13 04:23:58
4811,10,30000,1500,0.697333,4.095495,39375.550893,3.573294,15.690361,8.184484,2025-10-13 04:24:02
4812,10,30000,1500,0.570000,3.734256,39379.285149,3.573294,15.690361,8.183559,2025-10-13 04:24:06
4813,10,30000,1500,0.601333,3.629084,39382.914233,3.573294,15.690361,8.182613,2025-10-13 04:24:09
4814,10,30000,1500,0.644000,3.744572,39386.658805,3.573294,15.690361,8.181691,2025-10-13 04:24:13
4815,10,30000,1500,0.560667,3.788186,39390.446992,3.573294,15.690361,8.180778,2025-10-13 04:24:17
4816,10,30000,1500,0.676667,3.714494,39394.161486,3.573294,15.690361,8.179851,2025-10-13 04:24:21
4817,10,30000,1500,0.643333,3.716095,39397.877581,3.573294,15.690361,8.178924,2025-10-13 04:24:24
4818,10,30000,1500,0.665333,3.814971,39401.692552,3.573294,15.690361,8.178018,2025-10-13 04:24:28
4819,10,30000,1500,0.699333,3.993731,39405.686283,3.573294,15.690361,8.177150,2025-10-13 04:24:32
4820,10,30000,1500,0.665333,3.686891,39409.373175,3.573294,15.690361,8.176219,2025-10-13 04:24:36
4821,10,30000,1500,0.706000,3.615057,39412.988231,3.573294,15.690361,8.175272,2025-10-13 04:24:39
4822,10,30000,1500,0.667333,3.753687,39416.741918,3.573294,15.690361,8.174355,2025-10-13 04:24:43
4823,10,30000,1500,0.638000,3.674445,39420.416363,3.573294,15.690361,8.173422,2025-10-13 04:24:47
4824,10,30000,1500,0.667333,3.655156,39424.071520,3.573294,15.690361,8.172486,2025-10-13 04:24:51
4825,10,30000,1500,0.676667,3.558732,39427.630251,3.558732,15.690361,8.171530,2025-10-13 04:24:54
4826,10,30000,1500,0.713333,3.727716,39431.357967,3.558732,15.690361,8.170609,2025-10-13 04:24:58
4827,10,30000,1500,0.611333,3.695388,39435.053355,3.558732,15.690361,8.169682,2025-10-13 04:25:02
4828,10,30000,1500,0.640000,3.721832,39438.775187,3.558732,15.690361,8.168760,2025-10-13 04:25:05
4829,10,30000,1500,0.588000,3.672410,39442.447597,3.558732,15.690361,8.167829,2025-10-13 04:25:09
4830,10,30000,1500,0.641333,3.703949,39446.151546,3.558732,15.690361,8.166905,2025-10-13 04:25:13
4831,10,30000,1500,0.650000,3.628045,39449.779591,3.558732,15.690361,8.165966,2025-10-13 04:25:16
4832,10,30000,1500,0.582667,3.675136,39453.454727,3.558732,15.690361,8.165036,2025-10-13 04:25:20
4833,10,30000,1500,0.646667,3.758790,39457.213517,3.558732,15.690361,8.164124,2025-10-13 04:25:24
4834,10,30000,1500,0.628667,3.694090,39460.907607,3.558732,15.690361,8.163200,2025-10-13 04:25:27
4835,10,30000,1500,0.670667,3.557482,39464.465089,3.557482,15.690361,8.162247,2025-10-13 04:25:31
4836,10,30000,1500,0.647333,3.708915,39468.174003,3.557482,15.690361,8.161326,2025-10-13 04:25:35
4837,10,30000,1500,0.602000,3.629125,39471.803128,3.557482,15.690361,8.160389,2025-10-13 04:25:38
4838,10,30000,1500,0.625333,3.675366,39475.478494,3.557482,15.690361,8.159462,2025-10-13 04:25:42
4839,10,30000,1500,0.576000,3.711868,39479.190362,3.557482,15.690361,8.158543,2025-10-13 04:25:46
4840,10,30000,1500,0.558000,3.652428,39482.842789,3.557482,15.690361,8.157612,2025-10-13 04:25:49
4841,10,30000,1500,0.622667,3.623349,39486.466139,3.557482,15.690361,8.156676,2025-10-13 04:25:53
4842,10,30000,1500,0.612667,3.692467,39490.158606,3.557482,15.690361,8.155754,2025-10-13 04:25:57
4843,10,30000,1500,0.568667,3.627267,39493.785873,3.557482,15.690361,8.154818,2025-10-13 04:26:00
4844,10,30000,1500,0.639333,3.663298,39497.449172,3.557482,15.690361,8.153891,2025-10-13 04:26:04
4845,10,30000,1500,0.647333,3.724612,39501.173784,3.557482,15.690361,8.152977,2025-10-13 04:26:08
4846,10,30000,1500,0.591333,3.796100,39504.969883,3.557482,15.690361,8.152078,2025-10-13 04:26:11
4847,10,30000,1500,0.692000,3.885980,39508.855863,3.557482,15.690361,8.151198,2025-10-13 04:26:15
4848,10,30000,1500,0.590000,3.825568,39512.681431,3.557482,15.690361,8.150306,2025-10-13 04:26:19
4849,10,30000,1500,0.630000,3.588290,39516.269721,3.557482,15.690361,8.149365,2025-10-13 04:26:23
4850,10,30000,1500,0.554000,3.703398,39519.973119,3.557482,15.690361,8.148448,2025-10-13 04:26:26
4851,10,30000,1500,0.564667,4.090587,39524.063705,3.557482,15.690361,8.147612,2025-10-13 04:26:31
4852,10,30000,1500,0.591333,4.050229,39528.113935,3.557482,15.690361,8.146767,2025-10-13 04:26:35
4853,10,30000,1500,0.563333,4.036156,39532.150091,3.557482,15.690361,8.145920,2025-10-13 04:26:39
4854,10,30000,1500,0.616000,4.001680,39536.151771,3.557482,15.690361,8.145066,2025-10-13 04:26:43
4855,10,30000,1500,0.668667,3.611209,39539.762980,3.557482,15.690361,8.144132,2025-10-13 04:26:46
4856,10,30000,1500,0.743333,3.716244,39543.479225,3.557482,15.690361,8.143221,2025-10-13 04:26:50
4857,10,30000,1500,0.604000,3.685241,39547.164466,3.557482,15.690361,8.142303,2025-10-13 04:26:54
4858,10,30000,1500,0.623333,3.604715,39550.769181,3.557482,15.690361,8.141369,2025-10-13 04:26:57
4859,10,30000,1500,0.612000,3.710726,39554.479907,3.557482,15.690361,8.140457,2025-10-13 04:27:01
4860,10,30000,1500,0.590667,3.806099,39558.286006,3.557482,15.690361,8.139565,2025-10-13 04:27:05
4861,10,30000,1500,0.708000,3.779312,39562.065318,3.557482,15.690361,8.138668,2025-10-13 04:27:09
4862,10,30000,1500,0.622667,4.099723,39566.165040,3.557482,15.690361,8.137837,2025-10-13 04:27:13
4863,10,30000,1500,0.657333,3.977784,39570.142824,3.557482,15.690361,8.136982,2025-10-13 04:27:17
4864,10,30000,1500,0.606667,3.852290,39573.995114,3.557482,15.690361,8.136101,2025-10-13 04:27:21
4865,10,30000,1500,0.652667,3.744339,39577.739453,3.557482,15.690361,8.135198,2025-10-13 04:27:24
4866,10,30000,1500,0.636000,3.923540,39581.662993,3.557482,15.690361,8.134333,2025-10-13 04:27:28
4867,10,30000,1500,0.708667,3.631744,39585.294737,3.557482,15.690361,8.133408,2025-10-13 04:27:32
4868,10,30000,1500,0.595333,3.673613,39588.968350,3.557482,15.690361,8.132491,2025-10-13 04:27:36
4869,10,30000,1500,0.700667,3.634960,39592.603310,3.557482,15.690361,8.131568,2025-10-13 04:27:39
4870,10,30000,1500,0.613333,3.678443,39596.281753,3.557482,15.690361,8.130653,2025-10-13 04:27:43
4871,10,30000,1500,0.626667,3.693547,39599.975300,3.557482,15.690361,8.129742,2025-10-13 04:27:47
4872,10,30000,1500,0.682000,3.727302,39603.702602,3.557482,15.690361,8.128839,2025-10-13 04:27:50
4873,10,30000,1500,0.686000,3.633860,39607.336462,3.557482,15.690361,8.127916,2025-10-13 04:27:54
4874,10,30000,1500,0.588000,3.676482,39611.012944,3.557482,15.690361,8.127003,2025-10-13 04:27:58
4875,10,30000,1500,0.627333,3.717061,39614.730006,3.557482,15.690361,8.126098,2025-10-13 04:28:01
4876,10,30000,1500,0.552667,3.725775,39618.455780,3.557482,15.690361,8.125196,2025-10-13 04:28:05
4877,10,30000,1500,0.710000,3.675267,39622.131048,3.557482,15.690361,8.124284,2025-10-13 04:28:09
4878,10,30000,1500,0.588000,3.661207,39625.792255,3.557482,15.690361,8.123369,2025-10-13 04:28:12
4879,10,30000,1500,0.650667,3.605371,39629.397626,3.557482,15.690361,8.122443,2025-10-13 04:28:16
4880,10,30000,1500,0.579333,3.601005,39632.998631,3.557482,15.690361,8.121516,2025-10-13 04:28:20
4881,10,30000,1500,0.558667,3.725598,39636.724228,3.557482,15.690361,8.120615,2025-10-13 04:28:23
4882,10,30000,1500,0.586667,3.714375,39640.438604,3.557482,15.690361,8.119713,2025-10-13 04:28:27
4883,10,30000,1500,0.621333,3.677573,39644.116176,3.557482,15.690361,8.118803,2025-10-13 04:28:31
4884,10,30000,1500,0.658667,3.733169,39647.849345,3.557482,15.690361,8.117905,2025-10-13 04:28:34
4885,10,30000,1500,0.586667,3.625948,39651.475293,3.557482,15.690361,8.116986,2025-10-13 04:28:38
4886,10,30000,1500,0.701333,3.921145,39655.396438,3.557482,15.690361,8.116127,2025-10-13 04:28:42
4887,10,30000,1500,0.672667,4.053089,39659.449527,3.557482,15.690361,8.115296,2025-10-13 04:28:46
4888,10,30000,1500,0.643333,3.800253,39663.249780,3.557482,15.690361,8.114413,2025-10-13 04:28:50
4889,10,30000,1500,0.696000,3.808871,39667.058652,3.557482,15.690361,8.113532,2025-10-13 04:28:54
4890,10,30000,1500,0.701333,4.031818,39671.090470,3.557482,15.690361,8.112697,2025-10-13 04:28:58
4891,10,30000,1500,0.724000,3.791880,39674.882350,3.557482,15.690361,8.111814,2025-10-13 04:29:02
4892,10,30000,1500,0.631333,3.708579,39678.590929,3.557482,15.690361,8.110914,2025-10-13 04:29:05
4893,10,30000,1500,0.693333,3.733927,39682.324856,3.557482,15.690361,8.110019,2025-10-13 04:29:09
4894,10,30000,1500,0.658000,3.972719,39686.297575,3.557482,15.690361,8.109174,2025-10-13 04:29:13
4895,10,30000,1500,0.649333,3.861664,39690.159239,3.557482,15.690361,8.108306,2025-10-13 04:29:17
4896,10,30000,1500,0.691333,4.039600,39694.198840,3.557482,15.690361,8.107475,2025-10-13 04:29:21
4897,10,30000,1500,0.660000,3.924629,39698.123468,3.557482,15.690361,8.106621,2025-10-13 04:29:25
4898,10,30000,1500,0.650000,4.115330,39702.238798,3.557482,15.690361,8.105806,2025-10-13 04:29:29
4899,10,30000,1500,0.630667,4.047651,39706.286449,3.557482,15.690361,8.104978,2025-10-13 04:29:33
4900,10,30000,1500,0.630667,4.073867,39710.360317,3.557482,15.690361,8.104155,2025-10-13 04:29:37
4901,10,30000,1500,0.602000,4.091993,39714.452310,3.557482,15.690361,8.103337,2025-10-13 04:29:41
4902,10,30000,1500,0.665333,3.723411,39718.175721,3.557482,15.690361,8.102443,2025-10-13 04:29:45
4903,10,30000,1500,0.556667,3.694366,39721.870086,3.557482,15.690361,8.101544,2025-10-13 04:29:49
4904,10,30000,1500,0.620000,4.048595,39725.918682,3.557482,15.690361,8.100718,2025-10-13 04:29:53
4905,10,30000,1500,0.580000,3.849098,39729.767780,3.557482,15.690361,8.099851,2025-10-13 04:29:56
4906,10,30000,1500,0.622000,4.065746,39733.833525,3.557482,15.690361,8.099028,2025-10-13 04:30:00
4907,10,30000,1500,0.646000,4.045163,39737.878688,3.557482,15.690361,8.098202,2025-10-13 04:30:05
4908,10,30000,1500,0.602000,3.738845,39741.617533,3.557482,15.690361,8.097314,2025-10-13 04:30:08
4909,10,30000,1500,0.651333,3.646356,39745.263889,3.557482,15.690361,8.096407,2025-10-13 04:30:12
4910,10,30000,1500,0.628000,3.682346,39748.946235,3.557482,15.690361,8.095508,2025-10-13 04:30:16
4911,10,30000,1500,0.592667,3.657112,39752.603347,3.557482,15.690361,8.094605,2025-10-13 04:30:19
4912,10,30000,1500,0.698000,3.675784,39756.279131,3.557482,15.690361,8.093705,2025-10-13 04:30:23
4913,10,30000,1500,0.624000,3.626453,39759.905584,3.557482,15.690361,8.092796,2025-10-13 04:30:27
4914,10,30000,1500,0.635333,3.725090,39763.630674,3.557482,15.690361,8.091907,2025-10-13 04:30:30
4915,10,30000,1500,0.606000,3.652076,39767.282750,3.557482,15.690361,8.091004,2025-10-13 04:30:34
4916,10,30000,1500,0.612000,3.899950,39771.182701,3.557482,15.690361,8.090151,2025-10-13 04:30:38
4917,10,30000,1500,0.584667,3.707011,39774.889712,3.557482,15.690361,8.089260,2025-10-13 04:30:42
4918,10,30000,1500,0.620667,3.687412,39778.577124,3.557482,15.690361,8.088365,2025-10-13 04:30:45
4919,10,30000,1500,0.612667,3.680428,39782.257552,3.557482,15.690361,8.087469,2025-10-13 04:30:49
4920,10,30000,1500,0.565333,3.729547,39785.987099,3.557482,15.690361,8.086583,2025-10-13 04:30:53
4921,10,30000,1500,0.620000,3.585795,39789.572894,3.557482,15.690361,8.085668,2025-10-13 04:30:56
4922,10,30000,1500,0.576667,3.699887,39793.272780,3.557482,15.690361,8.084777,2025-10-13 04:31:00
4923,10,30000,1500,0.608667,3.686598,39796.959378,3.557482,15.690361,8.083884,2025-10-13 04:31:04
4924,10,30000,1500,0.633333,3.947144,39800.906522,3.557482,15.690361,8.083044,2025-10-13 04:31:08
4925,10,30000,1500,0.696000,3.707950,39804.614472,3.557482,15.690361,8.082155,2025-10-13 04:31:11
4926,10,30000,1500,0.595333,3.710134,39808.324606,3.557482,15.690361,8.081268,2025-10-13 04:31:15
4927,10,30000,1500,0.723333,3.578769,39811.903375,3.557482,15.690361,8.080354,2025-10-13 04:31:19
4928,10,30000,1500,0.606000,3.702871,39815.606246,3.557482,15.690361,8.079466,2025-10-13 04:31:22
4929,10,30000,1500,0.666000,3.675198,39819.281444,3.557482,15.690361,8.078572,2025-10-13 04:31:26
4930,10,30000,1500,0.664000,3.648863,39822.930307,3.557482,15.690361,8.077673,2025-10-13 04:31:30
4931,10,30000,1500,0.630000,3.715798,39826.646104,3.557482,15.690361,8.076789,2025-10-13 04:31:33
4932,10,30000,1500,0.690667,3.789621,39830.435726,3.557482,15.690361,8.075920,2025-10-13 04:31:37
4933,10,30000,1500,0.682000,3.550168,39833.985894,3.550168,15.690361,8.075002,2025-10-13 04:31:41
4934,10,30000,1500,0.606667,3.692418,39837.678312,3.550168,15.690361,8.074114,2025-10-13 04:31:44
4935,10,30000,1500,0.564667,3.772871,39841.451182,3.550168,15.690361,8.073242,2025-10-13 04:31:48
4936,10,30000,1500,0.650000,3.670086,39845.121269,3.550168,15.690361,8.072350,2025-10-13 04:31:52
4937,10,30000,1500,0.620000,3.724027,39848.845296,3.550168,15.690361,8.071470,2025-10-13 04:31:56
4938,10,30000,1500,0.646667,3.665337,39852.510633,3.550168,15.690361,8.070577,2025-10-13 04:31:59
4939,10,30000,1500,0.660000,3.621158,39856.131791,3.550168,15.690361,8.069676,2025-10-13 04:32:03
4940,10,30000,1500,0.572667,4.071048,39860.202840,3.550168,15.690361,8.068867,2025-10-13 04:32:07
4941,10,30000,1500,0.644667,3.937812,39864.140651,3.550168,15.690361,8.068031,2025-10-13 04:32:11
4942,10,30000,1500,0.672000,3.732019,39867.872670,3.550168,15.690361,8.067154,2025-10-13 04:32:15
4943,10,30000,1500,0.639333,3.729866,39871.602536,3.550168,15.690361,8.066276,2025-10-13 04:32:18
4944,10,30000,1500,0.634667,3.753728,39875.356264,3.550168,15.690361,8.065404,2025-10-13 04:32:22
4945,10,30000,1500,0.616667,3.651851,39879.008116,3.550168,15.690361,8.064511,2025-10-13 04:32:26
4946,10,30000,1500,0.624000,3.744892,39882.753008,3.550168,15.690361,8.063638,2025-10-13 04:32:30
4947,10,30000,1500,0.636667,2.456823,39885.209831,2.456823,15.690361,8.062505,2025-10-13 04:32:32
4948,10,30000,1500,0.570000,2.103839,39887.313670,2.103839,15.690361,8.061300,2025-10-13 04:32:34
4949,10,30000,1500,0.628667,2.131762,39889.445432,2.103839,15.690361,8.060102,2025-10-13 04:32:36
4950,10,30000,1500,0.559333,2.096617,39891.542049,2.096617,15.690361,8.058897,2025-10-13 04:32:38
4951,10,30000,1500,0.618000,2.022945,39893.564994,2.022945,15.690361,8.057678,2025-10-13 04:32:40
4952,10,30000,1500,0.610000,2.093693,39895.658687,2.022945,15.690361,8.056474,2025-10-13 04:32:42
4953,10,30000,1500,0.595333,2.099151,39897.757838,2.022945,15.690361,8.055271,2025-10-13 04:32:45
4954,10,30000,1500,0.607333,2.114327,39899.872165,2.022945,15.690361,8.054072,2025-10-13 04:32:47
4955,10,30000,1500,0.608000,2.147500,39902.019666,2.022945,15.690361,8.052880,2025-10-13 04:32:49
4956,10,30000,1500,0.600000,2.126327,39904.145992,2.022945,15.690361,8.051684,2025-10-13 04:32:51
4957,10,30000,1500,0.651333,2.042797,39906.188789,2.022945,15.690361,8.050472,2025-10-13 04:32:53
4958,10,30000,1500,0.631333,2.106573,39908.295363,2.022945,15.690361,8.049273,2025-10-13 04:32:55
4959,10,30000,1500,0.566000,2.105690,39910.401053,2.022945,15.690361,8.048074,2025-10-13 04:32:57
4960,10,30000,1500,0.666667,2.094562,39912.495615,2.022945,15.690361,8.046874,2025-10-13 04:32:59
4961,10,30000,1500,0.559333,2.082052,39914.577667,2.022945,15.690361,8.045672,2025-10-13 04:33:01
4962,10,30000,1500,0.649333,2.085780,39916.663448,2.022945,15.690361,8.044471,2025-10-13 04:33:03
4963,10,30000,1500,0.666667,1.999367,39918.662814,1.999367,15.690361,8.043253,2025-10-13 04:33:05
4964,10,30000,1500,0.637333,2.085021,39920.747836,1.999367,15.690361,8.042052,2025-10-13 04:33:08
4965,10,30000,1500,0.598000,2.083926,39922.831762,1.999367,15.690361,8.040852,2025-10-13 04:33:10
4966,10,30000,1500,0.596000,2.084536,39924.916298,1.999367,15.690361,8.039653,2025-10-13 04:33:12
4967,10,30000,1500,0.566667,2.082695,39926.998992,1.999367,15.690361,8.038454,2025-10-13 04:33:14
4968,10,30000,1500,0.599333,2.088664,39929.087656,1.999367,15.690361,8.037256,2025-10-13 04:33:16
4969,10,30000,1500,0.558667,1.993711,39931.081367,1.993711,15.690361,8.036040,2025-10-13 04:33:18
4970,10,30000,1500,0.562000,2.080009,39933.161376,1.993711,15.690361,8.034841,2025-10-13 04:33:20
4971,10,30000,1500,0.540667,2.082574,39935.243949,1.993711,15.690361,8.033644,2025-10-13 04:33:22
4972,10,30000,1500,0.580000,2.085513,39937.329463,1.993711,15.690361,8.032448,2025-10-13 04:33:24
4973,10,30000,1500,0.574000,2.085506,39939.414968,1.993711,15.690361,8.031252,2025-10-13 04:33:26
4974,10,30000,1500,0.572667,2.085267,39941.500235,1.993711,15.690361,8.030056,2025-10-13 04:33:28
4975,10,30000,1500,0.600000,1.997726,39943.497961,1.993711,15.690361,8.028844,2025-10-13 04:33:30
4976,10,30000,1500,0.630667,2.087016,39945.584977,1.993711,15.690361,8.027650,2025-10-13 04:33:32
4977,10,30000,1500,0.691333,2.083448,39947.668425,1.993711,15.690361,8.026455,2025-10-13 04:33:35
4978,10,30000,1500,0.650000,2.086720,39949.755146,1.993711,15.690361,8.025262,2025-10-13 04:33:37
4979,10,30000,1500,0.631333,2.084833,39951.839979,1.993711,15.690361,8.024069,2025-10-13 04:33:39
4980,10,30000,1500,0.568000,2.082804,39953.922782,1.993711,15.690361,8.022876,2025-10-13 04:33:41
4981,10,30000,1500,0.603333,1.994979,39955.917762,1.993711,15.690361,8.021666,2025-10-13 04:33:43
4982,10,30000,1500,0.582667,2.084954,39958.002716,1.993711,15.690361,8.020474,2025-10-13 04:33:45
4983,10,30000,1500,0.678667,2.085688,39960.088404,1.993711,15.690361,8.019283,2025-10-13 04:33:47
4984,10,30000,1500,0.571333,2.090012,39962.178416,1.993711,15.690361,8.018094,2025-10-13 04:33:49
4985,10,30000,1500,0.659333,2.103188,39964.281604,1.993711,15.690361,8.016907,2025-10-13 04:33:51
4986,10,30000,1500,0.572000,2.083814,39966.365418,1.993711,15.690361,8.015717,2025-10-13 04:33:53
4987,10,30000,1500,0.629333,2.011387,39968.376805,1.993711,15.690361,8.014513,2025-10-13 04:33:55
4988,10,30000,1500,0.669333,2.110997,39970.487801,1.993711,15.690361,8.013330,2025-10-13 04:33:57
4989,10,30000,1500,0.681333,2.145163,39972.632964,1.993711,15.690361,8.012153,2025-10-13 04:34:00
4990,10,30000,1500,0.610667,2.124543,39974.757507,1.993711,15.690361,8.010973,2025-10-13 04:34:02
4991,10,30000,1500,0.625333,2.089075,39976.846582,1.993711,15.690361,8.009787,2025-10-13 04:34:04
4992,10,30000,1500,0.715333,2.085596,39978.932178,1.993711,15.690361,8.008600,2025-10-13 04:34:06
4993,10,30000,1500,0.688667,2.009442,39980.941620,1.993711,15.690361,8.007399,2025-10-13 04:34:08
4994,10,30000,1500,0.713333,2.080434,39983.022054,1.993711,15.690361,8.006212,2025-10-13 04:34:10
4995,10,30000,1500,0.597333,2.087912,39985.109966,1.993711,15.690361,8.005027,2025-10-13 04:34:12
4996,10,30000,1500,0.556667,2.085068,39987.195034,1.993711,15.690361,8.003842,2025-10-13 04:34:14
4997,10,30000,1500,0.648667,2.083167,39989.278201,1.993711,15.690361,8.002657,2025-10-13 04:34:16
4998,10,30000,1500,0.656000,2.080405,39991.358606,1.993711,15.690361,8.001472,2025-10-13 04:34:18
4999,10,30000,1500,0.641333,1.998512,39993.357118,1.993711,15.690361,8.000271,2025-10-13 04:34:20
5000,10,30000,1500,0.733333,2.078997,39995.436115,1.993711,15.690361,7.999087,2025-10-13 04:34:22
5001,10,30000,1500,0.655333,2.102977,39997.539092,1.993711,15.690361,7.997908,2025-10-13 04:34:24
5002,10,30000,1500,0.621333,2.120642,39999.659734,1.993711,15.690361,7.996733,2025-10-13 04:34:27
5003,10,30000,1500,0.637333,2.149642,40001.809376,1.993711,15.690361,7.995565,2025-10-13 04:34:29
5004,10,30000,1500,0.662000,2.208097,40004.017473,1.993711,15.690361,7.994408,2025-10-13 04:34:31
5005,10,30000,1500,0.587333,2.025625,40006.043098,1.993711,15.690361,7.993215,2025-10-13 04:34:33
5006,10,30000,1500,0.629333,2.089730,40008.132828,1.993711,15.690361,7.992036,2025-10-13 04:34:35
5007,10,30000,1500,0.617333,2.086826,40010.219654,1.993711,15.690361,7.990857,2025-10-13 04:34:37
5008,10,30000,1500,0.676667,2.091873,40012.311527,1.993711,15.690361,7.989679,2025-10-13 04:34:39
5009,10,30000,1500,0.677333,2.095217,40014.406744,1.993711,15.690361,7.988502,2025-10-13 04:34:41
5010,10,30000,1500,0.644000,2.096306,40016.503050,1.993711,15.690361,7.987326,2025-10-13 04:34:43
5011,10,30000,1500,0.580000,2.015314,40018.518364,1.993711,15.690361,7.986134,2025-10-13 04:34:45
5012,10,30000,1500,0.610667,2.086523,40020.604887,1.993711,15.690361,7.984957,2025-10-13 04:34:48
5013,10,30000,1500,0.660000,2.082728,40022.687615,1.993711,15.690361,7.983780,2025-10-13 04:34:50
5014,10,30000,1500,0.609333,2.106903,40024.794518,1.993711,15.690361,7.982608,2025-10-13 04:34:52
5015,10,30000,1500,0.659333,2.086721,40026.881239,1.993711,15.690361,7.981432,2025-10-13 04:34:54
5016,10,30000,1500,0.612667,2.083671,40028.964910,1.993711,15.690361,7.980256,2025-10-13 04:34:56
5017,10,30000,1500,0.605333,2.014115,40030.979025,1.993711,15.690361,7.979067,2025-10-13 04:34:58
5018,10,30000,1500,0.635333,2.118551,40033.097576,1.993711,15.690361,7.977899,2025-10-13 04:35:00
5019,10,30000,1500,0.619333,2.081079,40035.178655,1.993711,15.690361,7.976724,2025-10-13 04:35:02
5020,10,30000,1500,0.652667,2.123072,40037.301727,1.993711,15.690361,7.975558,2025-10-13 04:35:04
5021,10,30000,1500,0.654667,2.132049,40039.433776,1.993711,15.690361,7.974394,2025-10-13 04:35:06
5022,10,30000,1500,0.626000,2.122065,40041.555842,1.993711,15.690361,7.973229,2025-10-13 04:35:09
5023,10,30000,1500,0.600667,2.038708,40043.594550,1.993711,15.690361,7.972047,2025-10-13 04:35:11
5024,10,30000,1500,0.700667,2.091065,40045.685615,1.993711,15.690361,7.970877,2025-10-13 04:35:13
5025,10,30000,1500,0.659333,2.089192,40047.774807,1.993711,15.690361,7.969706,2025-10-13 04:35:15
5026,10,30000,1500,0.719333,2.148175,40049.922983,1.993711,15.690361,7.968548,2025-10-13 04:35:17
5027,10,30000,1500,0.666000,2.136047,40052.059030,1.993711,15.690361,7.967388,2025-10-13 04:35:19
5028,10,30000,1500,0.690000,2.097194,40054.156224,1.993711,15.690361,7.966220,2025-10-13 04:35:21
5029,10,30000,1500,0.614000,2.017195,40056.173419,1.993711,15.690361,7.965037,2025-10-13 04:35:23
5030,10,30000,1500,0.646000,2.101313,40058.274732,1.993711,15.690361,7.963872,2025-10-13 04:35:25
5031,10,30000,1500,0.604667,2.098275,40060.373007,1.993711,15.690361,7.962706,2025-10-13 04:35:27
5032,10,30000,1500,0.570000,2.092229,40062.465235,1.993711,15.690361,7.961539,2025-10-13 04:35:29
5033,10,30000,1500,0.649333,2.132677,40064.597912,1.993711,15.690361,7.960381,2025-10-13 04:35:32
5034,10,30000,1500,0.590667,2.097296,40066.695208,1.993711,15.690361,7.959216,2025-10-13 04:35:34
5035,10,30000,1500,0.606000,2.002935,40068.698143,1.993711,15.690361,7.958033,2025-10-13 04:35:36
5036,10,30000,1500,0.633333,2.089376,40070.787519,1.993711,15.690361,7.956868,2025-10-13 04:35:38
5037,10,30000,1500,0.635333,2.115873,40072.903393,1.993711,15.690361,7.955708,2025-10-13 04:35:40
5038,10,30000,1500,0.580000,2.137644,40075.041036,1.993711,15.690361,7.954554,2025-10-13 04:35:42
5039,10,30000,1500,0.652000,2.136613,40077.177650,1.993711,15.690361,7.953399,2025-10-13 04:35:44
5040,10,30000,1500,0.592667,2.123784,40079.301433,1.993711,15.690361,7.952242,2025-10-13 04:35:46
5041,10,30000,1500,0.624000,2.041794,40081.343227,1.993711,15.690361,7.951070,2025-10-13 04:35:48
5042,10,30000,1500,0.662667,2.126452,40083.469679,1.993711,15.690361,7.949915,2025-10-13 04:35:50
5043,10,30000,1500,0.576000,2.109993,40085.579671,1.993711,15.690361,7.948757,2025-10-13 04:35:53
5044,10,30000,1500,0.626667,2.086586,40087.666257,1.993711,15.690361,7.947594,2025-10-13 04:35:55
5045,10,30000,1500,0.574667,2.084914,40089.751171,1.993711,15.690361,7.946432,2025-10-13 04:35:57
5046,10,30000,1500,0.656667,2.092519,40091.843690,1.993711,15.690361,7.945272,2025-10-13 04:35:59
5047,10,30000,1500,0.633333,2.009003,40093.852693,1.993711,15.690361,7.944096,2025-10-13 04:36:01
5048,10,30000,1500,0.604667,2.141245,40095.993938,1.993711,15.690361,7.942947,2025-10-13 04:36:03
5049,10,30000,1500,0.608667,2.090633,40098.084570,1.993711,15.690361,7.941787,2025-10-13 04:36:05
5050,10,30000,1500,0.596667,2.086562,40100.171133,1.993711,15.690361,7.940628,2025-10-13 04:36:07
5051,10,30000,1500,0.559333,2.115866,40102.286999,1.993711,15.690361,7.939475,2025-10-13 04:36:09
5052,10,30000,1500,0.590000,2.091644,40104.378643,1.993711,15.690361,7.938317,2025-10-13 04:36:11
5053,10,30000,1500,0.584667,2.007791,40106.386434,1.993711,15.690361,7.937144,2025-10-13 04:36:13
5054,10,30000,1500,0.534667,2.089834,40108.476268,1.993711,15.690361,7.935987,2025-10-13 04:36:16
5055,10,30000,1500,0.588000,2.083148,40110.559416,1.993711,15.690361,7.934829,2025-10-13 04:36:18
5056,10,30000,1500,0.596667,2.088806,40112.648221,1.993711,15.690361,7.933673,2025-10-13 04:36:20
5057,10,30000,1500,0.574000,2.136331,40114.784553,1.993711,15.690361,7.932526,2025-10-13 04:36:22
5058,10,30000,1500,0.570667,2.112931,40116.897483,1.993711,15.690361,7.931376,2025-10-13 04:36:24
5059,10,30000,1500,0.594667,1.998615,40118.896099,1.993711,15.690361,7.930203,2025-10-13 04:36:26
5060,10,30000,1500,0.594667,2.120787,40121.016886,1.993711,15.690361,7.929055,2025-10-13 04:36:28
5061,10,30000,1500,0.648667,2.126911,40123.143797,1.993711,15.690361,7.927908,2025-10-13 04:36:30
5062,10,30000,1500,0.578000,2.127954,40125.271751,1.993711,15.690361,7.926762,2025-10-13 04:36:32
5063,10,30000,1500,0.618000,2.117756,40127.389506,1.993711,15.690361,7.925615,2025-10-13 04:36:34
5064,10,30000,1500,0.590000,2.117730,40129.507236,1.993711,15.690361,7.924468,2025-10-13 04:36:37
5065,10,30000,1500,0.581333,2.037753,40131.544989,1.993711,15.690361,7.923306,2025-10-13 04:36:39
5066,10,30000,1500,0.552000,2.094194,40133.639184,1.993711,15.690361,7.922155,2025-10-13 04:36:41
5067,10,30000,1500,0.646000,2.077694,40135.716877,1.993711,15.690361,7.921002,2025-10-13 04:36:43
5068,10,30000,1500,0.579333,2.078056,40137.794933,1.993711,15.690361,7.919849,2025-10-13 04:36:45
5069,10,30000,1500,0.597333,2.078373,40139.873306,1.993711,15.690361,7.918697,2025-10-13 04:36:47
5070,10,30000,1500,0.576667,2.078853,40141.952158,1.993711,15.690361,7.917545,2025-10-13 04:36:49
5071,10,30000,1500,0.610667,2.011992,40143.964150,1.993711,15.690361,7.916380,2025-10-13 04:36:51
5072,10,30000,1500,0.612667,2.078913,40146.043063,1.993711,15.690361,7.915229,2025-10-13 04:36:53
5073,10,30000,1500,0.622667,2.076228,40148.119291,1.993711,15.690361,7.914078,2025-10-13 04:36:55
5074,10,30000,1500,0.627333,2.076745,40150.196035,1.993711,15.690361,7.912928,2025-10-13 04:36:57
5075,10,30000,1500,0.642000,2.078547,40152.274583,1.993711,15.690361,7.911778,2025-10-13 04:36:59
5076,10,30000,1500,0.695333,2.123896,40154.398478,1.993711,15.690361,7.910638,2025-10-13 04:37:01
5077,10,30000,1500,0.685333,1.993183,40156.391661,1.993183,15.690361,7.909472,2025-10-13 04:37:03
5078,10,30000,1500,0.689333,2.081104,40158.472766,1.993183,15.690361,7.908325,2025-10-13 04:37:06
5079,10,30000,1500,0.578667,2.079356,40160.552121,1.993183,15.690361,7.907177,2025-10-13 04:37:08
5080,10,30000,1500,0.551333,2.076256,40162.628378,1.993183,15.690361,7.906029,2025-10-13 04:37:10
5081,10,30000,1500,0.624000,2.077392,40164.705770,1.993183,15.690361,7.904882,2025-10-13 04:37:12
5082,10,30000,1500,0.593333,2.080467,40166.786237,1.993183,15.690361,7.903736,2025-10-13 04:37:14
5083,10,30000,1500,0.609333,1.992468,40168.778705,1.992468,15.690361,7.902573,2025-10-13 04:37:16
5084,10,30000,1500,0.700667,2.076296,40170.855001,1.992468,15.690361,7.901427,2025-10-13 04:37:18
5085,10,30000,1500,0.636000,2.077092,40172.932093,1.992468,15.690361,7.900282,2025-10-13 04:37:20
5086,10,30000,1500,0.582667,2.078559,40175.010653,1.992468,15.690361,7.899137,2025-10-13 04:37:22
5087,10,30000,1500,0.586667,2.078423,40177.089075,1.992468,15.690361,7.897993,2025-10-13 04:37:24
5088,10,30000,1500,0.624000,2.077598,40179.166674,1.992468,15.690361,7.896849,2025-10-13 04:37:26
5089,10,30000,1500,0.602667,1.992418,40181.159092,1.992418,15.690361,7.895689,2025-10-13 04:37:28
5090,10,30000,1500,0.586000,2.080345,40183.239437,1.992418,15.690361,7.894546,2025-10-13 04:37:30
5091,10,30000,1500,0.620667,2.077428,40185.316864,1.992418,15.690361,7.893403,2025-10-13 04:37:32
5092,10,30000,1500,0.656000,2.079496,40187.396361,1.992418,15.690361,7.892262,2025-10-13 04:37:35
5093,10,30000,1500,0.638667,2.079402,40189.475763,1.992418,15.690361,7.891120,2025-10-13 04:37:37
5094,10,30000,1500,0.638667,2.078190,40191.553952,1.992418,15.690361,7.889979,2025-10-13 04:37:39
5095,10,30000,1500,0.569333,1.991276,40193.545229,1.991276,15.690361,7.888821,2025-10-13 04:37:41
5096,10,30000,1500,0.599333,2.078854,40195.624083,1.991276,15.690361,7.887681,2025-10-13 04:37:43
5097,10,30000,1500,0.622667,2.076624,40197.700707,1.991276,15.690361,7.886541,2025-10-13 04:37:45
5098,10,30000,1500,0.588667,2.079146,40199.779853,1.991276,15.690361,7.885402,2025-10-13 04:37:47
5099,10,30000,1500,0.656667,2.077844,40201.857697,1.991276,15.690361,7.884263,2025-10-13 04:37:49
5100,10,30000,1500,0.577333,2.078996,40203.936693,1.991276,15.690361,7.883125,2025-10-13 04:37:51
5101,10,30000,1500,0.580667,1.994495,40205.931189,1.991276,15.690361,7.881970,2025-10-13 04:37:53
5102,10,30000,1500,0.556667,2.079120,40208.010309,1.991276,15.690361,7.880833,2025-10-13 04:37:55
5103,10,30000,1500,0.582667,2.082432,40210.092740,1.991276,15.690361,7.879697,2025-10-13 04:37:57
5104,10,30000,1500,0.601333,2.077968,40212.170708,1.991276,15.690361,7.878560,2025-10-13 04:37:59
5105,10,30000,1500,0.608667,2.079487,40214.250195,1.991276,15.690361,7.877424,2025-10-13 04:38:01
5106,10,30000,1500,0.603333,2.113854,40216.364049,1.991276,15.690361,7.876295,2025-10-13 04:38:04
5107,10,30000,1500,0.580667,2.035131,40218.399180,1.991276,15.690361,7.875152,2025-10-13 04:38:06
5108,10,30000,1500,0.638000,2.113345,40220.512525,1.991276,15.690361,7.874024,2025-10-13 04:38:08
5109,10,30000,1500,0.619333,2.131570,40222.644095,1.991276,15.690361,7.872900,2025-10-13 04:38:10
5110,10,30000,1500,0.673333,2.106613,40224.750708,1.991276,15.690361,7.871771,2025-10-13 04:38:12
5111,10,30000,1500,0.650000,2.116669,40226.867377,1.991276,15.690361,7.870645,2025-10-13 04:38:14
5112,10,30000,1500,0.617333,2.126651,40228.994028,1.991276,15.690361,7.869522,2025-10-13 04:38:16
5113,10,30000,1500,0.612000,2.027311,40231.021339,1.991276,15.690361,7.868379,2025-10-13 04:38:18
5114,10,30000,1500,0.562667,2.078404,40233.099743,1.991276,15.690361,7.867247,2025-10-13 04:38:20
5115,10,30000,1500,0.598000,2.076509,40235.176251,1.991276,15.690361,7.866115,2025-10-13 04:38:22
5116,10,30000,1500,0.591333,2.106742,40237.282994,1.991276,15.690361,7.864989,2025-10-13 04:38:24
5117,10,30000,1500,0.579333,2.095368,40239.378362,1.991276,15.690361,7.863861,2025-10-13 04:38:27
5118,10,30000,1500,0.558000,2.077108,40241.455470,1.991276,15.690361,7.862731,2025-10-13 04:38:29
5119,10,30000,1500,0.583333,1.990646,40243.446116,1.990646,15.690361,7.861584,2025-10-13 04:38:31
5120,10,30000,1500,0.658000,2.079026,40245.525142,1.990646,15.690361,7.860454,2025-10-13 04:38:33
5121,10,30000,1500,0.644667,2.080788,40247.605930,1.990646,15.690361,7.859326,2025-10-13 04:38:35
5122,10,30000,1500,0.619333,2.079675,40249.685605,1.990646,15.690361,7.858197,2025-10-13 04:38:37
5123,10,30000,1500,0.613333,2.077790,40251.763395,1.990646,15.690361,7.857069,2025-10-13 04:38:39
5124,10,30000,1500,0.700667,2.078763,40253.842158,1.990646,15.690361,7.855941,2025-10-13 04:38:41
5125,10,30000,1500,0.712000,1.995113,40255.837271,1.990646,15.690361,7.854798,2025-10-13 04:38:43
5126,10,30000,1500,0.681333,2.076414,40257.913685,1.990646,15.690361,7.853670,2025-10-13 04:38:45
5127,10,30000,1500,0.705333,2.081958,40259.995643,1.990646,15.690361,7.852544,2025-10-13 04:38:47
5128,10,30000,1500,0.565333,2.076944,40262.072586,1.990646,15.690361,7.851418,2025-10-13 04:38:49
5129,10,30000,1500,0.596667,2.086011,40264.158598,1.990646,15.690361,7.850294,2025-10-13 04:38:51
5130,10,30000,1500,0.605333,2.079117,40266.237714,1.990646,15.690361,7.849169,2025-10-13 04:38:53
5131,10,30000,1500,0.564667,1.995023,40268.232738,1.990646,15.690361,7.848028,2025-10-13 04:38:55
5132,10,30000,1500,0.637333,2.078125,40270.310862,1.990646,15.690361,7.846904,2025-10-13 04:38:58
5133,10,30000,1500,0.710667,2.115761,40272.426623,1.990646,15.690361,7.845787,2025-10-13 04:39:00
5134,10,30000,1500,0.569333,2.077013,40274.503636,1.990646,15.690361,7.844664,2025-10-13 04:39:02
5135,10,30000,1500,0.614667,2.083566,40276.587202,1.990646,15.690361,7.843542,2025-10-13 04:39:04
5136,10,30000,1500,0.658000,2.121006,40278.708209,1.990646,15.690361,7.842428,2025-10-13 04:39:06
5137,10,30000,1500,0.654667,2.009155,40280.717364,1.990646,15.690361,7.841292,2025-10-13 04:39:08
5138,10,30000,1500,0.681333,2.079075,40282.796439,1.990646,15.690361,7.840171,2025-10-13 04:39:10
5139,10,30000,1500,0.778000,2.080349,40284.876787,1.990646,15.690361,7.839050,2025-10-13 04:39:12
5140,10,30000,1500,0.666000,2.080192,40286.956979,1.990646,15.690361,7.837929,2025-10-13 04:39:14
5141,10,30000,1500,0.575333,2.081200,40289.038179,1.990646,15.690361,7.836810,2025-10-13 04:39:16
5142,10,30000,1500,0.628000,2.082541,40291.120720,1.990646,15.690361,7.835691,2025-10-13 04:39:18
5143,10,30000,1500,0.646000,1.994320,40293.115039,1.990646,15.690361,7.834555,2025-10-13 04:39:20
5144,10,30000,1500,0.608667,2.094508,40295.209548,1.990646,15.690361,7.833439,2025-10-13 04:39:22
5145,10,30000,1500,0.697333,2.138305,40297.347852,1.990646,15.690361,7.832332,2025-10-13 04:39:25
5146,10,30000,1500,0.686667,2.142275,40299.490128,1.990646,15.690361,7.831226,2025-10-13 04:39:27
5147,10,30000,1500,0.638000,2.123836,40301.613964,1.990646,15.690361,7.830117,2025-10-13 04:39:29
5148,10,30000,1500,0.700667,2.128689,40303.742654,1.990646,15.690361,7.829010,2025-10-13 04:39:31
5149,10,30000,1500,0.722667,2.014414,40305.757067,1.990646,15.690361,7.827881,2025-10-13 04:39:33
5150,10,30000,1500,0.696000,2.088036,40307.845103,1.990646,15.690361,7.826766,2025-10-13 04:39:35
5151,10,30000,1500,0.669333,2.082629,40309.927732,1.990646,15.690361,7.825651,2025-10-13 04:39:37
5152,10,30000,1500,0.670667,2.080573,40312.008305,1.990646,15.690361,7.824536,2025-10-13 04:39:39
5153,10,30000,1500,0.651333,2.077467,40314.085772,1.990646,15.690361,7.823420,2025-10-13 04:39:41
5154,10,30000,1500,0.588667,2.110522,40316.196294,1.990646,15.690361,7.822312,2025-10-13 04:39:43
5155,10,30000,1500,0.758000,1.992019,40318.188313,1.990646,15.690361,7.821181,2025-10-13 04:39:45
5156,10,30000,1500,0.707333,2.075847,40320.264161,1.990646,15.690361,7.820067,2025-10-13 04:39:48
5157,10,30000,1500,0.717333,2.081000,40322.345161,1.990646,15.690361,7.818954,2025-10-13 04:39:50
5158,10,30000,1500,0.658667,2.079220,40324.424381,1.990646,15.690361,7.817841,2025-10-13 04:39:52
5159,10,30000,1500,0.640667,2.078050,40326.502431,1.990646,15.690361,7.816729,2025-10-13 04:39:54
5160,10,30000,1500,0.743333,2.075602,40328.578034,1.990646,15.690361,7.815616,2025-10-13 04:39:56
5161,10,30000,1500,0.724667,2.012648,40330.590682,1.990646,15.690361,7.814492,2025-10-13 04:39:58
5162,10,30000,1500,0.733333,2.126564,40332.717246,1.990646,15.690361,7.813390,2025-10-13 04:40:00
5163,10,30000,1500,0.635333,2.078749,40334.795995,1.990646,15.690361,7.812279,2025-10-13 04:40:02
5164,10,30000,1500,0.673333,2.079218,40336.875212,1.990646,15.690361,7.811169,2025-10-13 04:40:04
5165,10,30000,1500,0.616000,2.078537,40338.953750,1.990646,15.690361,7.810059,2025-10-13 04:40:06
5166,10,30000,1500,0.630000,2.076912,40341.030662,1.990646,15.690361,7.808949,2025-10-13 04:40:08
5167,10,30000,1500,0.644667,2.004560,40343.035221,1.990646,15.690361,7.807826,2025-10-13 04:40:10
5168,10,30000,1500,0.592000,2.128975,40345.164196,1.990646,15.690361,7.806727,2025-10-13 04:40:12
5169,10,30000,1500,0.600667,2.078550,40347.242746,1.990646,15.690361,7.805619,2025-10-13 04:40:15
5170,10,30000,1500,0.704000,2.081898,40349.324644,1.990646,15.690361,7.804512,2025-10-13 04:40:17
5171,10,30000,1500,0.656667,2.104354,40351.428998,1.990646,15.690361,7.803409,2025-10-13 04:40:19
5172,10,30000,1500,0.669333,2.130175,40353.559173,1.990646,15.690361,7.802312,2025-10-13 04:40:21
5173,10,30000,1500,0.686667,2.023654,40355.582827,1.990646,15.690361,7.801195,2025-10-13 04:40:23
5174,10,30000,1500,0.599333,2.122149,40357.704976,1.990646,15.690361,7.800098,2025-10-13 04:40:25
5175,10,30000,1500,0.655333,2.128656,40359.833632,1.990646,15.690361,7.799002,2025-10-13 04:40:27
5176,10,30000,1500,0.641333,2.122562,40361.956194,1.990646,15.690361,7.797905,2025-10-13 04:40:29
5177,10,30000,1500,0.680000,2.128351,40364.084546,1.990646,15.690361,7.796810,2025-10-13 04:40:31
5178,10,30000,1500,0.584000,2.124015,40366.208560,1.990646,15.690361,7.795714,2025-10-13 04:40:34
5179,10,30000,1500,0.590667,2.030671,40368.239231,1.990646,15.690361,7.794601,2025-10-13 04:40:36
5180,10,30000,1500,0.597333,2.089468,40370.328698,1.990646,15.690361,7.793500,2025-10-13 04:40:38
5181,10,30000,1500,0.610667,2.098750,40372.427449,1.990646,15.690361,7.792401,2025-10-13 04:40:40
5182,10,30000,1500,0.614000,2.083204,40374.510653,1.990646,15.690361,7.791299,2025-10-13 04:40:42
5183,10,30000,1500,0.539333,2.131321,40376.641974,1.990646,15.690361,7.790207,2025-10-13 04:40:44
5184,10,30000,1500,0.628667,2.126922,40378.768896,1.990646,15.690361,7.789114,2025-10-13 04:40:46
5185,10,30000,1500,0.696667,2.039703,40380.808600,1.990646,15.690361,7.788006,2025-10-13 04:40:48
5186,10,30000,1500,0.716667,2.129093,40382.937692,1.990646,15.690361,7.786914,2025-10-13 04:40:50
5187,10,30000,1500,0.762667,2.126725,40385.064417,1.990646,15.690361,7.785823,2025-10-13 04:40:52
5188,10,30000,1500,0.646000,2.125329,40387.189746,1.990646,15.690361,7.784732,2025-10-13 04:40:55
5189,10,30000,1500,0.643333,2.125338,40389.315084,1.990646,15.690361,7.783641,2025-10-13 04:40:57
5190,10,30000,1500,0.629333,2.129732,40391.444816,1.990646,15.690361,7.782552,2025-10-13 04:40:59
5191,10,30000,1500,0.596667,2.040067,40393.484883,1.990646,15.690361,7.781446,2025-10-13 04:41:01
5192,10,30000,1500,0.676667,2.123532,40395.608415,1.990646,15.690361,7.780356,2025-10-13 04:41:03
5193,10,30000,1500,0.612667,2.121203,40397.729618,1.990646,15.690361,7.779266,2025-10-13 04:41:05
5194,10,30000,1500,0.626000,2.125487,40399.855105,1.990646,15.690361,7.778178,2025-10-13 04:41:07
5195,10,30000,1500,0.677333,2.111208,40401.966314,1.990646,15.690361,7.777087,2025-10-13 04:41:09
5196,10,30000,1500,0.710000,2.082728,40404.049042,1.990646,15.690361,7.775991,2025-10-13 04:41:11
5197,10,30000,1500,0.655333,1.995183,40406.044225,1.990646,15.690361,7.774879,2025-10-13 04:41:13
5198,10,30000,1500,0.710667,2.116580,40408.160805,1.990646,15.690361,7.773790,2025-10-13 04:41:16
5199,10,30000,1500,0.614667,2.131259,40410.292065,1.990646,15.690361,7.772705,2025-10-13 04:41:18
5200,10,30000,1500,0.675333,2.129820,40412.421885,1.990646,15.690361,7.771620,2025-10-13 04:41:20
5201,10,30000,1500,0.610000,2.128322,40414.550207,1.990646,15.690361,7.770535,2025-10-13 04:41:22
5202,10,30000,1500,0.601333,2.143398,40416.693605,1.990646,15.690361,7.769453,2025-10-13 04:41:24
5203,10,30000,1500,0.671333,2.030290,40418.723895,1.990646,15.690361,7.768350,2025-10-13 04:41:26
5204,10,30000,1500,0.640000,2.120736,40420.844631,1.990646,15.690361,7.767265,2025-10-13 04:41:28
5205,10,30000,1500,0.758667,2.128258,40422.972889,1.990646,15.690361,7.766181,2025-10-13 04:41:30
5206,10,30000,1500,0.755333,2.139805,40425.112694,1.990646,15.690361,7.765100,2025-10-13 04:41:33
5207,10,30000,1500,0.746667,2.122748,40427.235442,1.990646,15.690361,7.764017,2025-10-13 04:41:35
5208,10,30000,1500,0.707333,2.123323,40429.358765,1.990646,15.690361,7.762934,2025-10-13 04:41:37
5209,10,30000,1500,0.670000,2.048678,40431.407443,1.990646,15.690361,7.761837,2025-10-13 04:41:39
5210,10,30000,1500,0.680000,2.125502,40433.532944,1.990646,15.690361,7.760755,2025-10-13 04:41:41
5211,10,30000,1500,0.660667,2.079540,40435.612485,1.990646,15.690361,7.759665,2025-10-13 04:41:43
5212,10,30000,1500,0.674000,2.115171,40437.727656,1.990646,15.690361,7.758582,2025-10-13 04:41:45
5213,10,30000,1500,0.580667,2.128094,40439.855750,1.990646,15.690361,7.757502,2025-10-13 04:41:47
5214,10,30000,1500,0.658000,2.128345,40441.984096,1.990646,15.690361,7.756422,2025-10-13 04:41:49
5215,10,30000,1500,0.611333,2.039982,40444.024078,1.990646,15.690361,7.755326,2025-10-13 04:41:51
5216,10,30000,1500,0.647333,2.127029,40446.151106,1.990646,15.690361,7.754247,2025-10-13 04:41:54
5217,10,30000,1500,0.624667,2.123693,40448.274799,1.990646,15.690361,7.753167,2025-10-13 04:41:56
5218,10,30000,1500,0.563333,2.126692,40450.401491,1.990646,15.690361,7.752089,2025-10-13 04:41:58
5219,10,30000,1500,0.605333,2.128410,40452.529900,1.990646,15.690361,7.751012,2025-10-13 04:42:00
5220,10,30000,1500,0.769333,2.129390,40454.659290,1.990646,15.690361,7.749935,2025-10-13 04:42:02
5221,10,30000,1500,0.770667,2.039836,40456.699126,1.990646,15.690361,7.748841,2025-10-13 04:42:04
5222,10,30000,1500,0.761333,2.137215,40458.836341,1.990646,15.690361,7.747766,2025-10-13 04:42:06
5223,10,30000,1500,0.683333,2.140576,40460.976917,1.990646,15.690361,7.746693,2025-10-13 04:42:08
5224,10,30000,1500,0.738667,2.089558,40463.066475,1.990646,15.690361,7.745610,2025-10-13 04:42:11
5225,10,30000,1500,0.694000,2.114235,40465.180710,1.990646,15.690361,7.744532,2025-10-13 04:42:13
5226,10,30000,1500,0.677333,2.082116,40467.262825,1.990646,15.690361,7.743449,2025-10-13 04:42:15
5227,10,30000,1500,0.698667,1.994512,40469.257338,1.990646,15.690361,7.742349,2025-10-13 04:42:17
5228,10,30000,1500,0.668000,2.079566,40471.336904,1.990646,15.690361,7.741266,2025-10-13 04:42:19
5229,10,30000,1500,0.639333,2.080560,40473.417463,1.990646,15.690361,7.740183,2025-10-13 04:42:21
5230,10,30000,1500,0.699333,2.082214,40475.499678,1.990646,15.690361,7.739101,2025-10-13 04:42:23
5231,10,30000,1500,0.687333,2.103238,40477.602916,1.990646,15.690361,7.738024,2025-10-13 04:42:25
5232,10,30000,1500,0.651333,2.128742,40479.731657,1.990646,15.690361,7.736952,2025-10-13 04:42:27
5233,10,30000,1500,0.668667,2.042915,40481.774573,1.990646,15.690361,7.735864,2025-10-13 04:42:29
5234,10,30000,1500,0.584000,2.125065,40483.899638,1.990646,15.690361,7.734792,2025-10-13 04:42:31
5235,10,30000,1500,0.624000,2.126849,40486.026487,1.990646,15.690361,7.733720,2025-10-13 04:42:34
5236,10,30000,1500,0.619333,2.123508,40488.149995,1.990646,15.690361,7.732649,2025-10-13 04:42:36
5237,10,30000,1500,0.638667,2.130879,40490.280874,1.990646,15.690361,7.731579,2025-10-13 04:42:38
5238,10,30000,1500,0.649333,2.128913,40492.409786,1.990646,15.690361,7.730510,2025-10-13 04:42:40
5239,10,30000,1500,0.593333,2.040474,40494.450261,1.990646,15.690361,7.729424,2025-10-13 04:42:42
5240,10,30000,1500,0.694000,2.128216,40496.578477,1.990646,15.690361,7.728355,2025-10-13 04:42:44
5241,10,30000,1500,0.694000,2.127685,40498.706163,1.990646,15.690361,7.727286,2025-10-13 04:42:46
5242,10,30000,1500,0.734000,2.082948,40500.789110,1.990646,15.690361,7.726209,2025-10-13 04:42:48
5243,10,30000,1500,0.626000,2.100446,40502.889556,1.990646,15.690361,7.725136,2025-10-13 04:42:50
5244,10,30000,1500,0.677333,2.127998,40505.017555,1.990646,15.690361,7.724069,2025-10-13 04:42:53
5245,10,30000,1500,0.674000,2.043167,40507.060722,1.990646,15.690361,7.722986,2025-10-13 04:42:55
5246,10,30000,1500,0.640667,2.121380,40509.182102,1.990646,15.690361,7.721918,2025-10-13 04:42:57
5247,10,30000,1500,0.694667,2.124984,40511.307086,1.990646,15.690361,7.720851,2025-10-13 04:42:59
5248,10,30000,1500,0.609333,2.122372,40513.429458,1.990646,15.690361,7.719785,2025-10-13 04:43:01
5249,10,30000,1500,0.645333,2.124826,40515.554284,1.990646,15.690361,7.718719,2025-10-13 04:43:03
5250,10,30000,1500,0.621333,2.125875,40517.680159,1.990646,15.690361,7.717653,2025-10-13 04:43:05
5251,10,30000,1500,0.641333,2.037825,40519.717984,1.990646,15.690361,7.716572,2025-10-13 04:43:07
5252,10,30000,1500,0.606000,2.123987,40521.841971,1.990646,15.690361,7.715507,2025-10-13 04:43:09
5253,10,30000,1500,0.650000,2.126948,40523.968919,1.990646,15.690361,7.714443,2025-10-13 04:43:11
5254,10,30000,1500,0.555333,2.080081,40526.049000,1.990646,15.690361,7.713371,2025-10-13 04:43:14
5255,10,30000,1500,0.616667,2.129398,40528.178398,1.990646,15.690361,7.712308,2025-10-13 04:43:16
5256,10,30000,1500,0.593333,2.102243,40530.280641,1.990646,15.690361,7.711241,2025-10-13 04:43:18
5257,10,30000,1500,0.583333,2.037462,40532.318103,1.990646,15.690361,7.710161,2025-10-13 04:43:20
5258,10,30000,1500,0.639333,2.122198,40534.440301,1.990646,15.690361,7.709099,2025-10-13 04:43:22
5259,10,30000,1500,0.590667,2.131224,40536.571524,1.990646,15.690361,7.708038,2025-10-13 04:43:24
5260,10,30000,1500,0.701333,2.123109,40538.694633,1.990646,15.690361,7.706976,2025-10-13 04:43:26
5261,10,30000,1500,0.734000,2.122888,40540.817521,1.990646,15.690361,7.705915,2025-10-13 04:43:28
5262,10,30000,1500,0.638667,2.139857,40542.957378,1.990646,15.690361,7.704857,2025-10-13 04:43:31
5263,10,30000,1500,0.751333,2.049424,40545.006802,1.990646,15.690361,7.703782,2025-10-13 04:43:33
5264,10,30000,1500,0.632667,2.126850,40547.133652,1.990646,15.690361,7.702723,2025-10-13 04:43:35
5265,10,30000,1500,0.676667,2.126706,40549.260358,1.990646,15.690361,7.701664,2025-10-13 04:43:37
5266,10,30000,1500,0.682667,2.101470,40551.361828,1.990646,15.690361,7.700600,2025-10-13 04:43:39
5267,10,30000,1500,0.626000,2.100503,40553.462331,1.990646,15.690361,7.699537,2025-10-13 04:43:41
5268,10,30000,1500,0.669333,2.125715,40555.588047,1.990646,15.690361,7.698479,2025-10-13 04:43:43
5269,10,30000,1500,0.640667,1.992817,40557.580864,1.990646,15.690361,7.697396,2025-10-13 04:43:45
5270,10,30000,1500,0.661333,2.107220,40559.688084,1.990646,15.690361,7.696335,2025-10-13 04:43:47
5271,10,30000,1500,0.618000,2.124329,40561.812412,1.990646,15.690361,7.695278,2025-10-13 04:43:49
5272,10,30000,1500,0.692667,2.123175,40563.935588,1.990646,15.690361,7.694221,2025-10-13 04:43:52
5273,10,30000,1500,0.620000,2.128507,40566.064095,1.990646,15.690361,7.693166,2025-10-13 04:43:54
5274,10,30000,1500,0.643333,2.080996,40568.145090,1.990646,15.690361,7.692102,2025-10-13 04:43:56
5275,10,30000,1500,0.680667,1.992677,40570.137767,1.990646,15.690361,7.691021,2025-10-13 04:43:58
5276,10,30000,1500,0.647333,2.082165,40572.219933,1.990646,15.690361,7.689958,2025-10-13 04:44:00
5277,10,30000,1500,0.639333,2.133403,40574.353336,1.990646,15.690361,7.688905,2025-10-13 04:44:02
5278,10,30000,1500,0.596000,2.128304,40576.481641,1.990646,15.690361,7.687852,2025-10-13 04:44:04
5279,10,30000,1500,0.578667,2.152262,40578.633902,1.990646,15.690361,7.686803,2025-10-13 04:44:06
5280,10,30000,1500,0.652000,2.129136,40580.763038,1.990646,15.690361,7.685751,2025-10-13 04:44:08
5281,10,30000,1500,0.615333,2.040273,40582.803312,1.990646,15.690361,7.684682,2025-10-13 04:44:10
5282,10,30000,1500,0.631333,2.120016,40584.923328,1.990646,15.690361,7.683628,2025-10-13 04:44:13
5283,10,30000,1500,0.572667,2.081487,40587.004815,1.990646,15.690361,7.682568,2025-10-13 04:44:15
5284,10,30000,1500,0.594000,2.082435,40589.087250,1.990646,15.690361,7.681508,2025-10-13 04:44:17
5285,10,30000,1500,0.562667,2.122301,40591.209551,1.990646,15.690361,7.680456,2025-10-13 04:44:19
5286,10,30000,1500,0.638000,2.124466,40593.334017,1.990646,15.690361,7.679405,2025-10-13 04:44:21
5287,10,30000,1500,0.548667,2.041697,40595.375714,1.990646,15.690361,7.678339,2025-10-13 04:44:23
5288,10,30000,1500,0.548667,2.126835,40597.502549,1.990646,15.690361,7.677289,2025-10-13 04:44:25
5289,10,30000,1500,0.604667,2.127663,40599.630212,1.990646,15.690361,7.676239,2025-10-13 04:44:27
5290,10,30000,1500,0.686667,2.152302,40601.782514,1.990646,15.690361,7.675195,2025-10-13 04:44:29
5291,10,30000,1500,0.685333,2.126350,40603.908864,1.990646,15.690361,7.674146,2025-10-13 04:44:32
5292,10,30000,1500,0.682000,2.133180,40606.042044,1.990646,15.690361,7.673099,2025-10-13 04:44:34
5293,10,30000,1500,0.608000,2.041028,40608.083072,1.990646,15.690361,7.672035,2025-10-13 04:44:36
5294,10,30000,1500,0.654667,2.123561,40610.206633,1.990646,15.690361,7.670987,2025-10-13 04:44:38
5295,10,30000,1500,0.568000,2.125713,40612.332346,1.990646,15.690361,7.669940,2025-10-13 04:44:40
5296,10,30000,1500,0.629333,2.119915,40614.452261,1.990646,15.690361,7.668892,2025-10-13 04:44:42
5297,10,30000,1500,0.590667,2.125712,40616.577974,1.990646,15.690361,7.667846,2025-10-13 04:44:44
5298,10,30000,1500,0.591333,2.122848,40618.700821,1.990646,15.690361,7.666799,2025-10-13 04:44:46
5299,10,30000,1500,0.548000,2.058117,40620.758939,1.990646,15.690361,7.665741,2025-10-13 04:44:48
5300,10,30000,1500,0.687333,2.121796,40622.880735,1.990646,15.690361,7.664694,2025-10-13 04:44:51
5301,10,30000,1500,0.680667,2.097241,40624.977976,1.990646,15.690361,7.663644,2025-10-13 04:44:53
5302,10,30000,1500,0.697333,2.079689,40627.057665,1.990646,15.690361,7.662591,2025-10-13 04:44:55
5303,10,30000,1500,0.668667,2.076890,40629.134555,1.990646,15.690361,7.661538,2025-10-13 04:44:57
5304,10,30000,1500,0.587333,2.075893,40631.210448,1.990646,15.690361,7.660485,2025-10-13 04:44:59
5305,10,30000,1500,0.661333,1.991382,40633.201830,1.990646,15.690361,7.659416,2025-10-13 04:45:01
5306,10,30000,1500,0.563333,2.078039,40635.279868,1.990646,15.690361,7.658364,2025-10-13 04:45:03
5307,10,30000,1500,0.651333,2.094437,40637.374305,1.990646,15.690361,7.657316,2025-10-13 04:45:05
5308,10,30000,1500,0.635333,2.075028,40639.449333,1.990646,15.690361,7.656264,2025-10-13 04:45:07
5309,10,30000,1500,0.598667,2.079625,40641.528958,1.990646,15.690361,7.655214,2025-10-13 04:45:09
5310,10,30000,1500,0.620000,2.077211,40643.606169,1.990646,15.690361,7.654163,2025-10-13 04:45:11
5311,10,30000,1500,0.615333,1.992939,40645.599108,1.990646,15.690361,7.653097,2025-10-13 04:45:13
5312,10,30000,1500,0.653333,2.080999,40647.680106,1.990646,15.690361,7.652048,2025-10-13 04:45:15
5313,10,30000,1500,0.552000,2.095041,40649.775147,1.990646,15.690361,7.651002,2025-10-13 04:45:17
5314,10,30000,1500,0.587333,2.082778,40651.857925,1.990646,15.690361,7.649954,2025-10-13 04:45:20
5315,10,30000,1500,0.546000,2.080285,40653.938209,1.990646,15.690361,7.648907,2025-10-13 04:45:22
5316,10,30000,1500,0.603333,2.086012,40656.024221,1.990646,15.690361,7.647860,2025-10-13 04:45:24
5317,10,30000,1500,0.590667,2.021920,40658.046141,1.990646,15.690361,7.646802,2025-10-13 04:45:26
5318,10,30000,1500,0.540000,2.126064,40660.172205,1.990646,15.690361,7.645764,2025-10-13 04:45:28
5319,10,30000,1500,0.603333,2.123584,40662.295789,1.990646,15.690361,7.644726,2025-10-13 04:45:30
5320,10,30000,1500,0.576000,2.125473,40664.421262,1.990646,15.690361,7.643688,2025-10-13 04:45:32
5321,10,30000,1500,0.621333,2.125985,40666.547247,1.990646,15.690361,7.642651,2025-10-13 04:45:34
5322,10,30000,1500,0.620000,2.116657,40668.663905,1.990646,15.690361,7.641613,2025-10-13 04:45:36
5323,10,30000,1500,0.586000,2.019563,40670.683467,1.990646,15.690361,7.640557,2025-10-13 04:45:38
5324,10,30000,1500,0.548667,2.121622,40672.805089,1.990646,15.690361,7.639520,2025-10-13 04:45:41
5325,10,30000,1500,0.633333,2.126769,40674.931858,1.990646,15.690361,7.638485,2025-10-13 04:45:43
5326,10,30000,1500,0.550667,2.125599,40677.057457,1.990646,15.690361,7.637450,2025-10-13 04:45:45
5327,10,30000,1500,0.584667,2.124355,40679.181812,1.990646,15.690361,7.636415,2025-10-13 04:45:47
5328,10,30000,1500,0.643333,2.105276,40681.287088,1.990646,15.690361,7.635377,2025-10-13 04:45:49
5329,10,30000,1500,0.590667,1.993864,40683.280952,1.990646,15.690361,7.634318,2025-10-13 04:45:51
5330,10,30000,1500,0.640667,2.127052,40685.408005,1.990646,15.690361,7.633285,2025-10-13 04:45:53
5331,10,30000,1500,0.651333,2.101659,40687.509664,1.990646,15.690361,7.632247,2025-10-13 04:45:55
5332,10,30000,1500,0.614000,2.127641,40689.637305,1.990646,15.690361,7.631215,2025-10-13 04:45:57
5333,10,30000,1500,0.683333,2.136490,40691.773795,1.990646,15.690361,7.630184,2025-10-13 04:46:00
5334,10,30000,1500,0.579333,2.129824,40693.903619,1.990646,15.690361,7.629153,2025-10-13 04:46:02
5335,10,30000,1500,0.647333,2.007628,40695.911247,1.990646,15.690361,7.628100,2025-10-13 04:46:04
5336,10,30000,1500,0.557333,2.111212,40698.022459,1.990646,15.690361,7.627066,2025-10-13 04:46:06
5337,10,30000,1500,0.609333,2.083847,40700.106307,1.990646,15.690361,7.626027,2025-10-13 04:46:08
5338,10,30000,1500,0.626000,2.146652,40702.252959,1.990646,15.690361,7.625001,2025-10-13 04:46:10
5339,10,30000,1500,0.596667,2.127537,40704.380496,1.990646,15.690361,7.623971,2025-10-13 04:46:12
5340,10,30000,1500,0.654667,2.121182,40706.501678,1.990646,15.690361,7.622940,2025-10-13 04:46:14
5341,10,30000,1500,0.666667,1.992723,40708.494401,1.990646,15.690361,7.621886,2025-10-13 04:46:16
5342,10,30000,1500,0.718667,2.078057,40710.572459,1.990646,15.690361,7.620848,2025-10-13 04:46:18
5343,10,30000,1500,0.666000,2.075972,40712.648431,1.990646,15.690361,7.619811,2025-10-13 04:46:20
5344,10,30000,1500,0.680667,2.079709,40714.728140,1.990646,15.690361,7.618774,2025-10-13 04:46:22
5345,10,30000,1500,0.706667,2.078272,40716.806412,1.990646,15.690361,7.617737,2025-10-13 04:46:25
5346,10,30000,1500,0.674000,2.076758,40718.883169,1.990646,15.690361,7.616701,2025-10-13 04:46:27
5347,10,30000,1500,0.669333,1.990952,40720.874121,1.990646,15.690361,7.615649,2025-10-13 04:46:29
5348,10,30000,1500,0.606000,2.077273,40722.951394,1.990646,15.690361,7.614613,2025-10-13 04:46:31
5349,10,30000,1500,0.695333,2.077516,40725.028911,1.990646,15.690361,7.613578,2025-10-13 04:46:33
5350,10,30000,1500,0.629333,2.096136,40727.125047,1.990646,15.690361,7.612547,2025-10-13 04:46:35
5351,10,30000,1500,0.682667,2.120154,40729.245201,1.990646,15.690361,7.611520,2025-10-13 04:46:37
5352,10,30000,1500,0.636667,2.118692,40731.363893,1.990646,15.690361,7.610494,2025-10-13 04:46:39
5353,10,30000,1500,0.614000,2.052748,40733.416641,1.990646,15.690361,7.609456,2025-10-13 04:46:41
5354,10,30000,1500,0.614667,2.126659,40735.543301,1.990646,15.690361,7.608432,2025-10-13 04:46:43
5355,10,30000,1500,0.626667,2.129455,40737.672756,1.990646,15.690361,7.607409,2025-10-13 04:46:45
5356,10,30000,1500,0.622000,2.126183,40739.798939,1.990646,15.690361,7.606385,2025-10-13 04:46:48
5357,10,30000,1500,0.630000,2.126390,40741.925329,1.990646,15.690361,7.605362,2025-10-13 04:46:50
5358,10,30000,1500,0.608000,2.091045,40744.016374,1.990646,15.690361,7.604333,2025-10-13 04:46:52
5359,10,30000,1500,0.535333,1.992022,40746.008397,1.990646,15.690361,7.603286,2025-10-13 04:46:54
5360,10,30000,1500,0.606000,2.084068,40748.092465,1.990646,15.690361,7.602256,2025-10-13 04:46:56
5361,10,30000,1500,0.580000,2.127814,40750.220278,1.990646,15.690361,7.601235,2025-10-13 04:46:58
5362,10,30000,1500,0.640667,2.152287,40752.372565,1.990646,15.690361,7.600219,2025-10-13 04:47:00
5363,10,30000,1500,0.646000,2.119748,40754.492313,1.990646,15.690361,7.599197,2025-10-13 04:47:02
5364,10,30000,1500,0.577333,2.123064,40756.615377,1.990646,15.690361,7.598176,2025-10-13 04:47:04
5365,10,30000,1500,0.718000,2.033877,40758.649254,1.990646,15.690361,7.597139,2025-10-13 04:47:06
5366,10,30000,1500,0.692667,2.147532,40760.796786,1.990646,15.690361,7.596123,2025-10-13 04:47:09
5367,10,30000,1500,0.679333,2.126686,40762.923472,1.990646,15.690361,7.595104,2025-10-13 04:47:11
5368,10,30000,1500,0.680667,2.129076,40765.052548,1.990646,15.690361,7.594086,2025-10-13 04:47:13
5369,10,30000,1500,0.620667,2.166939,40767.219487,1.990646,15.690361,7.593075,2025-10-13 04:47:15
5370,10,30000,1500,0.631333,2.127783,40769.347269,1.990646,15.690361,7.592057,2025-10-13 04:47:17
5371,10,30000,1500,0.638000,2.042754,40771.390023,1.990646,15.690361,7.591024,2025-10-13 04:47:19
5372,10,30000,1500,0.680667,2.127735,40773.517758,1.990646,15.690361,7.590007,2025-10-13 04:47:21
5373,10,30000,1500,0.676667,2.126751,40775.644509,1.990646,15.690361,7.588990,2025-10-13 04:47:23
5374,10,30000,1500,0.606000,2.096093,40777.740602,1.990646,15.690361,7.587968,2025-10-13 04:47:26
5375,10,30000,1500,0.631333,2.125405,40779.866008,1.990646,15.690361,7.586952,2025-10-13 04:47:28
5376,10,30000,1500,0.658667,2.129063,40781.995071,1.990646,15.690361,7.585937,2025-10-13 04:47:30
5377,10,30000,1500,0.686667,2.031343,40784.026414,1.990646,15.690361,7.584904,2025-10-13 04:47:32
5378,10,30000,1500,0.614667,2.101823,40786.128237,1.990646,15.690361,7.583884,2025-10-13 04:47:34
5379,10,30000,1500,0.668000,2.129865,40788.258101,1.990646,15.690361,7.582870,2025-10-13 04:47:36
5380,10,30000,1500,0.636667,2.127177,40790.385278,1.990646,15.690361,7.581856,2025-10-13 04:47:38
5381,10,30000,1500,0.638000,2.095826,40792.481104,1.990646,15.690361,7.580836,2025-10-13 04:47:40
5382,10,30000,1500,0.619333,2.153268,40794.634373,1.990646,15.690361,7.579828,2025-10-13 04:47:42
5383,10,30000,1500,0.654667,2.037948,40796.672320,1.990646,15.690361,7.578798,2025-10-13 04:47:45
5384,10,30000,1500,0.570667,2.125125,40798.797445,1.990646,15.690361,7.577786,2025-10-13 04:47:47
5385,10,30000,1500,0.630667,2.081344,40800.878789,1.990646,15.690361,7.576765,2025-10-13 04:47:49
5386,10,30000,1500,0.612000,2.093739,40802.972528,1.990646,15.690361,7.575747,2025-10-13 04:47:51
5387,10,30000,1500,0.642000,2.125900,40805.098428,1.990646,15.690361,7.574735,2025-10-13 04:47:53
5388,10,30000,1500,0.693333,2.121099,40807.219528,1.990646,15.690361,7.573723,2025-10-13 04:47:55
5389,10,30000,1500,0.634000,2.043351,40809.262879,1.990646,15.690361,7.572697,2025-10-13 04:47:57
5390,10,30000,1500,0.606667,2.076107,40811.338986,1.990646,15.690361,7.571677,2025-10-13 04:47:59
5391,10,30000,1500,0.600000,2.137363,40813.476349,1.990646,15.690361,7.570669,2025-10-13 04:48:01
5392,10,30000,1500,0.670000,2.126279,40815.602628,1.990646,15.690361,7.569659,2025-10-13 04:48:03
5393,10,30000,1500,0.600667,2.125174,40817.727802,1.990646,15.690361,7.568650,2025-10-13 04:48:06
5394,10,30000,1500,0.647333,2.105757,40819.833558,1.990646,15.690361,7.567637,2025-10-13 04:48:08
5395,10,30000,1500,0.662000,1.992365,40821.825924,1.990646,15.690361,7.566604,2025-10-13 04:48:10
5396,10,30000,1500,0.623333,2.092970,40823.918894,1.990646,15.690361,7.565589,2025-10-13 04:48:12
5397,10,30000,1500,0.699333,2.076182,40825.995076,1.990646,15.690361,7.564572,2025-10-13 04:48:14
5398,10,30000,1500,0.636000,2.077764,40828.072839,1.990646,15.690361,7.563556,2025-10-13 04:48:16
5399,10,30000,1500,0.703333,2.075954,40830.148793,1.990646,15.690361,7.562539,2025-10-13 04:48:18
5400,10,30000,1500,0.696667,2.086153,40832.234946,1.990646,15.690361,7.561525,2025-10-13 04:48:20
5401,10,30000,1500,0.659333,2.043382,40834.278329,1.990646,15.690361,7.560503,2025-10-13 04:48:22
5402,10,30000,1500,0.654000,2.131341,40836.409670,1.990646,15.690361,7.559498,2025-10-13 04:48:24
5403,10,30000,1500,0.656000,2.083438,40838.493108,1.990646,15.690361,7.558485,2025-10-13 04:48:26
5404,10,30000,1500,0.594667,2.122462,40840.615569,1.990646,15.690361,7.557479,2025-10-13 04:48:29
5405,10,30000,1500,0.594667,2.106041,40842.721611,1.990646,15.690361,7.556470,2025-10-13 04:48:31
5406,10,30000,1500,0.694000,2.088828,40844.810439,1.990646,15.690361,7.555459,2025-10-13 04:48:33
5407,10,30000,1500,0.686000,2.011867,40846.822306,1.990646,15.690361,7.554434,2025-10-13 04:48:35
5408,10,30000,1500,0.664667,2.085003,40848.907309,1.990646,15.690361,7.553422,2025-10-13 04:48:37
5409,10,30000,1500,0.613333,2.081571,40850.988880,1.990646,15.690361,7.552411,2025-10-13 04:48:39
5410,10,30000,1500,0.670000,2.131825,40853.120705,1.990646,15.690361,7.551409,2025-10-13 04:48:41
5411,10,30000,1500,0.574000,2.082334,40855.203038,1.990646,15.690361,7.550398,2025-10-13 04:48:43
5412,10,30000,1500,0.674000,2.080939,40857.283978,1.990646,15.690361,7.549387,2025-10-13 04:48:45
5413,10,30000,1500,0.610000,1.993101,40859.277079,1.990646,15.690361,7.548361,2025-10-13 04:48:47
5414,10,30000,1500,0.590667,2.082480,40861.359559,1.990646,15.690361,7.547351,2025-10-13 04:48:49
5415,10,30000,1500,0.596667,2.084287,40863.443846,1.990646,15.690361,7.546342,2025-10-13 04:48:51
5416,10,30000,1500,0.669333,2.102082,40865.545928,1.990646,15.690361,7.545337,2025-10-13 04:48:54
5417,10,30000,1500,0.684667,2.080218,40867.626147,1.990646,15.690361,7.544328,2025-10-13 04:48:56
5418,10,30000,1500,0.626667,2.083886,40869.710032,1.990646,15.690361,7.543320,2025-10-13 04:48:58
5419,10,30000,1500,0.603333,1.992863,40871.702895,1.990646,15.690361,7.542296,2025-10-13 04:49:00
5420,10,30000,1500,0.656000,2.077387,40873.780282,1.990646,15.690361,7.541288,2025-10-13 04:49:02
5421,10,30000,1500,0.582000,2.076136,40875.856419,1.990646,15.690361,7.540280,2025-10-13 04:49:04
5422,10,30000,1500,0.592667,2.126090,40877.982508,1.990646,15.690361,7.539281,2025-10-13 04:49:06
5423,10,30000,1500,0.593333,2.127014,40880.109523,1.990646,15.690361,7.538283,2025-10-13 04:49:08
5424,10,30000,1500,0.601333,2.125781,40882.235304,1.990646,15.690361,7.537285,2025-10-13 04:49:10
5425,10,30000,1500,0.518000,2.037796,40884.273100,1.990646,15.690361,7.536272,2025-10-13 04:49:12
5426,10,30000,1500,0.726000,2.120901,40886.394001,1.990646,15.690361,7.535273,2025-10-13 04:49:14
5427,10,30000,1500,0.675333,2.128089,40888.522090,1.990646,15.690361,7.534277,2025-10-13 04:49:17
5428,10,30000,1500,0.684000,2.109734,40890.631824,1.990646,15.690361,7.533278,2025-10-13 04:49:19
5429,10,30000,1500,0.694667,2.127782,40892.759606,1.990646,15.690361,7.532282,2025-10-13 04:49:21
5430,10,30000,1500,0.646000,2.127166,40894.886772,1.990646,15.690361,7.531287,2025-10-13 04:49:23
5431,10,30000,1500,0.633333,2.068549,40896.955321,1.990646,15.690361,7.530281,2025-10-13 04:49:25
5432,10,30000,1500,0.594667,2.125653,40899.080974,1.990646,15.690361,7.529286,2025-10-13 04:49:27
5433,10,30000,1500,0.651333,2.124939,40901.205913,1.990646,15.690361,7.528291,2025-10-13 04:49:29
5434,10,30000,1500,0.636000,2.126247,40903.332160,1.990646,15.690361,7.527297,2025-10-13 04:49:31
5435,10,30000,1500,0.564667,2.130065,40905.462225,1.990646,15.690361,7.526304,2025-10-13 04:49:33
5436,10,30000,1500,0.609333,2.122749,40907.584974,1.990646,15.690361,7.525310,2025-10-13 04:49:36
5437,10,30000,1500,0.624000,2.040027,40909.625001,1.990646,15.690361,7.524301,2025-10-13 04:49:38
5438,10,30000,1500,0.640000,2.125695,40911.750697,1.990646,15.690361,7.523308,2025-10-13 04:49:40
5439,10,30000,1500,0.565333,2.124040,40913.874737,1.990646,15.690361,7.522316,2025-10-13 04:49:42
5440,10,30000,1500,0.593333,2.133492,40916.008229,1.990646,15.690361,7.521325,2025-10-13 04:49:44
5441,10,30000,1500,0.548667,2.122542,40918.130771,1.990646,15.690361,7.520333,2025-10-13 04:49:46
5442,10,30000,1500,0.562000,2.126023,40920.256793,1.990646,15.690361,7.519342,2025-10-13 04:49:48
5443,10,30000,1500,0.611333,2.041186,40922.297979,1.990646,15.690361,7.518335,2025-10-13 04:49:50
5444,10,30000,1500,0.574667,2.120259,40924.418238,1.990646,15.690361,7.517344,2025-10-13 04:49:52
5445,10,30000,1500,0.566667,2.128611,40926.546849,1.990646,15.690361,7.516354,2025-10-13 04:49:55
5446,10,30000,1500,0.624667,2.127828,40928.674677,1.990646,15.690361,7.515364,2025-10-13 04:49:57
5447,10,30000,1500,0.632667,2.124857,40930.799534,1.990646,15.690361,7.514375,2025-10-13 04:49:59
5448,10,30000,1500,0.648000,2.115250,40932.914784,1.990646,15.690361,7.513384,2025-10-13 04:50:01
5449,10,30000,1500,0.652000,2.039850,40934.954634,1.990646,15.690361,7.512379,2025-10-13 04:50:03
5450,10,30000,1500,0.566667,2.125783,40937.080417,1.990646,15.690361,7.511391,2025-10-13 04:50:05
5451,10,30000,1500,0.650000,2.124446,40939.204863,1.990646,15.690361,7.510403,2025-10-13 04:50:07
5452,10,30000,1500,0.572667,2.121766,40941.326629,1.990646,15.690361,7.509414,2025-10-13 04:50:09
5453,10,30000,1500,0.653333,2.089654,40943.416284,1.990646,15.690361,7.508420,2025-10-13 04:50:11
5454,10,30000,1500,0.670667,2.126785,40945.543069,1.990646,15.690361,7.507434,2025-10-13 04:50:14
5455,10,30000,1500,0.633333,2.040808,40947.583877,1.990646,15.690361,7.506432,2025-10-13 04:50:16
5456,10,30000,1500,0.623333,2.127900,40949.711777,1.990646,15.690361,7.505446,2025-10-13 04:50:18
5457,10,30000,1500,0.619333,2.135038,40951.846815,1.990646,15.690361,7.504462,2025-10-13 04:50:20
5458,10,30000,1500,0.582000,2.126769,40953.973584,1.990646,15.690361,7.503476,2025-10-13 04:50:22
5459,10,30000,1500,0.652667,2.126654,40956.100238,1.990646,15.690361,7.502491,2025-10-13 04:50:24
5460,10,30000,1500,0.577333,2.126177,40958.226415,1.990646,15.690361,7.501507,2025-10-13 04:50:26
5461,10,30000,1500,0.598000,2.011258,40960.237673,1.990646,15.690361,7.500501,2025-10-13 04:50:28
5462,10,30000,1500,0.563333,2.075688,40962.313361,1.990646,15.690361,7.499508,2025-10-13 04:50:30
5463,10,30000,1500,0.570000,2.078869,40964.392230,1.990646,15.690361,7.498516,2025-10-13 04:50:32
5464,10,30000,1500,0.581333,2.077481,40966.469711,1.990646,15.690361,7.497524,2025-10-13 04:50:35
5465,10,30000,1500,0.561333,2.087848,40968.557560,1.990646,15.690361,7.496534,2025-10-13 04:50:37
5466,10,30000,1500,0.686667,2.079759,40970.637319,1.990646,15.690361,7.495543,2025-10-13 04:50:39
5467,10,30000,1500,0.664667,1.992798,40972.630117,1.990646,15.690361,7.494536,2025-10-13 04:50:41
5468,10,30000,1500,0.732000,2.078776,40974.708892,1.990646,15.690361,7.493546,2025-10-13 04:50:43
5469,10,30000,1500,0.673333,2.077980,40976.786873,1.990646,15.690361,7.492556,2025-10-13 04:50:45
5470,10,30000,1500,0.686667,2.092186,40978.879058,1.990646,15.690361,7.491568,2025-10-13 04:50:47
5471,10,30000,1500,0.679333,2.124997,40981.004055,1.990646,15.690361,7.490587,2025-10-13 04:50:49
5472,10,30000,1500,0.692667,2.099644,40983.103699,1.990646,15.690361,7.489602,2025-10-13 04:50:51
5473,10,30000,1500,0.657333,1.994583,40985.098283,1.990646,15.690361,7.488598,2025-10-13 04:50:53
5474,10,30000,1500,0.614000,2.080123,40987.178406,1.990646,15.690361,7.487610,2025-10-13 04:50:55
5475,10,30000,1500,0.689333,2.078458,40989.256863,1.990646,15.690361,7.486622,2025-10-13 04:50:57
5476,10,30000,1500,0.612000,2.080793,40991.337657,1.990646,15.690361,7.485635,2025-10-13 04:50:59
5477,10,30000,1500,0.636000,2.081871,40993.419527,1.990646,15.690361,7.484648,2025-10-13 04:51:02
5478,10,30000,1500,0.624667,2.083683,40995.503210,1.990646,15.690361,7.483663,2025-10-13 04:51:04
5479,10,30000,1500,0.615333,2.025522,40997.528732,1.990646,15.690361,7.482666,2025-10-13 04:51:06
5480,10,30000,1500,0.556667,2.117017,40999.645749,1.990646,15.690361,7.481687,2025-10-13 04:51:08
5481,10,30000,1500,0.669333,2.124882,41001.770631,1.990646,15.690361,7.480710,2025-10-13 04:51:10
5482,10,30000,1500,0.610000,2.122636,41003.893267,1.990646,15.690361,7.479732,2025-10-13 04:51:12
5483,10,30000,1500,0.656000,2.125390,41006.018657,1.990646,15.690361,7.478756,2025-10-13 04:51:14
5484,10,30000,1500,0.629333,2.090162,41008.108819,1.990646,15.690361,7.477773,2025-10-13 04:51:16
5485,10,30000,1500,0.566667,1.992565,41010.101384,1.990646,15.690361,7.476773,2025-10-13 04:51:18
5486,10,30000,1500,0.594667,2.077423,41012.178808,1.990646,15.690361,7.475789,2025-10-13 04:51:20
5487,10,30000,1500,0.563333,2.077405,41014.256212,1.990646,15.690361,7.474805,2025-10-13 04:51:22
5488,10,30000,1500,0.652667,2.098153,41016.354366,1.990646,15.690361,7.473826,2025-10-13 04:51:24
5489,10,30000,1500,0.620000,2.084639,41018.439005,1.990646,15.690361,7.472844,2025-10-13 04:51:27
5490,10,30000,1500,0.565333,2.116849,41020.555853,1.990646,15.690361,7.471868,2025-10-13 04:51:29
5491,10,30000,1500,0.673333,2.040710,41022.596563,1.990646,15.690361,7.470879,2025-10-13 04:51:31
5492,10,30000,1500,0.631333,2.101693,41024.698256,1.990646,15.690361,7.469901,2025-10-13 04:51:33
5493,10,30000,1500,0.604667,2.127012,41026.825268,1.990646,15.690361,7.468929,2025-10-13 04:51:35
5494,10,30000,1500,0.650000,2.125260,41028.950527,1.990646,15.690361,7.467956,2025-10-13 04:51:37
5495,10,30000,1500,0.618667,2.123409,41031.073937,1.990646,15.690361,7.466983,2025-10-13 04:51:39
5496,10,30000,1500,0.582000,2.126234,41033.200171,1.990646,15.690361,7.466012,2025-10-13 04:51:41
5497,10,30000,1500,0.610667,2.043828,41035.243999,1.990646,15.690361,7.465025,2025-10-13 04:51:43
5498,10,30000,1500,0.628000,2.122285,41037.366283,1.990646,15.690361,7.464054,2025-10-13 04:51:46
5499,10,30000,1500,0.586667,2.124697,41039.490981,1.990646,15.690361,7.463083,2025-10-13 04:51:48
5500,10,30000,1500,0.562000,2.127584,41041.618565,1.990646,15.690361,7.462112,2025-10-13 04:51:50
5501,10,30000,1500,0.656000,2.126524,41043.745089,1.990646,15.690361,7.461143,2025-10-13 04:51:52
5502,10,30000,1500,0.656000,2.130731,41045.875820,1.990646,15.690361,7.460174,2025-10-13 04:51:54
5503,10,30000,1500,0.670667,2.039143,41047.914963,1.990646,15.690361,7.459189,2025-10-13 04:51:56
5504,10,30000,1500,0.606000,2.125052,41050.040015,1.990646,15.690361,7.458219,2025-10-13 04:51:58
5505,10,30000,1500,0.618000,2.125587,41052.165602,1.990646,15.690361,7.457251,2025-10-13 04:52:00
5506,10,30000,1500,0.626000,2.127092,41054.292694,1.990646,15.690361,7.456283,2025-10-13 04:52:02
5507,10,30000,1500,0.612667,2.112299,41056.404993,1.990646,15.690361,7.455312,2025-10-13 04:52:05
5508,10,30000,1500,0.558667,2.078531,41058.483524,1.990646,15.690361,7.454336,2025-10-13 04:52:07
5509,10,30000,1500,0.659333,1.992584,41060.476108,1.990646,15.690361,7.453345,2025-10-13 04:52:09
5510,10,30000,1500,0.565333,2.090651,41062.566759,1.990646,15.690361,7.452371,2025-10-13 04:52:11
5511,10,30000,1500,0.592000,2.119977,41064.686737,1.990646,15.690361,7.451404,2025-10-13 04:52:13
5512,10,30000,1500,0.576000,2.079004,41066.765741,1.990646,15.690361,7.450429,2025-10-13 04:52:15
5513,10,30000,1500,0.594000,2.086482,41068.852222,1.990646,15.690361,7.449456,2025-10-13 04:52:17
5514,10,30000,1500,0.624667,2.120932,41070.973154,1.990646,15.690361,7.448490,2025-10-13 04:52:19
5515,10,30000,1500,0.584000,2.040898,41073.014052,1.990646,15.690361,7.447509,2025-10-13 04:52:21
5516,10,30000,1500,0.585333,2.124635,41075.138687,1.990646,15.690361,7.446544,2025-10-13 04:52:23
5517,10,30000,1500,0.584667,2.126689,41077.265376,1.990646,15.690361,7.445580,2025-10-13 04:52:25
5518,10,30000,1500,0.640667,2.128494,41079.393870,1.990646,15.690361,7.444617,2025-10-13 04:52:28
5519,10,30000,1500,0.588000,2.128215,41081.522084,1.990646,15.690361,7.443653,2025-10-13 04:52:30
5520,10,30000,1500,0.622000,2.159072,41083.681156,1.990646,15.690361,7.442696,2025-10-13 04:52:32
5521,10,30000,1500,0.638000,2.022169,41085.703325,1.990646,15.690361,7.441714,2025-10-13 04:52:34
5522,10,30000,1500,0.575333,2.091841,41087.795166,1.990646,15.690361,7.440745,2025-10-13 04:52:36
5523,10,30000,1500,0.632000,2.085234,41089.880401,1.990646,15.690361,7.439776,2025-10-13 04:52:38
5524,10,30000,1500,0.606000,2.130342,41092.010743,1.990646,15.690361,7.438814,2025-10-13 04:52:40
5525,10,30000,1500,0.606000,2.122692,41094.133434,1.990646,15.690361,7.437852,2025-10-13 04:52:42
5526,10,30000,1500,0.680000,2.124337,41096.257771,1.990646,15.690361,7.436891,2025-10-13 04:52:44
5527,10,30000,1500,0.616667,2.033789,41098.291560,1.990646,15.690361,7.435913,2025-10-13 04:52:47
5528,10,30000,1500,0.616667,2.122414,41100.413974,1.990646,15.690361,7.434952,2025-10-13 04:52:49
5529,10,30000,1500,0.569333,2.126027,41102.540001,1.990646,15.690361,7.433992,2025-10-13 04:52:51
5530,10,30000,1500,0.555333,2.126051,41104.666052,1.990646,15.690361,7.433032,2025-10-13 04:52:53
5531,10,30000,1500,0.633333,2.125480,41106.791532,1.990646,15.690361,7.432072,2025-10-13 04:52:55
5532,10,30000,1500,0.537333,2.128795,41108.920328,1.990646,15.690361,7.431114,2025-10-13 04:52:57
5533,10,30000,1500,0.638667,2.042539,41110.962867,1.990646,15.690361,7.430140,2025-10-13 04:52:59
5534,10,30000,1500,0.561333,2.135337,41113.098204,1.990646,15.690361,7.429183,2025-10-13 04:53:01
5535,10,30000,1500,0.580000,2.154423,41115.252627,1.990646,15.690361,7.428230,2025-10-13 04:53:04
5536,10,30000,1500,0.537333,2.125596,41117.378223,1.990646,15.690361,7.427272,2025-10-13 04:53:06
5537,10,30000,1500,0.646667,2.126628,41119.504851,1.990646,15.690361,7.426315,2025-10-13 04:53:08
5538,10,30000,1500,0.615333,2.153093,41121.657944,1.990646,15.690361,7.425363,2025-10-13 04:53:10
5539,10,30000,1500,0.693333,2.043738,41123.701682,1.990646,15.690361,7.424391,2025-10-13 04:53:12
5540,10,30000,1500,0.608000,2.127248,41125.828930,1.990646,15.690361,7.423435,2025-10-13 04:53:14
5541,10,30000,1500,0.599333,2.127182,41127.956112,1.990646,15.690361,7.422479,2025-10-13 04:53:16
5542,10,30000,1500,0.640667,2.127754,41130.083866,1.990646,15.690361,7.421524,2025-10-13 04:53:18
5543,10,30000,1500,0.568000,2.132853,41132.216719,1.990646,15.690361,7.420569,2025-10-13 04:53:20
5544,10,30000,1500,0.694667,2.127896,41134.344615,1.990646,15.690361,7.419615,2025-10-13 04:53:23
5545,10,30000,1500,0.659333,2.042722,41136.387337,1.990646,15.690361,7.418645,2025-10-13 04:53:25
5546,10,30000,1500,0.604000,2.130196,41138.517533,1.990646,15.690361,7.417692,2025-10-13 04:53:27
5547,10,30000,1500,0.657333,2.128878,41140.646410,1.990646,15.690361,7.416738,2025-10-13 04:53:29
5548,10,30000,1500,0.596667,2.122676,41142.769087,1.990646,15.690361,7.415784,2025-10-13 04:53:31
5549,10,30000,1500,0.618000,2.127957,41144.897044,1.990646,15.690361,7.414831,2025-10-13 04:53:33
5550,10,30000,1500,0.601333,2.125379,41147.022423,1.990646,15.690361,7.413878,2025-10-13 04:53:35
5551,10,30000,1500,0.597333,2.042104,41149.064527,1.990646,15.690361,7.412910,2025-10-13 04:53:37
5552,10,30000,1500,0.556000,2.126401,41151.190928,1.990646,15.690361,7.411958,2025-10-13 04:53:39
5553,10,30000,1500,0.572000,2.124662,41153.315590,1.990646,15.690361,7.411006,2025-10-13 04:53:42
5554,10,30000,1500,0.642667,2.158783,41155.474373,1.990646,15.690361,7.410060,2025-10-13 04:53:44
5555,10,30000,1500,0.605333,2.163869,41157.638242,1.990646,15.690361,7.409116,2025-10-13 04:53:46
5556,10,30000,1500,0.538667,2.124701,41159.762943,1.990646,15.690361,7.408165,2025-10-13 04:53:48
5557,10,30000,1500,0.657333,2.041087,41161.804030,1.990646,15.690361,7.407199,2025-10-13 04:53:50
5558,10,30000,1500,0.752000,2.126312,41163.930342,1.990646,15.690361,7.406249,2025-10-13 04:53:52
5559,10,30000,1500,0.736000,2.115722,41166.046065,1.990646,15.690361,7.405297,2025-10-13 04:53:54
5560,10,30000,1500,0.682667,2.081069,41168.127133,1.990646,15.690361,7.404339,2025-10-13 04:53:56
5561,10,30000,1500,0.698000,2.105826,41170.232960,1.990646,15.690361,7.403387,2025-10-13 04:53:59
5562,10,30000,1500,0.584667,2.127247,41172.360207,1.990646,15.690361,7.402438,2025-10-13 04:54:01
5563,10,30000,1500,0.567333,2.035663,41174.395869,1.990646,15.690361,7.401473,2025-10-13 04:54:03
5564,10,30000,1500,0.595333,2.123076,41176.518945,1.990646,15.690361,7.400525,2025-10-13 04:54:05
5565,10,30000,1500,0.595333,2.123328,41178.642274,1.990646,15.690361,7.399576,2025-10-13 04:54:07
5566,10,30000,1500,0.525333,2.129062,41180.771336,1.990646,15.690361,7.398629,2025-10-13 04:54:09
5567,10,30000,1500,0.586667,2.125643,41182.896979,1.990646,15.690361,7.397682,2025-10-13 04:54:11
5568,10,30000,1500,0.530000,2.127073,41185.024053,1.990646,15.690361,7.396736,2025-10-13 04:54:13
5569,10,30000,1500,0.631333,2.050385,41187.074438,1.990646,15.690361,7.395776,2025-10-13 04:54:15
5570,10,30000,1500,0.618000,2.121400,41189.195838,1.990646,15.690361,7.394829,2025-10-13 04:54:18
5571,10,30000,1500,0.620000,2.081092,41191.276930,1.990646,15.690361,7.393875,2025-10-13 04:54:20
5572,10,30000,1500,0.624667,2.082406,41193.359336,1.990646,15.690361,7.392922,2025-10-13 04:54:22
5573,10,30000,1500,0.648000,2.082249,41195.441585,1.990646,15.690361,7.391969,2025-10-13 04:54:24
5574,10,30000,1500,0.716000,2.082163,41197.523749,1.990646,15.690361,7.391016,2025-10-13 04:54:26
5575,10,30000,1500,0.649333,2.031704,41199.555453,1.990646,15.690361,7.390055,2025-10-13 04:54:28
5576,10,30000,1500,0.708667,2.115946,41201.671398,1.990646,15.690361,7.389109,2025-10-13 04:54:30
5577,10,30000,1500,0.602667,2.123359,41203.794757,1.990646,15.690361,7.388165,2025-10-13 04:54:32
5578,10,30000,1500,0.617333,2.079327,41205.874084,1.990646,15.690361,7.387213,2025-10-13 04:54:34
5579,10,30000,1500,0.666000,2.080525,41207.954610,1.990646,15.690361,7.386262,2025-10-13 04:54:36
5580,10,30000,1500,0.608667,2.080480,41210.035090,1.990646,15.690361,7.385311,2025-10-13 04:54:38
5581,10,30000,1500,0.641333,1.993655,41212.028745,1.990646,15.690361,7.384345,2025-10-13 04:54:40
5582,10,30000,1500,0.778000,2.078814,41214.107558,1.990646,15.690361,7.383394,2025-10-13 04:54:42
5583,10,30000,1500,0.654667,2.078309,41216.185867,1.990646,15.690361,7.382444,2025-10-13 04:54:45
5584,10,30000,1500,0.587333,2.077674,41218.263540,1.990646,15.690361,7.381494,2025-10-13 04:54:47
5585,10,30000,1500,0.637333,2.078476,41220.342017,1.990646,15.690361,7.380545,2025-10-13 04:54:49
5586,10,30000,1500,0.611333,2.080739,41222.422755,1.990646,15.690361,7.379596,2025-10-13 04:54:51
5587,10,30000,1500,0.585333,1.994422,41224.417177,1.990646,15.690361,7.378632,2025-10-13 04:54:53
5588,10,30000,1500,0.590000,2.079232,41226.496409,1.990646,15.690361,7.377684,2025-10-13 04:54:55
5589,10,30000,1500,0.589333,2.078941,41228.575350,1.990646,15.690361,7.376736,2025-10-13 04:54:57
5590,10,30000,1500,0.680000,2.080691,41230.656040,1.990646,15.690361,7.375788,2025-10-13 04:54:59
5591,10,30000,1500,0.660000,2.081398,41232.737438,1.990646,15.690361,7.374841,2025-10-13 04:55:01
5592,10,30000,1500,0.582667,2.077262,41234.814701,1.990646,15.690361,7.373894,2025-10-13 04:55:03
5593,10,30000,1500,0.582667,1.991796,41236.806497,1.990646,15.690361,7.372932,2025-10-13 04:55:05
5594,10,30000,1500,0.671333,2.077498,41238.883995,1.990646,15.690361,7.371985,2025-10-13 04:55:07
5595,10,30000,1500,0.672667,2.077992,41240.961987,1.990646,15.690361,7.371039,2025-10-13 04:55:09
5596,10,30000,1500,0.602667,2.080687,41243.042674,1.990646,15.690361,7.370093,2025-10-13 04:55:11
5597,10,30000,1500,0.661333,2.079517,41245.122191,1.990646,15.690361,7.369148,2025-10-13 04:55:14
5598,10,30000,1500,0.620667,2.077891,41247.200082,1.990646,15.690361,7.368203,2025-10-13 04:55:16
5599,10,30000,1500,0.648000,1.993863,41249.193945,1.990646,15.690361,7.367243,2025-10-13 04:55:18
5600,10,30000,1500,0.634667,2.079102,41251.273047,1.990646,15.690361,7.366299,2025-10-13 04:55:20
5601,10,30000,1500,0.585333,2.080931,41253.353978,1.990646,15.690361,7.365355,2025-10-13 04:55:22
5602,10,30000,1500,0.650667,2.081246,41255.435224,1.990646,15.690361,7.364412,2025-10-13 04:55:24
5603,10,30000,1500,0.753333,2.077299,41257.512523,1.990646,15.690361,7.363468,2025-10-13 04:55:26
5604,10,30000,1500,0.584000,2.093960,41259.606483,1.990646,15.690361,7.362528,2025-10-13 04:55:28
5605,10,30000,1500,0.608667,2.017751,41261.624235,1.990646,15.690361,7.361574,2025-10-13 04:55:30
5606,10,30000,1500,0.650667,2.077640,41263.701875,1.990646,15.690361,7.360632,2025-10-13 04:55:32
5607,10,30000,1500,0.603333,2.078985,41265.780860,1.990646,15.690361,7.359690,2025-10-13 04:55:34
5608,10,30000,1500,0.678667,2.081669,41267.862528,1.990646,15.690361,7.358749,2025-10-13 04:55:36
5609,10,30000,1500,0.678667,2.109625,41269.972153,1.990646,15.690361,7.357813,2025-10-13 04:55:38
5610,10,30000,1500,0.689333,2.132689,41272.104842,1.990646,15.690361,7.356881,2025-10-13 04:55:41
5611,10,30000,1500,0.672667,2.042834,41274.147676,1.990646,15.690361,7.355934,2025-10-13 04:55:43
5612,10,30000,1500,0.629333,2.126415,41276.274091,1.990646,15.690361,7.355003,2025-10-13 04:55:45
5613,10,30000,1500,0.678667,2.135283,41278.409374,1.990646,15.690361,7.354073,2025-10-13 04:55:47
5614,10,30000,1500,0.636000,2.129531,41280.538906,1.990646,15.690361,7.353142,2025-10-13 04:55:49
5615,10,30000,1500,0.618667,2.131504,41282.670410,1.990646,15.690361,7.352212,2025-10-13 04:55:51
5616,10,30000,1500,0.652000,2.128079,41284.798488,1.990646,15.690361,7.351282,2025-10-13 04:55:53
5617,10,30000,1500,0.682000,2.044862,41286.843351,1.990646,15.690361,7.350337,2025-10-13 04:55:55
5618,10,30000,1500,0.703333,2.076762,41288.920113,1.990646,15.690361,7.349398,2025-10-13 04:55:57
5619,10,30000,1500,0.626667,2.083430,41291.003542,1.990646,15.690361,7.348461,2025-10-13 04:55:59
5620,10,30000,1500,0.616000,2.131815,41293.135357,1.990646,15.690361,7.347533,2025-10-13 04:56:02
5621,10,30000,1500,0.563333,2.125432,41295.260789,1.990646,15.690361,7.346604,2025-10-13 04:56:04
5622,10,30000,1500,0.606667,2.087052,41297.347840,1.990646,15.690361,7.345668,2025-10-13 04:56:06
5623,10,30000,1500,0.642000,2.024468,41299.372309,1.990646,15.690361,7.344722,2025-10-13 04:56:08
5624,10,30000,1500,0.596667,2.129933,41301.502241,1.990646,15.690361,7.343795,2025-10-13 04:56:10
5625,10,30000,1500,0.619333,2.127834,41303.630075,1.990646,15.690361,7.342868,2025-10-13 04:56:12
5626,10,30000,1500,0.625333,2.129972,41305.760047,1.990646,15.690361,7.341941,2025-10-13 04:56:14
5627,10,30000,1500,0.674667,2.126215,41307.886262,1.990646,15.690361,7.341014,2025-10-13 04:56:16
5628,10,30000,1500,0.644000,2.126870,41310.013132,1.990646,15.690361,7.340088,2025-10-13 04:56:18
5629,10,30000,1500,0.600667,2.037070,41312.050202,1.990646,15.690361,7.339146,2025-10-13 04:56:21
5630,10,30000,1500,0.616667,2.093497,41314.143698,1.990646,15.690361,7.338214,2025-10-13 04:56:23
5631,10,30000,1500,0.566667,2.093719,41316.237418,1.990646,15.690361,7.337282,2025-10-13 04:56:25
5632,10,30000,1500,0.560667,2.098738,41318.336155,1.990646,15.690361,7.336352,2025-10-13 04:56:27
5633,10,30000,1500,0.620667,2.128402,41320.464557,1.990646,15.690361,7.335428,2025-10-13 04:56:29
5634,10,30000,1500,0.606000,2.153488,41322.618045,1.990646,15.690361,7.334508,2025-10-13 04:56:31
5635,10,30000,1500,0.562667,2.040613,41324.658657,1.990646,15.690361,7.333569,2025-10-13 04:56:33
5636,10,30000,1500,0.645333,2.125057,41326.783714,1.990646,15.690361,7.332644,2025-10-13 04:56:35
5637,10,30000,1500,0.638667,2.131560,41328.915275,1.990646,15.690361,7.331722,2025-10-13 04:56:37
5638,10,30000,1500,0.597333,2.143963,41331.059238,1.990646,15.690361,7.330802,2025-10-13 04:56:40
5639,10,30000,1500,0.714000,2.128656,41333.187894,1.990646,15.690361,7.329879,2025-10-13 04:56:42
5640,10,30000,1500,0.623333,2.141332,41335.329226,1.990646,15.690361,7.328959,2025-10-13 04:56:44
5641,10,30000,1500,0.668000,2.046327,41337.375554,1.990646,15.690361,7.328023,2025-10-13 04:56:46
5642,10,30000,1500,0.557333,2.127924,41339.503478,1.990646,15.690361,7.327101,2025-10-13 04:56:48
5643,10,30000,1500,0.555333,2.136306,41341.639784,1.990646,15.690361,7.326181,2025-10-13 04:56:50
5644,10,30000,1500,0.582000,2.130308,41343.770091,1.990646,15.690361,7.325260,2025-10-13 04:56:52
5645,10,30000,1500,0.583333,2.131684,41345.901775,1.990646,15.690361,7.324340,2025-10-13 04:56:54
5646,10,30000,1500,0.600000,2.126221,41348.027996,1.990646,15.690361,7.323420,2025-10-13 04:56:57
5647,10,30000,1500,0.684667,1.995891,41350.023887,1.990646,15.690361,7.322476,2025-10-13 04:56:59
5648,10,30000,1500,0.732000,2.087424,41352.111311,1.990646,15.690361,7.321549,2025-10-13 04:57:01
5649,10,30000,1500,0.626000,2.126881,41354.238192,1.990646,15.690361,7.320630,2025-10-13 04:57:03
5650,10,30000,1500,0.596667,2.126315,41356.364507,1.990646,15.690361,7.319711,2025-10-13 04:57:05
5651,10,30000,1500,0.590000,2.112635,41358.477142,1.990646,15.690361,7.318789,2025-10-13 04:57:07
5652,10,30000,1500,0.562667,2.078830,41360.555972,1.990646,15.690361,7.317862,2025-10-13 04:57:09
5653,10,30000,1500,0.681333,1.989438,41362.545410,1.989438,15.690361,7.316919,2025-10-13 04:57:11
5654,10,30000,1500,0.628667,2.109710,41364.655120,1.989438,15.690361,7.315998,2025-10-13 04:57:13
5655,10,30000,1500,0.638000,2.129375,41366.784495,1.989438,15.690361,7.315081,2025-10-13 04:57:15
5656,10,30000,1500,0.615333,2.107368,41368.891862,1.989438,15.690361,7.314161,2025-10-13 04:57:17
5657,10,30000,1500,0.650000,2.127726,41371.019588,1.989438,15.690361,7.313244,2025-10-13 04:57:20
5658,10,30000,1500,0.614000,2.085178,41373.104766,1.989438,15.690361,7.312320,2025-10-13 04:57:22
5659,10,30000,1500,0.723333,2.040453,41375.145220,1.989438,15.690361,7.311388,2025-10-13 04:57:24
5660,10,30000,1500,0.614667,2.125277,41377.270497,1.989438,15.690361,7.310472,2025-10-13 04:57:26
5661,10,30000,1500,0.708000,2.128581,41379.399078,1.989438,15.690361,7.309556,2025-10-13 04:57:28
5662,10,30000,1500,0.586000,2.130701,41381.529779,1.989438,15.690361,7.308642,2025-10-13 04:57:30
5663,10,30000,1500,0.626000,2.129626,41383.659405,1.989438,15.690361,7.307727,2025-10-13 04:57:32
5664,10,30000,1500,0.678667,2.130935,41385.790340,1.989438,15.690361,7.306813,2025-10-13 04:57:34
5665,10,30000,1500,0.692000,2.042732,41387.833072,1.989438,15.690361,7.305884,2025-10-13 04:57:36
5666,10,30000,1500,0.590000,2.125796,41389.958867,1.989438,15.690361,7.304970,2025-10-13 04:57:39
5667,10,30000,1500,0.624667,2.126637,41392.085504,1.989438,15.690361,7.304056,2025-10-13 04:57:41
5668,10,30000,1500,0.551333,2.121708,41394.207212,1.989438,15.690361,7.303142,2025-10-13 04:57:43
5669,10,30000,1500,0.710000,2.120873,41396.328085,1.989438,15.690361,7.302228,2025-10-13 04:57:45
5670,10,30000,1500,0.618000,2.126895,41398.454980,1.989438,15.690361,7.301315,2025-10-13 04:57:47
5671,10,30000,1500,0.654667,2.039511,41400.494492,1.989438,15.690361,7.300387,2025-10-13 04:57:49
5672,10,30000,1500,0.576667,2.124928,41402.619419,1.989438,15.690361,7.299475,2025-10-13 04:57:51
5673,10,30000,1500,0.555333,2.126565,41404.745984,1.989438,15.690361,7.298563,2025-10-13 04:57:53
5674,10,30000,1500,0.578000,2.123406,41406.869390,1.989438,15.690361,7.297651,2025-10-13 04:57:55
5675,10,30000,1500,0.610667,2.101631,41408.971020,1.989438,15.690361,7.296735,2025-10-13 04:57:58
5676,10,30000,1500,0.677333,2.124551,41411.095571,1.989438,15.690361,7.295824,2025-10-13 04:58:00
5677,10,30000,1500,0.602667,2.051039,41413.146609,1.989438,15.690361,7.294900,2025-10-13 04:58:02
5678,10,30000,1500,0.717333,2.126289,41415.272898,1.989438,15.690361,7.293990,2025-10-13 04:58:04
5679,10,30000,1500,0.712667,2.078186,41417.351084,1.989438,15.690361,7.293071,2025-10-13 04:58:06
5680,10,30000,1500,0.653333,2.077685,41419.428770,1.989438,15.690361,7.292153,2025-10-13 04:58:08
5681,10,30000,1500,0.665333,2.077290,41421.506060,1.989438,15.690361,7.291235,2025-10-13 04:58:10
5682,10,30000,1500,0.696667,2.106158,41423.612217,1.989438,15.690361,7.290322,2025-10-13 04:58:12
5683,10,30000,1500,0.713333,2.036042,41425.648259,1.989438,15.690361,7.289398,2025-10-13 04:58:14
5684,10,30000,1500,0.638000,2.099049,41427.747308,1.989438,15.690361,7.288485,2025-10-13 04:58:16
5685,10,30000,1500,0.677333,2.078520,41429.825828,1.989438,15.690361,7.287568,2025-10-13 04:58:18
5686,10,30000,1500,0.620667,2.078860,41431.904688,1.989438,15.690361,7.286652,2025-10-13 04:58:21
5687,10,30000,1500,0.631333,2.075737,41433.980425,1.989438,15.690361,7.285736,2025-10-13 04:58:23
5688,10,30000,1500,0.681333,2.124513,41436.104937,1.989438,15.690361,7.284829,2025-10-13 04:58:25
5689,10,30000,1500,0.658667,1.994984,41438.099922,1.989438,15.690361,7.283899,2025-10-13 04:58:27
5690,10,30000,1500,0.637333,2.126257,41440.226178,1.989438,15.690361,7.282992,2025-10-13 04:58:29
5691,10,30000,1500,0.640000,2.127825,41442.354004,1.989438,15.690361,7.282086,2025-10-13 04:58:31
5692,10,30000,1500,0.631333,2.128248,41444.482251,1.989438,15.690361,7.281181,2025-10-13 04:58:33
5693,10,30000,1500,0.611333,2.126941,41446.609192,1.989438,15.690361,7.280276,2025-10-13 04:58:35
5694,10,30000,1500,0.674667,2.125184,41448.734376,1.989438,15.690361,7.279370,2025-10-13 04:58:37
5695,10,30000,1500,0.594000,2.044251,41450.778627,1.989438,15.690361,7.278451,2025-10-13 04:58:39
5696,10,30000,1500,0.628000,2.077534,41452.856161,1.989438,15.690361,7.277538,2025-10-13 04:58:42
5697,10,30000,1500,0.570667,2.078334,41454.934495,1.989438,15.690361,7.276625,2025-10-13 04:58:44
5698,10,30000,1500,0.600000,2.079242,41457.013737,1.989438,15.690361,7.275713,2025-10-13 04:58:46
5699,10,30000,1500,0.634667,2.114577,41459.128315,1.989438,15.690361,7.274808,2025-10-13 04:58:48
5700,10,30000,1500,0.611333,2.130460,41461.258775,1.989438,15.690361,7.273905,2025-10-13 04:58:50
5701,10,30000,1500,0.644667,2.039603,41463.298378,1.989438,15.690361,7.272987,2025-10-13 04:58:52
5702,10,30000,1500,0.628000,2.091393,41465.389771,1.989438,15.690361,7.272078,2025-10-13 04:58:54
5703,10,30000,1500,0.586667,2.078356,41467.468128,1.989438,15.690361,7.271167,2025-10-13 04:58:56
5704,10,30000,1500,0.687333,2.076295,41469.544423,1.989438,15.690361,7.270257,2025-10-13 04:58:58
5705,10,30000,1500,0.638667,2.080178,41471.624601,1.989438,15.690361,7.269347,2025-10-13 04:59:00
5706,10,30000,1500,0.636000,2.075807,41473.700408,1.989438,15.690361,7.268437,2025-10-13 04:59:02
5707,10,30000,1500,0.600000,1.991787,41475.692195,1.989438,15.690361,7.267512,2025-10-13 04:59:04
5708,10,30000,1500,0.602667,2.079793,41477.771988,1.989438,15.690361,7.266603,2025-10-13 04:59:06
5709,10,30000,1500,0.568000,2.078140,41479.850128,1.989438,15.690361,7.265695,2025-10-13 04:59:09
5710,10,30000,1500,0.616667,2.077035,41481.927163,1.989438,15.690361,7.264786,2025-10-13 04:59:11
5711,10,30000,1500,0.634667,2.076907,41484.004069,1.989438,15.690361,7.263877,2025-10-13 04:59:13
5712,10,30000,1500,0.580000,2.077859,41486.081928,1.989438,15.690361,7.262970,2025-10-13 04:59:15
5713,10,30000,1500,0.630000,1.992812,41488.074740,1.989438,15.690361,7.262047,2025-10-13 04:59:17
5714,10,30000,1500,0.629333,2.076666,41490.151406,1.989438,15.690361,7.261140,2025-10-13 04:59:19
5715,10,30000,1500,0.593333,2.080274,41492.231680,1.989438,15.690361,7.260233,2025-10-13 04:59:21
5716,10,30000,1500,0.634667,2.081310,41494.312990,1.989438,15.690361,7.259327,2025-10-13 04:59:23
5717,10,30000,1500,0.690000,2.077319,41496.390310,1.989438,15.690361,7.258421,2025-10-13 04:59:25
5718,10,30000,1500,0.584667,2.076324,41498.466633,1.989438,15.690361,7.257514,2025-10-13 04:59:27
5719,10,30000,1500,0.746667,2.036371,41500.503004,1.989438,15.690361,7.256601,2025-10-13 04:59:29
5720,10,30000,1500,0.625333,2.097997,41502.601001,1.989438,15.690361,7.255699,2025-10-13 04:59:31
5721,10,30000,1500,0.687333,2.084518,41504.685519,1.989438,15.690361,7.254796,2025-10-13 04:59:33
5722,10,30000,1500,0.643333,2.082888,41506.768408,1.989438,15.690361,7.253892,2025-10-13 04:59:35
5723,10,30000,1500,0.616667,2.079243,41508.847651,1.989438,15.690361,7.252988,2025-10-13 04:59:38
5724,10,30000,1500,0.670000,2.076335,41510.923986,1.989438,15.690361,7.252083,2025-10-13 04:59:40
5725,10,30000,1500,0.674000,2.000370,41512.924356,1.989438,15.690361,7.251166,2025-10-13 04:59:42
5726,10,30000,1500,0.632000,2.078132,41515.002488,1.989438,15.690361,7.250262,2025-10-13 04:59:44
5727,10,30000,1500,0.588000,2.077517,41517.080005,1.989438,15.690361,7.249359,2025-10-13 04:59:46
5728,10,30000,1500,0.678000,2.080901,41519.160906,1.989438,15.690361,7.248457,2025-10-13 04:59:48
5729,10,30000,1500,0.667333,2.077986,41521.238892,1.989438,15.690361,7.247554,2025-10-13 04:59:50
5730,10,30000,1500,0.661333,2.114933,41523.353825,1.989438,15.690361,7.246659,2025-10-13 04:59:52
5731,10,30000,1500,0.664667,2.035340,41525.389166,1.989438,15.690361,7.245749,2025-10-13 04:59:54
5732,10,30000,1500,0.576000,2.079365,41527.468530,1.989438,15.690361,7.244848,2025-10-13 04:59:56
5733,10,30000,1500,0.643333,2.117453,41529.585983,1.989438,15.690361,7.243954,2025-10-13 04:59:58
5734,10,30000,1500,0.684000,2.125778,41531.711761,1.989438,15.690361,7.243061,2025-10-13 05:00:00
5735,10,30000,1500,0.617333,2.128380,41533.840142,1.989438,15.690361,7.242169,2025-10-13 05:00:03
5736,10,30000,1500,0.675333,2.124863,41535.965004,1.989438,15.690361,7.241277,2025-10-13 05:00:05
5737,10,30000,1500,0.596667,2.036654,41538.001658,1.989438,15.690361,7.240370,2025-10-13 05:00:07
5738,10,30000,1500,0.613333,2.125753,41540.127411,1.989438,15.690361,7.239478,2025-10-13 05:00:09
5739,10,30000,1500,0.612667,2.115031,41542.242442,1.989438,15.690361,7.238586,2025-10-13 05:00:11
5740,10,30000,1500,0.574667,2.077438,41544.319880,1.989438,15.690361,7.237686,2025-10-13 05:00:13
5741,10,30000,1500,0.602000,2.077446,41546.397327,1.989438,15.690361,7.236788,2025-10-13 05:00:15
5742,10,30000,1500,0.546000,2.077483,41548.474809,1.989438,15.690361,7.235889,2025-10-13 05:00:17
5743,10,30000,1500,0.590000,1.992512,41550.467321,1.989438,15.690361,7.234976,2025-10-13 05:00:19
5744,10,30000,1500,0.594000,2.077285,41552.544606,1.989438,15.690361,7.234078,2025-10-13 05:00:21
5745,10,30000,1500,0.596667,2.076607,41554.621213,1.989438,15.690361,7.233180,2025-10-13 05:00:23
5746,10,30000,1500,0.582667,2.076803,41556.698016,1.989438,15.690361,7.232283,2025-10-13 05:00:25
5747,10,30000,1500,0.600667,2.078413,41558.776429,1.989438,15.690361,7.231386,2025-10-13 05:00:28
5748,10,30000,1500,0.590000,2.076431,41560.852860,1.989438,15.690361,7.230489,2025-10-13 05:00:30
5749,10,30000,1500,0.636000,1.991685,41562.844545,1.989438,15.690361,7.229578,2025-10-13 05:00:32
5750,10,30000,1500,0.644000,2.076875,41564.921420,1.989438,15.690361,7.228682,2025-10-13 05:00:34
5751,10,30000,1500,0.581333,2.078526,41566.999946,1.989438,15.690361,7.227786,2025-10-13 05:00:36
5752,10,30000,1500,0.670667,2.079836,41569.079782,1.989438,15.690361,7.226891,2025-10-13 05:00:38
5753,10,30000,1500,0.527333,2.078216,41571.157998,1.989438,15.690361,7.225997,2025-10-13 05:00:40
5754,10,30000,1500,0.633333,2.077415,41573.235413,1.989438,15.690361,7.225102,2025-10-13 05:00:42
5755,10,30000,1500,0.644000,1.992715,41575.228128,1.989438,15.690361,7.224193,2025-10-13 05:00:44
5756,10,30000,1500,0.640000,2.077829,41577.305957,1.989438,15.690361,7.223298,2025-10-13 05:00:46
5757,10,30000,1500,0.599333,2.077957,41579.383914,1.989438,15.690361,7.222405,2025-10-13 05:00:48
5758,10,30000,1500,0.582667,2.075229,41581.459143,1.989438,15.690361,7.221511,2025-10-13 05:00:50
5759,10,30000,1500,0.565333,2.077680,41583.536823,1.989438,15.690361,7.220618,2025-10-13 05:00:52
5760,10,30000,1500,0.604000,2.077530,41585.614353,1.989438,15.690361,7.219725,2025-10-13 05:00:54
5761,10,30000,1500,0.580000,1.992556,41587.606909,1.989438,15.690361,7.218817,2025-10-13 05:00:56
5762,10,30000,1500,0.571333,2.074291,41589.681201,1.989438,15.690361,7.217925,2025-10-13 05:00:58
5763,10,30000,1500,0.542667,2.075999,41591.757200,1.989438,15.690361,7.217032,2025-10-13 05:01:01
5764,10,30000,1500,0.570667,2.078160,41593.835360,1.989438,15.690361,7.216141,2025-10-13 05:01:03
5765,10,30000,1500,0.564667,2.077961,41595.913321,1.989438,15.690361,7.215249,2025-10-13 05:01:05
5766,10,30000,1500,0.566000,2.076336,41597.989657,1.989438,15.690361,7.214358,2025-10-13 05:01:07
5767,10,30000,1500,0.600000,1.994104,41599.983761,1.989438,15.690361,7.213453,2025-10-13 05:01:09
5768,10,30000,1500,0.638667,2.079740,41602.063501,1.989438,15.690361,7.212563,2025-10-13 05:01:11
5769,10,30000,1500,0.683333,2.083863,41604.147363,1.989438,15.690361,7.211674,2025-10-13 05:01:13
5770,10,30000,1500,0.682000,2.078590,41606.225954,1.989438,15.690361,7.210784,2025-10-13 05:01:15
5771,10,30000,1500,0.630667,2.078783,41608.304737,1.989438,15.690361,7.209895,2025-10-13 05:01:17
5772,10,30000,1500,0.564667,2.076416,41610.381152,1.989438,15.690361,7.209006,2025-10-13 05:01:19
5773,10,30000,1500,0.582667,1.991423,41612.372575,1.989438,15.690361,7.208102,2025-10-13 05:01:21
5774,10,30000,1500,0.572000,2.076682,41614.449257,1.989438,15.690361,7.207213,2025-10-13 05:01:23
5775,10,30000,1500,0.686667,2.089284,41616.538542,1.989438,15.690361,7.206327,2025-10-13 05:01:25
5776,10,30000,1500,0.594667,2.092684,41618.631226,1.989438,15.690361,7.205442,2025-10-13 05:01:27
5777,10,30000,1500,0.672667,2.076922,41620.708148,1.989438,15.690361,7.204554,2025-10-13 05:01:30
5778,10,30000,1500,0.556667,2.110836,41622.818984,1.989438,15.690361,7.203672,2025-10-13 05:01:32
5779,10,30000,1500,0.604000,2.042635,41624.861619,1.989438,15.690361,7.202779,2025-10-13 05:01:34
5780,10,30000,1500,0.640667,2.110230,41626.971850,1.989438,15.690361,7.201898,2025-10-13 05:01:36
5781,10,30000,1500,0.674000,2.114029,41629.085878,1.989438,15.690361,7.201018,2025-10-13 05:01:38
5782,10,30000,1500,0.620000,2.131584,41631.217462,1.989438,15.690361,7.200141,2025-10-13 05:01:40
5783,10,30000,1500,0.637333,2.125989,41633.343451,1.989438,15.690361,7.199264,2025-10-13 05:01:42
5784,10,30000,1500,0.732000,2.124298,41635.467748,1.989438,15.690361,7.198387,2025-10-13 05:01:44
5785,10,30000,1500,0.701333,2.018409,41637.486158,1.989438,15.690361,7.197491,2025-10-13 05:01:46
5786,10,30000,1500,0.714000,2.130746,41639.616904,1.989438,15.690361,7.196615,2025-10-13 05:01:48
5787,10,30000,1500,0.596667,2.079384,41641.696288,1.989438,15.690361,7.195731,2025-10-13 05:01:51
5788,10,30000,1500,0.564000,2.077834,41643.774122,1.989438,15.690361,7.194847,2025-10-13 05:01:53
5789,10,30000,1500,0.645333,2.075328,41645.849449,1.989438,15.690361,7.193963,2025-10-13 05:01:55
5790,10,30000,1500,0.667333,2.076920,41647.926369,1.989438,15.690361,7.193079,2025-10-13 05:01:57
5791,10,30000,1500,0.627333,1.993169,41649.919538,1.989438,15.690361,7.192181,2025-10-13 05:01:59
5792,10,30000,1500,0.772000,2.078581,41651.998119,1.989438,15.690361,7.191298,2025-10-13 05:02:01
5793,10,30000,1500,0.639333,2.076542,41654.074661,1.989438,15.690361,7.190415,2025-10-13 05:02:03
5794,10,30000,1500,0.616667,2.075697,41656.150358,1.989438,15.690361,7.189532,2025-10-13 05:02:05
5795,10,30000,1500,0.614000,2.087889,41658.238246,1.989438,15.690361,7.188652,2025-10-13 05:02:07
5796,10,30000,1500,0.663333,2.122686,41660.360933,1.989438,15.690361,7.187778,2025-10-13 05:02:09
5797,10,30000,1500,0.606000,2.022970,41662.383902,1.989438,15.690361,7.186887,2025-10-13 05:02:11
5798,10,30000,1500,0.632667,2.077469,41664.461371,1.989438,15.690361,7.186006,2025-10-13 05:02:13
5799,10,30000,1500,0.598667,2.123231,41666.584602,1.989438,15.690361,7.185133,2025-10-13 05:02:15
5800,10,30000,1500,0.656667,2.121291,41668.705893,1.989438,15.690361,7.184260,2025-10-13 05:02:18
5801,10,30000,1500,0.658000,2.122143,41670.828036,1.989438,15.690361,7.183387,2025-10-13 05:02:20
5802,10,30000,1500,0.634000,2.123635,41672.951672,1.989438,15.690361,7.182515,2025-10-13 05:02:22
5803,10,30000,1500,0.585333,2.035826,41674.987497,1.989438,15.690361,7.181628,2025-10-13 05:02:24
5804,10,30000,1500,0.639333,2.125408,41677.112905,1.989438,15.690361,7.180757,2025-10-13 05:02:26
5805,10,30000,1500,0.677333,2.116316,41679.229221,1.989438,15.690361,7.179884,2025-10-13 05:02:28
5806,10,30000,1500,0.630000,2.127372,41681.356593,1.989438,15.690361,7.179014,2025-10-13 05:02:30
5807,10,30000,1500,0.653333,2.124637,41683.481230,1.989438,15.690361,7.178144,2025-10-13 05:02:32
5808,10,30000,1500,0.612000,2.121723,41685.602953,1.989438,15.690361,7.177273,2025-10-13 05:02:35
5809,10,30000,1500,0.605333,2.044186,41687.647139,1.989438,15.690361,7.176390,2025-10-13 05:02:37
5810,10,30000,1500,0.614000,2.077024,41689.724163,1.989438,15.690361,7.175512,2025-10-13 05:02:39
5811,10,30000,1500,0.634000,2.080466,41691.804630,1.989438,15.690361,7.174635,2025-10-13 05:02:41
5812,10,30000,1500,0.630667,2.107034,41693.911664,1.989438,15.690361,7.173763,2025-10-13 05:02:43
5813,10,30000,1500,0.698667,2.078919,41695.990583,1.989438,15.690361,7.172887,2025-10-13 05:02:45
5814,10,30000,1500,0.631333,2.079974,41698.070557,1.989438,15.690361,7.172011,2025-10-13 05:02:47
5815,10,30000,1500,0.602667,1.992351,41700.062908,1.989438,15.690361,7.171120,2025-10-13 05:02:49
5816,10,30000,1500,0.699333,2.081911,41702.144819,1.989438,15.690361,7.170245,2025-10-13 05:02:51
5817,10,30000,1500,0.689333,2.077970,41704.222789,1.989438,15.690361,7.169370,2025-10-13 05:02:53
5818,10,30000,1500,0.715333,2.088177,41706.310966,1.989438,15.690361,7.168496,2025-10-13 05:02:55
5819,10,30000,1500,0.710667,2.079517,41708.390483,1.989438,15.690361,7.167622,2025-10-13 05:02:57
5820,10,30000,1500,0.702000,2.107522,41710.498005,1.989438,15.690361,7.166752,2025-10-13 05:02:59
5821,10,30000,1500,0.595333,2.029209,41712.527214,1.989438,15.690361,7.165870,2025-10-13 05:03:01
5822,10,30000,1500,0.634667,2.127669,41714.654883,1.989438,15.690361,7.165004,2025-10-13 05:03:04
5823,10,30000,1500,0.590000,2.121835,41716.776717,1.989438,15.690361,7.164138,2025-10-13 05:03:06
5824,10,30000,1500,0.568000,2.123233,41718.899950,1.989438,15.690361,7.163273,2025-10-13 05:03:08
5825,10,30000,1500,0.621333,2.124663,41721.024613,1.989438,15.690361,7.162408,2025-10-13 05:03:10
5826,10,30000,1500,0.576000,2.121408,41723.146021,1.989438,15.690361,7.161542,2025-10-13 05:03:12
5827,10,30000,1500,0.583333,2.038949,41725.184970,1.989438,15.690361,7.160663,2025-10-13 05:03:14
5828,10,30000,1500,0.622000,2.076183,41727.261153,1.989438,15.690361,7.159791,2025-10-13 05:03:16
5829,10,30000,1500,0.608667,2.079064,41729.340217,1.989438,15.690361,7.158919,2025-10-13 05:03:18
5830,10,30000,1500,0.560000,2.078071,41731.418289,1.989438,15.690361,7.158048,2025-10-13 05:03:20
5831,10,30000,1500,0.637333,2.074205,41733.492493,1.989438,15.690361,7.157176,2025-10-13 05:03:22
5832,10,30000,1500,0.581333,2.103554,41735.596047,1.989438,15.690361,7.156309,2025-10-13 05:03:25
5833,10,30000,1500,0.607333,2.042939,41737.638986,1.989438,15.690361,7.155433,2025-10-13 05:03:27
5834,10,30000,1500,0.651333,2.123728,41739.762714,1.989438,15.690361,7.154570,2025-10-13 05:03:29
5835,10,30000,1500,0.602667,2.099502,41741.862215,1.989438,15.690361,7.153704,2025-10-13 05:03:31
5836,10,30000,1500,0.619333,2.080029,41743.942244,1.989438,15.690361,7.152835,2025-10-13 05:03:33
5837,10,30000,1500,0.572667,2.075366,41746.017611,1.989438,15.690361,7.151965,2025-10-13 05:03:35
5838,10,30000,1500,0.619333,2.079629,41748.097240,1.989438,15.690361,7.151096,2025-10-13 05:03:37
5839,10,30000,1500,0.618667,1.993711,41750.090951,1.989438,15.690361,7.150213,2025-10-13 05:03:39
5840,10,30000,1500,0.604667,2.077622,41752.168573,1.989438,15.690361,7.149344,2025-10-13 05:03:41
5841,10,30000,1500,0.610667,2.136753,41754.305326,1.989438,15.690361,7.148486,2025-10-13 05:03:43
5842,10,30000,1500,0.584667,2.103709,41756.409035,1.989438,15.690361,7.147622,2025-10-13 05:03:45
5843,10,30000,1500,0.563333,2.076141,41758.485176,1.989438,15.690361,7.146754,2025-10-13 05:03:48
5844,10,30000,1500,0.602000,2.107355,41760.592530,1.989438,15.690361,7.145892,2025-10-13 05:03:50
5845,10,30000,1500,0.588000,2.028656,41762.621187,1.989438,15.690361,7.145016,2025-10-13 05:03:52
5846,10,30000,1500,0.546667,2.127504,41764.748691,1.989438,15.690361,7.144158,2025-10-13 05:03:54
5847,10,30000,1500,0.585333,2.092098,41766.840789,1.989438,15.690361,7.143294,2025-10-13 05:03:56
5848,10,30000,1500,0.585333,2.079525,41768.920314,1.989438,15.690361,7.142428,2025-10-13 05:03:58
5849,10,30000,1500,0.576000,2.079935,41771.000249,1.989438,15.690361,7.141563,2025-10-13 05:04:00
5850,10,30000,1500,0.566000,2.080009,41773.080258,1.989438,15.690361,7.140697,2025-10-13 05:04:02
5851,10,30000,1500,0.610000,1.994775,41775.075033,1.989438,15.690361,7.139818,2025-10-13 05:04:04
5852,10,30000,1500,0.601333,2.079141,41777.154174,1.989438,15.690361,7.138953,2025-10-13 05:04:06
5853,10,30000,1500,0.651333,2.106960,41779.261134,1.989438,15.690361,7.138093,2025-10-13 05:04:08
5854,10,30000,1500,0.615333,2.131667,41781.392801,1.989438,15.690361,7.137238,2025-10-13 05:04:10
5855,10,30000,1500,0.623333,2.082375,41783.475177,1.989438,15.690361,7.136375,2025-10-13 05:04:13
5856,10,30000,1500,0.585333,2.110322,41785.585499,1.989438,15.690361,7.135517,2025-10-13 05:04:15
5857,10,30000,1500,0.566667,2.037628,41787.623127,1.989438,15.690361,7.134646,2025-10-13 05:04:17
5858,10,30000,1500,0.545333,2.123540,41789.746666,1.989438,15.690361,7.133791,2025-10-13 05:04:19
5859,10,30000,1500,0.650000,2.112828,41791.859494,1.989438,15.690361,7.132934,2025-10-13 05:04:21
5860,10,30000,1500,0.592667,2.081740,41793.941234,1.989438,15.690361,7.132072,2025-10-13 05:04:23
5861,10,30000,1500,0.603333,2.077730,41796.018963,1.989438,15.690361,7.131210,2025-10-13 05:04:25
5862,10,30000,1500,0.578667,2.098843,41798.117806,1.989438,15.690361,7.130351,2025-10-13 05:04:27
5863,10,30000,1500,0.593333,1.997946,41800.115752,1.989438,15.690361,7.129476,2025-10-13 05:04:29
5864,10,30000,1500,0.604667,2.086544,41802.202296,1.989438,15.690361,7.128616,2025-10-13 05:04:31
5865,10,30000,1500,0.609333,2.127548,41804.329844,1.989438,15.690361,7.127763,2025-10-13 05:04:33
5866,10,30000,1500,0.631333,2.127898,41806.457741,1.989438,15.690361,7.126911,2025-10-13 05:04:36
5867,10,30000,1500,0.654000,2.129595,41808.587336,1.989438,15.690361,7.126059,2025-10-13 05:04:38
5868,10,30000,1500,0.714667,2.161281,41810.748617,1.989438,15.690361,7.125213,2025-10-13 05:04:40
5869,10,30000,1500,0.706667,2.003526,41812.752144,1.989438,15.690361,7.124340,2025-10-13 05:04:42
5870,10,30000,1500,0.688000,2.080422,41814.832566,1.989438,15.690361,7.123481,2025-10-13 05:04:44
5871,10,30000,1500,0.587333,2.077162,41816.909728,1.989438,15.690361,7.122621,2025-10-13 05:04:46
5872,10,30000,1500,0.556667,2.077694,41818.987422,1.989438,15.690361,7.121762,2025-10-13 05:04:48
5873,10,30000,1500,0.624000,2.078264,41821.065686,1.989438,15.690361,7.120903,2025-10-13 05:04:50
5874,10,30000,1500,0.597333,2.078922,41823.144608,1.989438,15.690361,7.120045,2025-10-13 05:04:52
5875,10,30000,1500,0.602667,1.991458,41825.136066,1.989438,15.690361,7.119172,2025-10-13 05:04:54
5876,10,30000,1500,0.723333,2.078636,41827.214702,1.989438,15.690361,7.118314,2025-10-13 05:04:56
5877,10,30000,1500,0.618667,2.079113,41829.293815,1.989438,15.690361,7.117457,2025-10-13 05:04:58
5878,10,30000,1500,0.579333,2.076377,41831.370192,1.989438,15.690361,7.116599,2025-10-13 05:05:00
5879,10,30000,1500,0.570667,2.077335,41833.447526,1.989438,15.690361,7.115742,2025-10-13 05:05:03
5880,10,30000,1500,0.622667,2.081108,41835.528634,1.989438,15.690361,7.114886,2025-10-13 05:05:05
5881,10,30000,1500,0.607333,2.027058,41837.555692,1.989438,15.690361,7.114021,2025-10-13 05:05:07
5882,10,30000,1500,0.570000,2.077782,41839.633474,1.989438,15.690361,7.113164,2025-10-13 05:05:09
5883,10,30000,1500,0.607333,2.081368,41841.714842,1.989438,15.690361,7.112309,2025-10-13 05:05:11
5884,10,30000,1500,0.636000,2.080695,41843.795537,1.989438,15.690361,7.111454,2025-10-13 05:05:13
5885,10,30000,1500,0.600667,2.075248,41845.870786,1.989438,15.690361,7.110598,2025-10-13 05:05:15
5886,10,30000,1500,0.615333,2.080203,41847.950989,1.989438,15.690361,7.109744,2025-10-13 05:05:17
5887,10,30000,1500,0.579333,2.037018,41849.988007,1.989438,15.690361,7.108882,2025-10-13 05:05:19
5888,10,30000,1500,0.606667,2.118862,41852.106869,1.989438,15.690361,7.108034,2025-10-13 05:05:21
5889,10,30000,1500,0.626667,2.078643,41854.185512,1.989438,15.690361,7.107180,2025-10-13 05:05:23
5890,10,30000,1500,0.612000,2.081045,41856.266557,1.989438,15.690361,7.106327,2025-10-13 05:05:25
5891,10,30000,1500,0.641333,2.118576,41858.385133,1.989438,15.690361,7.105480,2025-10-13 05:05:28
5892,10,30000,1500,0.576667,2.121305,41860.506438,1.989438,15.690361,7.104634,2025-10-13 05:05:30
5893,10,30000,1500,0.575333,2.039044,41862.545482,1.989438,15.690361,7.103775,2025-10-13 05:05:32
5894,10,30000,1500,0.558667,2.125321,41864.670803,1.989438,15.690361,7.102930,2025-10-13 05:05:34
5895,10,30000,1500,0.579333,2.125050,41866.795853,1.989438,15.690361,7.102086,2025-10-13 05:05:36
5896,10,30000,1500,0.585333,2.126868,41868.922722,1.989438,15.690361,7.101242,2025-10-13 05:05:38
5897,10,30000,1500,0.613333,2.128029,41871.050751,1.989438,15.690361,7.100399,2025-10-13 05:05:40
5898,10,30000,1500,0.593333,2.129679,41873.180430,1.989438,15.690361,7.099556,2025-10-13 05:05:42
5899,10,30000,1500,0.576667,1.995581,41875.176011,1.989438,15.690361,7.098691,2025-10-13 05:05:44
5900,10,30000,1500,0.619333,2.078344,41877.254355,1.989438,15.690361,7.097840,2025-10-13 05:05:46
5901,10,30000,1500,0.623333,2.112091,41879.366446,1.989438,15.690361,7.096995,2025-10-13 05:05:49
5902,10,30000,1500,0.652000,2.093791,41881.460238,1.989438,15.690361,7.096147,2025-10-13 05:05:51
5903,10,30000,1500,0.670667,2.082167,41883.542405,1.989438,15.690361,7.095298,2025-10-13 05:05:53
5904,10,30000,1500,0.604000,2.079289,41885.621694,1.989438,15.690361,7.094448,2025-10-13 05:05:55
5905,10,30000,1500,0.592667,1.991489,41887.613182,1.989438,15.690361,7.093584,2025-10-13 05:05:57
5906,10,30000,1500,0.554667,2.075146,41889.688329,1.989438,15.690361,7.092734,2025-10-13 05:05:59
5907,10,30000,1500,0.580667,2.077897,41891.766225,1.989438,15.690361,7.091885,2025-10-13 05:06:01
5908,10,30000,1500,0.589333,2.081054,41893.847279,1.989438,15.690361,7.091037,2025-10-13 05:06:03
5909,10,30000,1500,0.588000,2.080286,41895.927566,1.989438,15.690361,7.090189,2025-10-13 05:06:05
5910,10,30000,1500,0.562667,2.079249,41898.006814,1.989438,15.690361,7.089341,2025-10-13 05:06:07
5911,10,30000,1500,0.578667,1.991828,41899.998643,1.989438,15.690361,7.088479,2025-10-13 05:06:09
5912,10,30000,1500,0.639333,2.078379,41902.077021,1.989438,15.690361,7.087631,2025-10-13 05:06:11
5913,10,30000,1500,0.622000,2.121972,41904.198993,1.989438,15.690361,7.086792,2025-10-13 05:06:13
5914,10,30000,1500,0.600667,2.099356,41906.298349,1.989438,15.690361,7.085948,2025-10-13 05:06:15
5915,10,30000,1500,0.593333,2.097810,41908.396159,1.989438,15.690361,7.085105,2025-10-13 05:06:18
5916,10,30000,1500,0.684667,2.123372,41910.519531,1.989438,15.690361,7.084266,2025-10-13 05:06:20
5917,10,30000,1500,0.700667,2.013476,41912.533007,1.989438,15.690361,7.083409,2025-10-13 05:06:22
5918,10,30000,1500,0.686667,2.124696,41914.657703,1.989438,15.690361,7.082571,2025-10-13 05:06:24
5919,10,30000,1500,0.692000,2.092111,41916.749813,1.989438,15.690361,7.081728,2025-10-13 05:06:26
5920,10,30000,1500,0.566000,2.136608,41918.886421,1.989438,15.690361,7.080893,2025-10-13 05:06:28
5921,10,30000,1500,0.594667,2.127330,41921.013751,1.989438,15.690361,7.080056,2025-10-13 05:06:30
5922,10,30000,1500,0.604000,2.127084,41923.140835,1.989438,15.690361,7.079220,2025-10-13 05:06:32
5923,10,30000,1500,0.565333,2.060596,41925.201431,1.989438,15.690361,7.078373,2025-10-13 05:06:34
5924,10,30000,1500,0.627333,2.125231,41927.326662,1.989438,15.690361,7.077537,2025-10-13 05:06:37
5925,10,30000,1500,0.712000,2.123141,41929.449802,1.989438,15.690361,7.076700,2025-10-13 05:06:39
5926,10,30000,1500,0.560000,2.130495,41931.580298,1.989438,15.690361,7.075866,2025-10-13 05:06:41
5927,10,30000,1500,0.608667,2.132546,41933.712843,1.989438,15.690361,7.075032,2025-10-13 05:06:43
5928,10,30000,1500,0.648667,2.122553,41935.835396,1.989438,15.690361,7.074196,2025-10-13 05:06:45
5929,10,30000,1500,0.660667,2.043054,41937.878450,1.989438,15.690361,7.073348,2025-10-13 05:06:47
5930,10,30000,1500,0.665333,2.127693,41940.006143,1.989438,15.690361,7.072514,2025-10-13 05:06:49
5931,10,30000,1500,0.790000,2.127458,41942.133601,1.989438,15.690361,7.071680,2025-10-13 05:06:51
5932,10,30000,1500,0.671333,2.127777,41944.261378,1.989438,15.690361,7.070846,2025-10-13 05:06:53
5933,10,30000,1500,0.580000,2.093198,41946.354576,1.989438,15.690361,7.070008,2025-10-13 05:06:56
5934,10,30000,1500,0.622000,2.079291,41948.433867,1.989438,15.690361,7.069166,2025-10-13 05:06:58
5935,10,30000,1500,0.634667,1.997282,41950.431148,1.989438,15.690361,7.068312,2025-10-13 05:07:00
5936,10,30000,1500,0.610667,2.102534,41952.533683,1.989438,15.690361,7.067475,2025-10-13 05:07:02
5937,10,30000,1500,0.676667,2.129162,41954.662844,1.989438,15.690361,7.066644,2025-10-13 05:07:04
5938,10,30000,1500,0.706667,2.129598,41956.792443,1.989438,15.690361,7.065812,2025-10-13 05:07:06
5939,10,30000,1500,0.626667,2.078528,41958.870971,1.989438,15.690361,7.064972,2025-10-13 05:07:08
5940,10,30000,1500,0.693333,2.081103,41960.952074,1.989438,15.690361,7.064133,2025-10-13 05:07:10
5941,10,30000,1500,0.791333,1.995224,41962.947298,1.989438,15.690361,7.063280,2025-10-13 05:07:12
5942,10,30000,1500,0.770667,2.097634,41965.044932,1.989438,15.690361,7.062444,2025-10-13 05:07:14
5943,10,30000,1500,0.766000,2.126947,41967.171880,1.989438,15.690361,7.061614,2025-10-13 05:07:16
5944,10,30000,1500,0.742000,2.130559,41969.302438,1.989438,15.690361,7.060784,2025-10-13 05:07:19
5945,10,30000,1500,0.681333,2.128646,41971.431084,1.989438,15.690361,7.059955,2025-10-13 05:07:21
5946,10,30000,1500,0.694000,2.126045,41973.557129,1.989438,15.690361,7.059125,2025-10-13 05:07:23
5947,10,30000,1500,0.655333,2.040447,41975.597577,1.989438,15.690361,7.058281,2025-10-13 05:07:25
5948,10,30000,1500,0.678667,2.124546,41977.722123,1.989438,15.690361,7.057452,2025-10-13 05:07:27
5949,10,30000,1500,0.576667,2.126969,41979.849092,1.989438,15.690361,7.056623,2025-10-13 05:07:29
5950,10,30000,1500,0.675333,2.125289,41981.974381,1.989438,15.690361,7.055794,2025-10-13 05:07:31
5951,10,30000,1500,0.634667,2.126884,41984.101265,1.989438,15.690361,7.054966,2025-10-13 05:07:33
5952,10,30000,1500,0.665333,2.128791,41986.230056,1.989438,15.690361,7.054138,2025-10-13 05:07:36
5953,10,30000,1500,0.625333,2.045170,41988.275225,1.989438,15.690361,7.053297,2025-10-13 05:07:38
5954,10,30000,1500,0.558000,2.089796,41990.365022,1.989438,15.690361,7.052463,2025-10-13 05:07:40
5955,10,30000,1500,0.598667,2.079769,41992.444791,1.989438,15.690361,7.051628,2025-10-13 05:07:42
5956,10,30000,1500,0.784000,2.081721,41994.526512,1.989438,15.690361,7.050794,2025-10-13 05:07:44
5957,10,30000,1500,0.786000,2.122697,41996.649209,1.989438,15.690361,7.049966,2025-10-13 05:07:46
5958,10,30000,1500,0.807333,2.127763,41998.776971,1.989438,15.690361,7.049140,2025-10-13 05:07:48
5959,10,30000,1500,0.707333,2.041141,42000.818113,1.989438,15.690361,7.048300,2025-10-13 05:07:50
5960,10,30000,1500,0.736667,2.131549,42002.949662,1.989438,15.690361,7.047475,2025-10-13 05:07:52
5961,10,30000,1500,0.702000,2.128146,42005.077809,1.989438,15.690361,7.046650,2025-10-13 05:07:54
5962,10,30000,1500,0.670000,2.077559,42007.155367,1.989438,15.690361,7.045816,2025-10-13 05:07:56
5963,10,30000,1500,0.709333,2.102490,42009.257857,1.989438,15.690361,7.044987,2025-10-13 05:07:59
5964,10,30000,1500,0.672000,2.107953,42011.365810,1.989438,15.690361,7.044159,2025-10-13 05:08:01
5965,10,30000,1500,0.636667,1.990014,42013.355825,1.989438,15.690361,7.043312,2025-10-13 05:08:03
5966,10,30000,1500,0.725333,2.077053,42015.432878,1.989438,15.690361,7.042480,2025-10-13 05:08:05
5967,10,30000,1500,0.718667,2.074274,42017.507152,1.989438,15.690361,7.041647,2025-10-13 05:08:07
5968,10,30000,1500,0.672667,2.078877,42019.586029,1.989438,15.690361,7.040815,2025-10-13 05:08:09
5969,10,30000,1500,0.682667,2.078150,42021.664179,1.989438,15.690361,7.039984,2025-10-13 05:08:11
5970,10,30000,1500,0.588667,2.116114,42023.780293,1.989438,15.690361,7.039159,2025-10-13 05:08:13
5971,10,30000,1500,0.626000,2.038493,42025.818787,1.989438,15.690361,7.038322,2025-10-13 05:08:15
5972,10,30000,1500,0.634667,2.124671,42027.943458,1.989438,15.690361,7.037499,2025-10-13 05:08:17
5973,10,30000,1500,0.628667,2.124673,42030.068130,1.989438,15.690361,7.036676,2025-10-13 05:08:19
5974,10,30000,1500,0.666667,2.124722,42032.192852,1.989438,15.690361,7.035854,2025-10-13 05:08:22
5975,10,30000,1500,0.581333,2.127098,42034.319950,1.989438,15.690361,7.035033,2025-10-13 05:08:24
5976,10,30000,1500,0.756000,2.128299,42036.448249,1.989438,15.690361,7.034212,2025-10-13 05:08:26
5977,10,30000,1500,0.736667,2.042123,42038.490372,1.989438,15.690361,7.033376,2025-10-13 05:08:28
5978,10,30000,1500,0.796000,2.123366,42040.613738,1.989438,15.690361,7.032555,2025-10-13 05:08:30
5979,10,30000,1500,0.679333,2.131416,42042.745155,1.989438,15.690361,7.031735,2025-10-13 05:08:32
5980,10,30000,1500,0.706000,2.127306,42044.872460,1.989438,15.690361,7.030915,2025-10-13 05:08:34
5981,10,30000,1500,0.730667,2.126171,42046.998632,1.989438,15.690361,7.030095,2025-10-13 05:08:36
5982,10,30000,1500,0.658000,2.123017,42049.121649,1.989438,15.690361,7.029275,2025-10-13 05:08:38
5983,10,30000,1500,0.754000,1.997294,42051.118943,1.989438,15.690361,7.028434,2025-10-13 05:08:40
5984,10,30000,1500,0.634000,2.101631,42053.220574,1.989438,15.690361,7.027610,2025-10-13 05:08:43
5985,10,30000,1500,0.688667,2.076920,42055.297494,1.989438,15.690361,7.026783,2025-10-13 05:08:45
5986,10,30000,1500,0.634667,2.119314,42057.416808,1.989438,15.690361,7.025963,2025-10-13 05:08:47
5987,10,30000,1500,0.662667,2.086943,42059.503751,1.989438,15.690361,7.025138,2025-10-13 05:08:49
5988,10,30000,1500,0.641333,2.077672,42061.581423,1.989438,15.690361,7.024312,2025-10-13 05:08:51
5989,10,30000,1500,0.658000,1.992658,42063.574081,1.989438,15.690361,7.023472,2025-10-13 05:08:53
5990,10,30000,1500,0.568667,2.077232,42065.651313,1.989438,15.690361,7.022646,2025-10-13 05:08:55
5991,10,30000,1500,0.634000,2.073498,42067.724811,1.989438,15.690361,7.021820,2025-10-13 05:08:57
5992,10,30000,1500,0.626000,2.093793,42069.818604,1.989438,15.690361,7.020998,2025-10-13 05:08:59
5993,10,30000,1500,0.618000,2.078706,42071.897311,1.989438,15.690361,7.020173,2025-10-13 05:09:01
5994,10,30000,1500,0.689333,2.079693,42073.977003,1.989438,15.690361,7.019349,2025-10-13 05:09:03
5995,10,30000,1500,0.606000,1.991035,42075.968039,1.989438,15.690361,7.018510,2025-10-13 05:09:05
5996,10,30000,1500,0.738000,2.079518,42078.047557,1.989438,15.690361,7.017686,2025-10-13 05:09:07
5997,10,30000,1500,0.804000,2.078233,42080.125790,1.989438,15.690361,7.016863,2025-10-13 05:09:10
5998,10,30000,1500,0.675333,2.110530,42082.236320,1.989438,15.690361,7.016045,2025-10-13 05:09:12
5999,10,30000,1500,0.810000,2.102128,42084.338448,1.989438,15.690361,7.015226,2025-10-13 05:09:14
6000,10,30000,1500,0.684000,2.087552,42086.426000,1.989438,15.690361,7.014404,2025-10-13 05:09:16
6001,10,30000,1500,0.739333,2.039665,42088.465664,1.989438,15.690361,7.013575,2025-10-13 05:09:18
6002,10,30000,1500,0.694667,2.128246,42090.593911,1.989438,15.690361,7.012761,2025-10-13 05:09:20
6003,10,30000,1500,0.638667,2.126587,42092.720498,1.989438,15.690361,7.011947,2025-10-13 05:09:22
6004,10,30000,1500,0.688000,2.126519,42094.847017,1.989438,15.690361,7.011134,2025-10-13 05:09:24
6005,10,30000,1500,0.662667,2.099197,42096.946213,1.989438,15.690361,7.010316,2025-10-13 05:09:26
6006,10,30000,1500,0.710667,2.080562,42099.026775,1.989438,15.690361,7.009495,2025-10-13 05:09:28
6007,10,30000,1500,0.652667,1.996822,42101.023596,1.989438,15.690361,7.008660,2025-10-13 05:09:30
6008,10,30000,1500,0.732000,2.078796,42103.102393,1.989438,15.690361,7.007840,2025-10-13 05:09:33
6009,10,30000,1500,0.646667,2.076462,42105.178855,1.989438,15.690361,7.007019,2025-10-13 05:09:35
6010,10,30000,1500,0.670667,2.079490,42107.258344,1.989438,15.690361,7.006199,2025-10-13 05:09:37
6011,10,30000,1500,0.836667,2.078691,42109.337035,1.989438,15.690361,7.005380,2025-10-13 05:09:39
6012,10,30000,1500,0.806000,2.077763,42111.414798,1.989438,15.690361,7.004560,2025-10-13 05:09:41
6013,10,30000,1500,0.825333,1.992614,42113.407413,1.989438,15.690361,7.003726,2025-10-13 05:09:43
6014,10,30000,1500,0.733333,2.078126,42115.485539,1.989438,15.690361,7.002907,2025-10-13 05:09:45
6015,10,30000,1500,0.798667,2.077989,42117.563528,1.989438,15.690361,7.002089,2025-10-13 05:09:47
6016,10,30000,1500,0.787333,2.080975,42119.644503,1.989438,15.690361,7.001271,2025-10-13 05:09:49
6017,10,30000,1500,0.742000,2.102843,42121.747346,1.989438,15.690361,7.000457,2025-10-13 05:09:51
6018,10,30000,1500,0.788667,2.098153,42123.845499,1.989438,15.690361,6.999642,2025-10-13 05:09:53
6019,10,30000,1500,0.708000,2.026873,42125.872372,1.989438,15.690361,6.998816,2025-10-13 05:09:55
6020,10,30000,1500,0.718667,2.148181,42128.020553,1.989438,15.690361,6.998010,2025-10-13 05:09:57
6021,10,30000,1500,0.718667,2.078925,42130.099478,1.989438,15.690361,6.997193,2025-10-13 05:10:00
6022,10,30000,1500,0.727333,2.115183,42132.214661,1.989438,15.690361,6.996382,2025-10-13 05:10:02
6023,10,30000,1500,0.684667,2.128066,42134.342726,1.989438,15.690361,6.995574,2025-10-13 05:10:04
6024,10,30000,1500,0.710667,2.085765,42136.428491,1.989438,15.690361,6.994759,2025-10-13 05:10:06
6025,10,30000,1500,0.618000,2.018904,42138.447395,1.989438,15.690361,6.993933,2025-10-13 05:10:08
6026,10,30000,1500,0.648000,2.126311,42140.573706,1.989438,15.690361,6.993125,2025-10-13 05:10:10
6027,10,30000,1500,0.681333,2.127578,42142.701285,1.989438,15.690361,6.992318,2025-10-13 05:10:12
6028,10,30000,1500,0.676667,2.130312,42144.831597,1.989438,15.690361,6.991512,2025-10-13 05:10:14
6029,10,30000,1500,0.725333,2.083018,42146.914615,1.989438,15.690361,6.990697,2025-10-13 05:10:16
6030,10,30000,1500,0.626667,2.091777,42149.006392,1.989438,15.690361,6.989885,2025-10-13 05:10:18
6031,10,30000,1500,0.817333,2.038911,42151.045303,1.989438,15.690361,6.989064,2025-10-13 05:10:21
6032,10,30000,1500,0.827333,2.132499,42153.177801,1.989438,15.690361,6.988259,2025-10-13 05:10:23
6033,10,30000,1500,0.740667,2.124824,42155.302626,1.989438,15.690361,6.987453,2025-10-13 05:10:25
6034,10,30000,1500,0.816000,2.132706,42157.435332,1.989438,15.690361,6.986648,2025-10-13 05:10:27
6035,10,30000,1500,0.725333,2.152175,42159.587506,1.989438,15.690361,6.985847,2025-10-13 05:10:29
6036,10,30000,1500,0.742000,2.128871,42161.716377,1.989438,15.690361,6.985042,2025-10-13 05:10:31
6037,10,30000,1500,0.743333,2.041859,42163.758236,1.989438,15.690361,6.984224,2025-10-13 05:10:33
6038,10,30000,1500,0.707333,2.128406,42165.886642,1.989438,15.690361,6.983419,2025-10-13 05:10:35
6039,10,30000,1500,0.706000,2.127673,42168.014315,1.989438,15.690361,6.982615,2025-10-13 05:10:38
6040,10,30000,1500,0.692000,2.129496,42170.143811,1.989438,15.690361,6.981812,2025-10-13 05:10:40
6041,10,30000,1500,0.728000,2.080658,42172.224469,1.989438,15.690361,6.981001,2025-10-13 05:10:42
6042,10,30000,1500,0.673333,2.079979,42174.304448,1.989438,15.690361,6.980189,2025-10-13 05:10:44
6043,10,30000,1500,0.730000,1.992250,42176.296698,1.989438,15.690361,6.979364,2025-10-13 05:10:46
6044,10,30000,1500,0.630000,2.086432,42178.383131,1.989438,15.690361,6.978554,2025-10-13 05:10:48
6045,10,30000,1500,0.683333,2.126337,42180.509468,1.989438,15.690361,6.977752,2025-10-13 05:10:50
6046,10,30000,1500,0.768667,2.085406,42182.594874,1.989438,15.690361,6.976943,2025-10-13 05:10:52
6047,10,30000,1500,0.818667,2.081181,42184.676055,1.989438,15.690361,6.976133,2025-10-13 05:10:54
6048,10,30000,1500,0.720000,2.079199,42186.755253,1.989438,15.690361,6.975323,2025-10-13 05:10:56
6049,10,30000,1500,0.813333,1.993785,42188.749039,1.989438,15.690361,6.974500,2025-10-13 05:10:58
6050,10,30000,1500,0.701333,2.078857,42190.827896,1.989438,15.690361,6.973691,2025-10-13 05:11:00
6051,10,30000,1500,0.755333,2.079653,42192.907549,1.989438,15.690361,6.972882,2025-10-13 05:11:02
6052,10,30000,1500,0.753333,2.080622,42194.988171,1.989438,15.690361,6.972073,2025-10-13 05:11:05
6053,10,30000,1500,0.686667,2.076322,42197.064493,1.989438,15.690361,6.971265,2025-10-13 05:11:07
6054,10,30000,1500,0.768667,2.078816,42199.143310,1.989438,15.690361,6.970456,2025-10-13 05:11:09
6055,10,30000,1500,0.724667,1.994241,42201.137551,1.989438,15.690361,6.969635,2025-10-13 05:11:11
6056,10,30000,1500,0.709333,2.078099,42203.215650,1.989438,15.690361,6.968827,2025-10-13 05:11:13
6057,10,30000,1500,0.658000,2.078371,42205.294021,1.989438,15.690361,6.968019,2025-10-13 05:11:15
6058,10,30000,1500,0.736667,2.076290,42207.370310,1.989438,15.690361,6.967212,2025-10-13 05:11:17
6059,10,30000,1500,0.660000,2.077791,42209.448102,1.989438,15.690361,6.966405,2025-10-13 05:11:19
6060,10,30000,1500,0.699333,2.078714,42211.526816,1.989438,15.690361,6.965598,2025-10-13 05:11:21
6061,10,30000,1500,0.815333,1.991015,42213.517830,1.989438,15.690361,6.964778,2025-10-13 05:11:23
6062,10,30000,1500,0.701333,2.077960,42215.595790,1.989438,15.690361,6.963972,2025-10-13 05:11:25
6063,10,30000,1500,0.776000,2.079264,42217.675054,1.989438,15.690361,6.963166,2025-10-13 05:11:27
6064,10,30000,1500,0.752000,2.079270,42219.754324,1.989438,15.690361,6.962361,2025-10-13 05:11:29
6065,10,30000,1500,0.718000,2.080188,42221.834512,1.989438,15.690361,6.961556,2025-10-13 05:11:31
6066,10,30000,1500,0.724000,2.078507,42223.913019,1.989438,15.690361,6.960751,2025-10-13 05:11:33
6067,10,30000,1500,0.746667,1.998832,42225.911851,1.989438,15.690361,6.959933,2025-10-13 05:11:35
6068,10,30000,1500,0.689333,2.077287,42227.989138,1.989438,15.690361,6.959128,2025-10-13 05:11:38
6069,10,30000,1500,0.715333,2.078909,42230.068047,1.989438,15.690361,6.958324,2025-10-13 05:11:40
6070,10,30000,1500,0.622000,2.078833,42232.146880,1.989438,15.690361,6.957520,2025-10-13 05:11:42
6071,10,30000,1500,0.714667,2.079422,42234.226302,1.989438,15.690361,6.956717,2025-10-13 05:11:44
6072,10,30000,1500,0.656667,2.079678,42236.305979,1.989438,15.690361,6.955913,2025-10-13 05:11:46
6073,10,30000,1500,0.706000,1.992367,42238.298346,1.989438,15.690361,6.955096,2025-10-13 05:11:48
6074,10,30000,1500,0.663333,2.078199,42240.376546,1.989438,15.690361,6.954293,2025-10-13 05:11:50
6075,10,30000,1500,0.623333,2.081078,42242.457624,1.989438,15.690361,6.953491,2025-10-13 05:11:52
6076,10,30000,1500,0.638000,2.079536,42244.537160,1.989438,15.690361,6.952689,2025-10-13 05:11:54
6077,10,30000,1500,0.630667,2.076329,42246.613489,1.989438,15.690361,6.951886,2025-10-13 05:11:56
6078,10,30000,1500,0.618667,2.126109,42248.739598,1.989438,15.690361,6.951092,2025-10-13 05:11:58
6079,10,30000,1500,0.630667,2.005271,42250.744869,1.989438,15.690361,6.950279,2025-10-13 05:12:00
6080,10,30000,1500,0.603333,2.075888,42252.820757,1.989438,15.690361,6.949477,2025-10-13 05:12:02
6081,10,30000,1500,0.530000,2.076195,42254.896952,1.989438,15.690361,6.948676,2025-10-13 05:12:05
6082,10,30000,1500,0.599333,2.080238,42256.977191,1.989438,15.690361,6.947875,2025-10-13 05:12:07
6083,10,30000,1500,0.576667,2.077461,42259.054652,1.989438,15.690361,6.947075,2025-10-13 05:12:09
6084,10,30000,1500,0.646667,2.076005,42261.130657,1.989438,15.690361,6.946274,2025-10-13 05:12:11
6085,10,30000,1500,0.667333,1.993602,42263.124259,1.989438,15.690361,6.945460,2025-10-13 05:12:13
6086,10,30000,1500,0.572000,2.078535,42265.202794,1.989438,15.690361,6.944660,2025-10-13 05:12:15
6087,10,30000,1500,0.734667,2.079523,42267.282317,1.989438,15.690361,6.943861,2025-10-13 05:12:17
6088,10,30000,1500,0.735333,2.078840,42269.361157,1.989438,15.690361,6.943062,2025-10-13 05:12:19
6089,10,30000,1500,0.684667,2.082053,42271.443210,1.989438,15.690361,6.942264,2025-10-13 05:12:21
6090,10,30000,1500,0.724667,2.080364,42273.523574,1.989438,15.690361,6.941465,2025-10-13 05:12:23
6091,10,30000,1500,0.637333,1.994342,42275.517915,1.989438,15.690361,6.940653,2025-10-13 05:12:25
6092,10,30000,1500,0.669333,2.079944,42277.597859,1.989438,15.690361,6.939855,2025-10-13 05:12:27
6093,10,30000,1500,0.644000,2.077137,42279.674996,1.989438,15.690361,6.939057,2025-10-13 05:12:29
6094,10,30000,1500,0.684000,2.079450,42281.754446,1.989438,15.690361,6.938260,2025-10-13 05:12:31
6095,10,30000,1500,0.678667,2.079272,42283.833718,1.989438,15.690361,6.937462,2025-10-13 05:12:33
6096,10,30000,1500,0.617333,2.080214,42285.913933,1.989438,15.690361,6.936666,2025-10-13 05:12:36
6097,10,30000,1500,0.656667,2.035109,42287.949042,1.989438,15.690361,6.935862,2025-10-13 05:12:38
6098,10,30000,1500,0.675333,2.128219,42290.077261,1.989438,15.690361,6.935073,2025-10-13 05:12:40
6099,10,30000,1500,0.703333,2.124355,42292.201616,1.989438,15.690361,6.934285,2025-10-13 05:12:42
6100,10,30000,1500,0.606000,2.122567,42294.324183,1.989438,15.690361,6.933496,2025-10-13 05:12:44
6101,10,30000,1500,0.676667,2.082293,42296.406476,1.989438,15.690361,6.932701,2025-10-13 05:12:46
6102,10,30000,1500,0.680667,2.105665,42298.512141,1.989438,15.690361,6.931910,2025-10-13 05:12:48
6103,10,30000,1500,0.706667,2.041395,42300.553536,1.989438,15.690361,6.931108,2025-10-13 05:12:50
6104,10,30000,1500,0.674000,2.118891,42302.672427,1.989438,15.690361,6.930320,2025-10-13 05:12:52
6105,10,30000,1500,0.680000,2.129032,42304.801459,1.989438,15.690361,6.929533,2025-10-13 05:12:54
6106,10,30000,1500,0.593333,2.124781,42306.926240,1.989438,15.690361,6.928747,2025-10-13 05:12:57
6107,10,30000,1500,0.676000,2.129965,42309.056205,1.989438,15.690361,6.927961,2025-10-13 05:12:59
6108,10,30000,1500,0.654000,2.109489,42311.165694,1.989438,15.690361,6.927172,2025-10-13 05:13:01
6109,10,30000,1500,0.669333,2.038881,42313.204575,1.989438,15.690361,6.926372,2025-10-13 05:13:03
6110,10,30000,1500,0.730667,2.096849,42315.301424,1.989438,15.690361,6.925581,2025-10-13 05:13:05
6111,10,30000,1500,0.668667,2.103143,42317.404566,1.989438,15.690361,6.924792,2025-10-13 05:13:07
6112,10,30000,1500,0.610000,2.081794,42319.486360,1.989438,15.690361,6.924000,2025-10-13 05:13:09
6113,10,30000,1500,0.615333,2.091395,42321.577755,1.989438,15.690361,6.923209,2025-10-13 05:13:11
6114,10,30000,1500,0.679333,2.080606,42323.658362,1.989438,15.690361,6.922417,2025-10-13 05:13:13
6115,10,30000,1500,0.608000,1.994549,42325.652911,1.989438,15.690361,6.921611,2025-10-13 05:13:15
6116,10,30000,1500,0.677333,2.080367,42327.733278,1.989438,15.690361,6.920820,2025-10-13 05:13:17
6117,10,30000,1500,0.727333,2.078266,42329.811544,1.989438,15.690361,6.920028,2025-10-13 05:13:20
6118,10,30000,1500,0.663333,2.079627,42331.891171,1.989438,15.690361,6.919237,2025-10-13 05:13:22
6119,10,30000,1500,0.769333,2.080646,42333.971817,1.989438,15.690361,6.918446,2025-10-13 05:13:24
6120,10,30000,1500,0.694000,2.082705,42336.054522,1.989438,15.690361,6.917656,2025-10-13 05:13:26
6121,10,30000,1500,0.702000,2.031133,42338.085655,1.989438,15.690361,6.916858,2025-10-13 05:13:28
6122,10,30000,1500,0.721333,2.077563,42340.163218,1.989438,15.690361,6.916067,2025-10-13 05:13:30
6123,10,30000,1500,0.776667,2.122636,42342.285854,1.989438,15.690361,6.915284,2025-10-13 05:13:32
6124,10,30000,1500,0.774000,2.084091,42344.369945,1.989438,15.690361,6.914495,2025-10-13 05:13:34
6125,10,30000,1500,0.741333,2.082435,42346.452380,1.989438,15.690361,6.913707,2025-10-13 05:13:36
6126,10,30000,1500,0.740667,2.091946,42348.544325,1.989438,15.690361,6.912919,2025-10-13 05:13:38
6127,10,30000,1500,0.667333,2.039974,42350.584299,1.989438,15.690361,6.912124,2025-10-13 05:13:40
6128,10,30000,1500,0.703333,2.126864,42352.711163,1.989438,15.690361,6.911343,2025-10-13 05:13:42
6129,10,30000,1500,0.731333,2.130624,42354.841788,1.989438,15.690361,6.910563,2025-10-13 05:13:45
6130,10,30000,1500,0.741333,2.130453,42356.972241,1.989438,15.690361,6.909783,2025-10-13 05:13:47
6131,10,30000,1500,0.768667,2.108744,42359.080985,1.989438,15.690361,6.909000,2025-10-13 05:13:49
6132,10,30000,1500,0.689333,2.133883,42361.214868,1.989438,15.690361,6.908222,2025-10-13 05:13:51
6133,10,30000,1500,0.684667,2.053309,42363.268177,1.989438,15.690361,6.907430,2025-10-13 05:13:53
6134,10,30000,1500,0.672667,2.126067,42365.394244,1.989438,15.690361,6.906651,2025-10-13 05:13:55
6135,10,30000,1500,0.723333,2.126960,42367.521204,1.989438,15.690361,6.905871,2025-10-13 05:13:57
6136,10,30000,1500,0.626000,2.124374,42369.645578,1.989438,15.690361,6.905092,2025-10-13 05:13:59
6137,10,30000,1500,0.722667,2.125147,42371.770725,1.989438,15.690361,6.904313,2025-10-13 05:14:02
6138,10,30000,1500,0.772000,2.123579,42373.894304,1.989438,15.690361,6.903534,2025-10-13 05:14:04
6139,10,30000,1500,0.734667,2.038859,42375.933163,1.989438,15.690361,6.902742,2025-10-13 05:14:06
6140,10,30000,1500,0.779333,2.093299,42378.026463,1.989438,15.690361,6.901959,2025-10-13 05:14:08
6141,10,30000,1500,0.694667,2.126235,42380.152698,1.989438,15.690361,6.901181,2025-10-13 05:14:10
6142,10,30000,1500,0.742667,2.125248,42382.277946,1.989438,15.690361,6.900403,2025-10-13 05:14:12
6143,10,30000,1500,0.734667,2.130491,42384.408437,1.989438,15.690361,6.899627,2025-10-13 05:14:14
6144,10,30000,1500,0.748667,2.121085,42386.529522,1.989438,15.690361,6.898849,2025-10-13 05:14:16
6145,10,30000,1500,0.698000,2.041213,42388.570735,1.989438,15.690361,6.898059,2025-10-13 05:14:18
6146,10,30000,1500,0.796000,2.126467,42390.697202,1.989438,15.690361,6.897282,2025-10-13 05:14:20
6147,10,30000,1500,0.716667,2.126174,42392.823376,1.989438,15.690361,6.896506,2025-10-13 05:14:23
6148,10,30000,1500,0.790667,2.125477,42394.948853,1.989438,15.690361,6.895730,2025-10-13 05:14:25
6149,10,30000,1500,0.752000,2.127186,42397.076038,1.989438,15.690361,6.894955,2025-10-13 05:14:27
6150,10,30000,1500,0.793333,2.114699,42399.190737,1.989438,15.690361,6.894177,2025-10-13 05:14:29
6151,10,30000,1500,0.678000,2.030103,42401.220840,1.989438,15.690361,6.893387,2025-10-13 05:14:31
6152,10,30000,1500,0.670667,2.127474,42403.348314,1.989438,15.690361,6.892612,2025-10-13 05:14:33
6153,10,30000,1500,0.653333,2.124889,42405.473203,1.989438,15.690361,6.891837,2025-10-13 05:14:35
6154,10,30000,1500,0.595333,2.121811,42407.595014,1.989438,15.690361,6.891062,2025-10-13 05:14:37
6155,10,30000,1500,0.683333,2.130715,42409.725729,1.989438,15.690361,6.890289,2025-10-13 05:14:40
6156,10,30000,1500,0.624667,2.076766,42411.802495,1.989438,15.690361,6.889507,2025-10-13 05:14:42
6157,10,30000,1500,0.638000,1.994191,42413.796686,1.989438,15.690361,6.888711,2025-10-13 05:14:44
6158,10,30000,1500,0.633333,2.079008,42415.875694,1.989438,15.690361,6.887930,2025-10-13 05:14:46
6159,10,30000,1500,0.622667,2.128761,42418.004455,1.989438,15.690361,6.887158,2025-10-13 05:14:48
6160,10,30000,1500,0.567333,2.078982,42420.083437,1.989438,15.690361,6.886377,2025-10-13 05:14:50
6161,10,30000,1500,0.646000,2.079917,42422.163355,1.989438,15.690361,6.885597,2025-10-13 05:14:52
6162,10,30000,1500,0.606000,2.077041,42424.240396,1.989438,15.690361,6.884817,2025-10-13 05:14:54
6163,10,30000,1500,0.629333,2.038402,42426.278798,1.989438,15.690361,6.884030,2025-10-13 05:14:56
6164,10,30000,1500,0.603333,2.124419,42428.403217,1.989438,15.690361,6.883258,2025-10-13 05:14:58
6165,10,30000,1500,0.522667,2.129007,42430.532223,1.989438,15.690361,6.882487,2025-10-13 05:15:00
6166,10,30000,1500,0.550667,2.092184,42432.624408,1.989438,15.690361,6.881710,2025-10-13 05:15:02
6167,10,30000,1500,0.561333,2.078079,42434.702487,1.989438,15.690361,6.880931,2025-10-13 05:15:05
6168,10,30000,1500,0.642667,2.078291,42436.780778,1.989438,15.690361,6.880153,2025-10-13 05:15:07
6169,10,30000,1500,0.625333,2.006055,42438.786833,1.989438,15.690361,6.879362,2025-10-13 05:15:09
6170,10,30000,1500,0.557333,2.124495,42440.911328,1.989438,15.690361,6.878592,2025-10-13 05:15:11
6171,10,30000,1500,0.666667,2.128057,42443.039385,1.989438,15.690361,6.877822,2025-10-13 05:15:13
6172,10,30000,1500,0.646667,2.125509,42445.164893,1.989438,15.690361,6.877052,2025-10-13 05:15:15
6173,10,30000,1500,0.606000,2.120551,42447.285444,1.989438,15.690361,6.876281,2025-10-13 05:15:17
6174,10,30000,1500,0.643333,2.127457,42449.412902,1.989438,15.690361,6.875512,2025-10-13 05:15:19
6175,10,30000,1500,0.599333,2.043265,42451.456166,1.989438,15.690361,6.874730,2025-10-13 05:15:21
6176,10,30000,1500,0.579333,2.125545,42453.581712,1.989438,15.690361,6.873961,2025-10-13 05:15:23
6177,10,30000,1500,0.616000,2.117277,42455.698989,1.989438,15.690361,6.873191,2025-10-13 05:15:26
6178,10,30000,1500,0.617333,2.115994,42457.814983,1.989438,15.690361,6.872421,2025-10-13 05:15:28
6179,10,30000,1500,0.584000,2.125717,42459.940700,1.989438,15.690361,6.871652,2025-10-13 05:15:30
6180,10,30000,1500,0.553333,2.121785,42462.062484,1.989438,15.690361,6.870884,2025-10-13 05:15:32
6181,10,30000,1500,0.656000,2.036676,42464.099160,1.989438,15.690361,6.870102,2025-10-13 05:15:34
6182,10,30000,1500,0.616667,2.126252,42466.225413,1.989438,15.690361,6.869334,2025-10-13 05:15:36
6183,10,30000,1500,0.669333,2.146566,42468.371978,1.989438,15.690361,6.868571,2025-10-13 05:15:38
6184,10,30000,1500,0.586667,2.130101,42470.502079,1.989438,15.690361,6.867804,2025-10-13 05:15:40
6185,10,30000,1500,0.616667,2.122759,42472.624838,1.989438,15.690361,6.867037,2025-10-13 05:15:42
6186,10,30000,1500,0.641333,2.126633,42474.751472,1.989438,15.690361,6.866271,2025-10-13 05:15:45
6187,10,30000,1500,0.662000,2.032172,42476.783644,1.989438,15.690361,6.865490,2025-10-13 05:15:47
6188,10,30000,1500,0.582667,2.127030,42478.910674,1.989438,15.690361,6.864724,2025-10-13 05:15:49
6189,10,30000,1500,0.680000,2.128894,42481.039568,1.989438,15.690361,6.863959,2025-10-13 05:15:51
6190,10,30000,1500,0.568667,2.095176,42483.134745,1.989438,15.690361,6.863188,2025-10-13 05:15:53
6191,10,30000,1500,0.620000,2.105847,42485.240592,1.989438,15.690361,6.862420,2025-10-13 05:15:55
6192,10,30000,1500,0.612000,2.117241,42487.357833,1.989438,15.690361,6.861653,2025-10-13 05:15:57
6193,10,30000,1500,0.615333,2.032290,42489.390123,1.989438,15.690361,6.860874,2025-10-13 05:15:59
6194,10,30000,1500,0.654000,2.080349,42491.470472,1.989438,15.690361,6.860102,2025-10-13 05:16:01
6195,10,30000,1500,0.610000,2.078601,42493.549073,1.989438,15.690361,6.859330,2025-10-13 05:16:03
6196,10,30000,1500,0.608000,2.126995,42495.676068,1.989438,15.690361,6.858566,2025-10-13 05:16:06
6197,10,30000,1500,0.600667,2.126071,42497.802140,1.989438,15.690361,6.857803,2025-10-13 05:16:08
6198,10,30000,1500,0.662000,2.125887,42499.928027,1.989438,15.690361,6.857039,2025-10-13 05:16:10
6199,10,30000,1500,0.591333,2.040128,42501.968154,1.989438,15.690361,6.856262,2025-10-13 05:16:12
6200,10,30000,1500,0.662000,2.124787,42504.092941,1.989438,15.690361,6.855499,2025-10-13 05:16:14
6201,10,30000,1500,0.660000,2.133744,42506.226685,1.989438,15.690361,6.854737,2025-10-13 05:16:16
6202,10,30000,1500,0.582667,2.127791,42508.354476,1.989438,15.690361,6.853975,2025-10-13 05:16:18
6203,10,30000,1500,0.679333,2.125334,42510.479810,1.989438,15.690361,6.853213,2025-10-13 05:16:20
6204,10,30000,1500,0.619333,2.121565,42512.601375,1.989438,15.690361,6.852450,2025-10-13 05:16:23
6205,10,30000,1500,0.624667,2.057337,42514.658711,1.989438,15.690361,6.851677,2025-10-13 05:16:25
6206,10,30000,1500,0.695333,2.125025,42516.783736,1.989438,15.690361,6.850916,2025-10-13 05:16:27
6207,10,30000,1500,0.714667,2.125657,42518.909393,1.989438,15.690361,6.850155,2025-10-13 05:16:29
6208,10,30000,1500,0.691333,2.125896,42521.035290,1.989438,15.690361,6.849394,2025-10-13 05:16:31
6209,10,30000,1500,0.644667,2.148037,42523.183326,1.989438,15.690361,6.848636,2025-10-13 05:16:33
6210,10,30000,1500,0.703333,2.131332,42525.314659,1.989438,15.690361,6.847877,2025-10-13 05:16:35
6211,10,30000,1500,0.632667,2.074043,42527.388702,1.989438,15.690361,6.847108,2025-10-13 05:16:37
6212,10,30000,1500,0.637333,2.135793,42529.524495,1.989438,15.690361,6.846350,2025-10-13 05:16:39
6213,10,30000,1500,0.656000,2.123900,42531.648395,1.989438,15.690361,6.845590,2025-10-13 05:16:42
6214,10,30000,1500,0.662000,2.134705,42533.783100,1.989438,15.690361,6.844832,2025-10-13 05:16:44
6215,10,30000,1500,0.651333,2.124838,42535.907938,1.989438,15.690361,6.844072,2025-10-13 05:16:46
6216,10,30000,1500,0.609333,2.128840,42538.036777,1.989438,15.690361,6.843314,2025-10-13 05:16:48
6217,10,30000,1500,0.632000,2.037145,42540.073922,1.989438,15.690361,6.842540,2025-10-13 05:16:50
6218,10,30000,1500,0.617333,2.128117,42542.202039,1.989438,15.690361,6.841782,2025-10-13 05:16:52
6219,10,30000,1500,0.660000,2.123353,42544.325392,1.989438,15.690361,6.841024,2025-10-13 05:16:54
6220,10,30000,1500,0.570000,2.123282,42546.448675,1.989438,15.690361,6.840265,2025-10-13 05:16:56
6221,10,30000,1500,0.638000,2.149023,42548.597698,1.989438,15.690361,6.839511,2025-10-13 05:16:59
6222,10,30000,1500,0.673333,2.129443,42550.727140,1.989438,15.690361,6.838754,2025-10-13 05:17:01
6223,10,30000,1500,0.628000,2.043030,42552.770170,1.989438,15.690361,6.837983,2025-10-13 05:17:03
6224,10,30000,1500,0.648000,2.130638,42554.900808,1.989438,15.690361,6.837227,2025-10-13 05:17:05
6225,10,30000,1500,0.626000,2.128466,42557.029275,1.989438,15.690361,6.836471,2025-10-13 05:17:07
6226,10,30000,1500,0.621333,2.127250,42559.156525,1.989438,15.690361,6.835714,2025-10-13 05:17:09
6227,10,30000,1500,0.658000,2.125345,42561.281869,1.989438,15.690361,6.834958,2025-10-13 05:17:11
6228,10,30000,1500,0.684000,2.122504,42563.404374,1.989438,15.690361,6.834201,2025-10-13 05:17:13
6229,10,30000,1500,0.598000,2.048856,42565.453230,1.989438,15.690361,6.833433,2025-10-13 05:17:15
6230,10,30000,1500,0.683333,2.128010,42567.581240,1.989438,15.690361,6.832678,2025-10-13 05:17:18
6231,10,30000,1500,0.645333,2.129965,42569.711205,1.989438,15.690361,6.831923,2025-10-13 05:17:20
6232,10,30000,1500,0.691333,2.128420,42571.839625,1.989438,15.690361,6.831168,2025-10-13 05:17:22
6233,10,30000,1500,0.656667,2.130476,42573.970100,1.989438,15.690361,6.830414,2025-10-13 05:17:24
6234,10,30000,1500,0.662667,2.152779,42576.122879,1.989438,15.690361,6.829664,2025-10-13 05:17:26
6235,10,30000,1500,0.659333,2.042622,42578.165500,1.989438,15.690361,6.828896,2025-10-13 05:17:28
6236,10,30000,1500,0.606000,2.126049,42580.291549,1.989438,15.690361,6.828142,2025-10-13 05:17:30
6237,10,30000,1500,0.636000,2.128764,42582.420313,1.989438,15.690361,6.827388,2025-10-13 05:17:32
6238,10,30000,1500,0.614000,2.127958,42584.548271,1.989438,15.690361,6.826635,2025-10-13 05:17:35
6239,10,30000,1500,0.568000,2.125927,42586.674198,1.989438,15.690361,6.825881,2025-10-13 05:17:37
6240,10,30000,1500,0.573333,2.125058,42588.799256,1.989438,15.690361,6.825128,2025-10-13 05:17:39
6241,10,30000,1500,0.589333,2.039785,42590.839041,1.989438,15.690361,6.824361,2025-10-13 05:17:41
6242,10,30000,1500,0.677333,2.122388,42592.961429,1.989438,15.690361,6.823608,2025-10-13 05:17:43
6243,10,30000,1500,0.659333,2.127711,42595.089140,1.989438,15.690361,6.822856,2025-10-13 05:17:45
6244,10,30000,1500,0.584000,2.129369,42597.218509,1.989438,15.690361,6.822104,2025-10-13 05:17:47
6245,10,30000,1500,0.584000,2.137119,42599.355627,1.989438,15.690361,6.821354,2025-10-13 05:17:49
6246,10,30000,1500,0.654667,2.126456,42601.482083,1.989438,15.690361,6.820602,2025-10-13 05:17:51
6247,10,30000,1500,0.662000,1.995173,42603.477256,1.989438,15.690361,6.819830,2025-10-13 05:17:53
6248,10,30000,1500,0.574000,2.092262,42605.569518,1.989438,15.690361,6.819073,2025-10-13 05:17:56
6249,10,30000,1500,0.666000,2.131116,42607.700635,1.989438,15.690361,6.818323,2025-10-13 05:17:58
6250,10,30000,1500,0.622000,2.128235,42609.828870,1.989438,15.690361,6.817573,2025-10-13 05:18:00
6251,10,30000,1500,0.633333,2.127829,42611.956699,1.989438,15.690361,6.816822,2025-10-13 05:18:02
6252,10,30000,1500,0.653333,2.084558,42614.041257,1.989438,15.690361,6.816065,2025-10-13 05:18:04
6253,10,30000,1500,0.573333,2.009137,42616.050394,1.989438,15.690361,6.815297,2025-10-13 05:18:06
6254,10,30000,1500,0.649333,2.082514,42618.132908,1.989438,15.690361,6.814540,2025-10-13 05:18:08
6255,10,30000,1500,0.742667,2.121526,42620.254434,1.989438,15.690361,6.813790,2025-10-13 05:18:10
6256,10,30000,1500,0.634000,2.083024,42622.337457,1.989438,15.690361,6.813033,2025-10-13 05:18:12
6257,10,30000,1500,0.627333,2.106974,42624.444431,1.989438,15.690361,6.812281,2025-10-13 05:18:14
6258,10,30000,1500,0.700667,2.121740,42626.566171,1.989438,15.690361,6.811532,2025-10-13 05:18:17
6259,10,30000,1500,0.631333,2.040030,42628.606200,1.989438,15.690361,6.810769,2025-10-13 05:18:19
6260,10,30000,1500,0.694667,2.123179,42630.729380,1.989438,15.690361,6.810021,2025-10-13 05:18:21
6261,10,30000,1500,0.704667,2.087574,42632.816954,1.989438,15.690361,6.809266,2025-10-13 05:18:23
6262,10,30000,1500,0.709333,2.082414,42634.899368,1.989438,15.690361,6.808512,2025-10-13 05:18:25
6263,10,30000,1500,0.664000,2.089712,42636.989080,1.989438,15.690361,6.807758,2025-10-13 05:18:27
6264,10,30000,1500,0.678000,2.088355,42639.077435,1.989438,15.690361,6.807005,2025-10-13 05:18:29
6265,10,30000,1500,0.704667,2.042818,42641.120253,1.989438,15.690361,6.806244,2025-10-13 05:18:31
6266,10,30000,1500,0.635333,2.076279,42643.196532,1.989438,15.690361,6.805489,2025-10-13 05:18:33
6267,10,30000,1500,0.702667,2.079458,42645.275990,1.989438,15.690361,6.804735,2025-10-13 05:18:35
6268,10,30000,1500,0.696000,2.078163,42647.354153,1.989438,15.690361,6.803981,2025-10-13 05:18:37
6269,10,30000,1500,0.699333,2.080627,42649.434780,1.989438,15.690361,6.803228,2025-10-13 05:18:40
6270,10,30000,1500,0.718667,2.115443,42651.550224,1.989438,15.690361,6.802480,2025-10-13 05:18:42
6271,10,30000,1500,0.668667,2.039057,42653.589281,1.989438,15.690361,6.801721,2025-10-13 05:18:44
6272,10,30000,1500,0.710667,2.123195,42655.712476,1.989438,15.690361,6.800975,2025-10-13 05:18:46
6273,10,30000,1500,0.722000,2.124120,42657.836596,1.989438,15.690361,6.800229,2025-10-13 05:18:48
6274,10,30000,1500,0.641333,2.120819,42659.957415,1.989438,15.690361,6.799483,2025-10-13 05:18:50
6275,10,30000,1500,0.675333,2.118806,42662.076221,1.989438,15.690361,6.798737,2025-10-13 05:18:52
6276,10,30000,1500,0.643333,2.123609,42664.199831,1.989438,15.690361,6.797992,2025-10-13 05:18:54
6277,10,30000,1500,0.621333,2.013194,42666.213025,1.989438,15.690361,6.797230,2025-10-13 05:18:56
6278,10,30000,1500,0.693333,2.126203,42668.339228,1.989438,15.690361,6.796486,2025-10-13 05:18:58
6279,10,30000,1500,0.664000,2.132175,42670.471403,1.989438,15.690361,6.795743,2025-10-13 05:19:01
6280,10,30000,1500,0.637333,2.115387,42672.586791,1.989438,15.690361,6.794998,2025-10-13 05:19:03
6281,10,30000,1500,0.629333,2.104720,42674.691511,1.989438,15.690361,6.794251,2025-10-13 05:19:05
6282,10,30000,1500,0.654667,2.132984,42676.824495,1.989438,15.690361,6.793509,2025-10-13 05:19:07
6283,10,30000,1500,0.610000,2.060189,42678.884684,1.989438,15.690361,6.792756,2025-10-13 05:19:09
6284,10,30000,1500,0.674667,2.121758,42681.006441,1.989438,15.690361,6.792012,2025-10-13 05:19:11
6285,10,30000,1500,0.569333,2.144968,42683.151409,1.989438,15.690361,6.791273,2025-10-13 05:19:13
6286,10,30000,1500,0.634667,2.113233,42685.264642,1.989438,15.690361,6.790529,2025-10-13 05:19:15
6287,10,30000,1500,0.586667,2.126842,42687.391485,1.989438,15.690361,6.789787,2025-10-13 05:19:18
6288,10,30000,1500,0.603333,2.083437,42689.474922,1.989438,15.690361,6.789039,2025-10-13 05:19:20
6289,10,30000,1500,0.650667,2.028227,42691.503149,1.989438,15.690361,6.788282,2025-10-13 05:19:22
6290,10,30000,1500,0.618667,2.123646,42693.626795,1.989438,15.690361,6.787540,2025-10-13 05:19:24
6291,10,30000,1500,0.643333,2.125682,42695.752476,1.989438,15.690361,6.786799,2025-10-13 05:19:26
6292,10,30000,1500,0.650667,2.120154,42697.872630,1.989438,15.690361,6.786057,2025-10-13 05:19:28
6293,10,30000,1500,0.582000,2.126919,42699.999549,1.989438,15.690361,6.785317,2025-10-13 05:19:30
6294,10,30000,1500,0.686667,2.127771,42702.127320,1.989438,15.690361,6.784577,2025-10-13 05:19:32
6295,10,30000,1500,0.628667,2.038500,42704.165821,1.989438,15.690361,6.783823,2025-10-13 05:19:34
6296,10,30000,1500,0.635333,2.164623,42706.330444,1.989438,15.690361,6.783089,2025-10-13 05:19:36
6297,10,30000,1500,0.615333,2.130507,42708.460950,1.989438,15.690361,6.782350,2025-10-13 05:19:39
6298,10,30000,1500,0.591333,2.127740,42710.588691,1.989438,15.690361,6.781611,2025-10-13 05:19:41
6299,10,30000,1500,0.578667,2.138856,42712.727547,1.989438,15.690361,6.780874,2025-10-13 05:19:43
6300,10,30000,1500,0.612667,2.126759,42714.854306,1.989438,15.690361,6.780136,2025-10-13 05:19:45
6301,10,30000,1500,0.643333,2.046660,42716.900966,1.989438,15.690361,6.779384,2025-10-13 05:19:47
6302,10,30000,1500,0.568000,2.121286,42719.022252,1.989438,15.690361,6.778645,2025-10-13 05:19:49
6303,10,30000,1500,0.651333,2.117896,42721.140148,1.989438,15.690361,6.777906,2025-10-13 05:19:51
6304,10,30000,1500,0.634000,2.128353,42723.268501,1.989438,15.690361,6.777168,2025-10-13 05:19:53
6305,10,30000,1500,0.600667,2.128751,42725.397252,1.989438,15.690361,6.776431,2025-10-13 05:19:56
6306,10,30000,1500,0.659333,2.140646,42727.537898,1.989438,15.690361,6.775696,2025-10-13 05:19:58
6307,10,30000,1500,0.729333,2.038885,42729.576783,1.989438,15.690361,6.774945,2025-10-13 05:20:00
6308,10,30000,1500,0.606000,2.128912,42731.705695,1.989438,15.690361,6.774208,2025-10-13 05:20:02
6309,10,30000,1500,0.788000,2.147009,42733.852704,1.989438,15.690361,6.773475,2025-10-13 05:20:04
6310,10,30000,1500,0.644667,2.126539,42735.979243,1.989438,15.690361,6.772738,2025-10-13 05:20:06
6311,10,30000,1500,0.728000,2.123441,42738.102684,1.989438,15.690361,6.772002,2025-10-13 05:20:08
6312,10,30000,1500,0.665333,2.126439,42740.229123,1.989438,15.690361,6.771266,2025-10-13 05:20:10
6313,10,30000,1500,0.627333,2.040516,42742.269639,1.989438,15.690361,6.770516,2025-10-13 05:20:12
6314,10,30000,1500,0.684000,2.124907,42744.394546,1.989438,15.690361,6.769781,2025-10-13 05:20:15
6315,10,30000,1500,0.697333,2.124533,42746.519079,1.989438,15.690361,6.769045,2025-10-13 05:20:17
6316,10,30000,1500,0.668667,2.125355,42748.644435,1.989438,15.690361,6.768310,2025-10-13 05:20:19
6317,10,30000,1500,0.610000,2.139959,42750.784393,1.989438,15.690361,6.767577,2025-10-13 05:20:21
6318,10,30000,1500,0.723333,2.111244,42752.895637,1.989438,15.690361,6.766840,2025-10-13 05:20:23
6319,10,30000,1500,0.685333,2.048474,42754.944111,1.989438,15.690361,6.766093,2025-10-13 05:20:25
6320,10,30000,1500,0.682667,2.126667,42757.070778,1.989438,15.690361,6.765359,2025-10-13 05:20:27
6321,10,30000,1500,0.688000,2.129700,42759.200479,1.989438,15.690361,6.764626,2025-10-13 05:20:29
6322,10,30000,1500,0.588667,2.127768,42761.328247,1.989438,15.690361,6.763892,2025-10-13 05:20:32
6323,10,30000,1500,0.679333,2.126951,42763.455198,1.989438,15.690361,6.763159,2025-10-13 05:20:34
6324,10,30000,1500,0.696000,2.128205,42765.583403,1.989438,15.690361,6.762426,2025-10-13 05:20:36
6325,10,30000,1500,0.638000,2.040346,42767.623749,1.989438,15.690361,6.761680,2025-10-13 05:20:38
6326,10,30000,1500,0.706000,2.125360,42769.749109,1.989438,15.690361,6.760947,2025-10-13 05:20:40
6327,10,30000,1500,0.714667,2.129740,42771.878849,1.989438,15.690361,6.760215,2025-10-13 05:20:42
6328,10,30000,1500,0.736000,2.129758,42774.008607,1.989438,15.690361,6.759483,2025-10-13 05:20:44
6329,10,30000,1500,0.656000,2.081011,42776.089618,1.989438,15.690361,6.758744,2025-10-13 05:20:46
6330,10,30000,1500,0.779333,2.081717,42778.171335,1.989438,15.690361,6.758005,2025-10-13 05:20:48
6331,10,30000,1500,0.674667,1.992052,42780.163387,1.989438,15.690361,6.757252,2025-10-13 05:20:50
6332,10,30000,1500,0.721333,2.120370,42782.283757,1.989438,15.690361,6.756520,2025-10-13 05:20:53
6333,10,30000,1500,0.692000,2.131858,42784.415616,1.989438,15.690361,6.755790,2025-10-13 05:20:55
6334,10,30000,1500,0.662000,2.116626,42786.532241,1.989438,15.690361,6.755057,2025-10-13 05:20:57
6335,10,30000,1500,0.680667,2.081084,42788.613325,1.989438,15.690361,6.754319,2025-10-13 05:20:59
6336,10,30000,1500,0.697333,2.082517,42790.695842,1.989438,15.690361,6.753582,2025-10-13 05:21:01
6337,10,30000,1500,0.672667,2.025795,42792.721637,1.989438,15.690361,6.752836,2025-10-13 05:21:03
6338,10,30000,1500,0.606667,2.102342,42794.823980,1.989438,15.690361,6.752102,2025-10-13 05:21:05
6339,10,30000,1500,0.695333,2.127332,42796.951311,1.989438,15.690361,6.751373,2025-10-13 05:21:07
6340,10,30000,1500,0.644667,2.126096,42799.077408,1.989438,15.690361,6.750643,2025-10-13 05:21:09
6341,10,30000,1500,0.676667,2.126325,42801.203733,1.989438,15.690361,6.749914,2025-10-13 05:21:11
6342,10,30000,1500,0.692667,2.147477,42803.351210,1.989438,15.690361,6.749188,2025-10-13 05:21:14
6343,10,30000,1500,0.626667,2.039406,42805.390615,1.989438,15.690361,6.748446,2025-10-13 05:21:16
6344,10,30000,1500,0.652000,2.128652,42807.519267,1.989438,15.690361,6.747717,2025-10-13 05:21:18
6345,10,30000,1500,0.686000,2.128454,42809.647721,1.989438,15.690361,6.746989,2025-10-13 05:21:20
6346,10,30000,1500,0.632000,2.125325,42811.773046,1.989438,15.690361,6.746261,2025-10-13 05:21:22
6347,10,30000,1500,0.648667,2.145331,42813.918377,1.989438,15.690361,6.745536,2025-10-13 05:21:24
6348,10,30000,1500,0.751333,2.125540,42816.043917,1.989438,15.690361,6.744808,2025-10-13 05:21:26
6349,10,30000,1500,0.644000,2.039035,42818.082952,1.989438,15.690361,6.744067,2025-10-13 05:21:28
6350,10,30000,1500,0.744667,2.130631,42820.213583,1.989438,15.690361,6.743341,2025-10-13 05:21:30
6351,10,30000,1500,0.748667,2.131508,42822.345091,1.989438,15.690361,6.742615,2025-10-13 05:21:33
6352,10,30000,1500,0.732000,2.096750,42824.441841,1.989438,15.690361,6.741883,2025-10-13 05:21:35
6353,10,30000,1500,0.719333,2.127142,42826.568983,1.989438,15.690361,6.741157,2025-10-13 05:21:37
6354,10,30000,1500,0.700000,2.133853,42828.702836,1.989438,15.690361,6.740432,2025-10-13 05:21:39
6355,10,30000,1500,0.645333,2.043210,42830.746045,1.989438,15.690361,6.739693,2025-10-13 05:21:41
6356,10,30000,1500,0.642667,2.125397,42832.871442,1.989438,15.690361,6.738967,2025-10-13 05:21:43
6357,10,30000,1500,0.615333,2.087077,42834.958520,1.989438,15.690361,6.738235,2025-10-13 05:21:45
6358,10,30000,1500,0.687333,2.127111,42837.085631,1.989438,15.690361,6.737510,2025-10-13 05:21:47
6359,10,30000,1500,0.613333,2.132608,42839.218239,1.989438,15.690361,6.736785,2025-10-13 05:21:50
6360,10,30000,1500,0.640667,2.128185,42841.346424,1.989438,15.690361,6.736061,2025-10-13 05:21:52
6361,10,30000,1500,0.616667,2.042736,42843.389160,1.989438,15.690361,6.735323,2025-10-13 05:21:54
6362,10,30000,1500,0.646667,2.121977,42845.511137,1.989438,15.690361,6.734598,2025-10-13 05:21:56
6363,10,30000,1500,0.660667,2.124364,42847.635500,1.989438,15.690361,6.733873,2025-10-13 05:21:58
6364,10,30000,1500,0.647333,2.122505,42849.758005,1.989438,15.690361,6.733149,2025-10-13 05:22:00
6365,10,30000,1500,0.591333,2.126210,42851.884215,1.989438,15.690361,6.732425,2025-10-13 05:22:02
6366,10,30000,1500,0.630000,2.127751,42854.011966,1.989438,15.690361,6.731702,2025-10-13 05:22:04
6367,10,30000,1500,0.689333,2.040337,42856.052303,1.989438,15.690361,6.730965,2025-10-13 05:22:06
6368,10,30000,1500,0.630000,2.115547,42858.167850,1.989438,15.690361,6.730240,2025-10-13 05:22:08
6369,10,30000,1500,0.680000,2.129167,42860.297016,1.989438,15.690361,6.729518,2025-10-13 05:22:11
6370,10,30000,1500,0.626000,2.124935,42862.421951,1.989438,15.690361,6.728795,2025-10-13 05:22:13
6371,10,30000,1500,0.598667,2.130067,42864.552019,1.989438,15.690361,6.728073,2025-10-13 05:22:15
6372,10,30000,1500,0.646667,2.125907,42866.677925,1.989438,15.690361,6.727351,2025-10-13 05:22:17
6373,10,30000,1500,0.636000,2.041612,42868.719538,1.989438,15.690361,6.726615,2025-10-13 05:22:19
6374,10,30000,1500,0.628000,2.130839,42870.850377,1.989438,15.690361,6.725894,2025-10-13 05:22:21
6375,10,30000,1500,0.698000,2.090257,42872.940633,1.989438,15.690361,6.725167,2025-10-13 05:22:23
6376,10,30000,1500,0.677333,2.096034,42875.036667,1.989438,15.690361,6.724441,2025-10-13 05:22:25
6377,10,30000,1500,0.625333,2.102443,42877.139110,1.989438,15.690361,6.723716,2025-10-13 05:22:27
6378,10,30000,1500,0.735333,2.127177,42879.266287,1.989438,15.690361,6.722996,2025-10-13 05:22:30
6379,10,30000,1500,0.726000,2.042732,42881.309019,1.989438,15.690361,6.722262,2025-10-13 05:22:32
6380,10,30000,1500,0.721333,2.148789,42883.457808,1.989438,15.690361,6.721545,2025-10-13 05:22:34
6381,10,30000,1500,0.749333,2.125248,42885.583056,1.989438,15.690361,6.720825,2025-10-13 05:22:36
6382,10,30000,1500,0.706667,2.131591,42887.714647,1.989438,15.690361,6.720106,2025-10-13 05:22:38
6383,10,30000,1500,0.708667,2.123598,42889.838246,1.989438,15.690361,6.719386,2025-10-13 05:22:40
6384,10,30000,1500,0.672000,2.148034,42891.986280,1.989438,15.690361,6.718670,2025-10-13 05:22:42
6385,10,30000,1500,0.731333,2.067782,42894.054062,1.989438,15.690361,6.717941,2025-10-13 05:22:44
6386,10,30000,1500,0.703333,2.125558,42896.179620,1.989438,15.690361,6.717222,2025-10-13 05:22:47
6387,10,30000,1500,0.726667,2.101819,42898.281439,1.989438,15.690361,6.716499,2025-10-13 05:22:49
6388,10,30000,1500,0.718000,2.079886,42900.361325,1.989438,15.690361,6.715774,2025-10-13 05:22:51
6389,10,30000,1500,0.696000,2.078123,42902.439448,1.989438,15.690361,6.715048,2025-10-13 05:22:53
6390,10,30000,1500,0.781333,2.086624,42904.526071,1.989438,15.690361,6.714323,2025-10-13 05:22:55
6391,10,30000,1500,0.620000,1.990385,42906.516456,1.989438,15.690361,6.713584,2025-10-13 05:22:57
6392,10,30000,1500,0.596000,2.078136,42908.594592,1.989438,15.690361,6.712859,2025-10-13 05:22:59
6393,10,30000,1500,0.566667,2.111785,42910.706378,1.989438,15.690361,6.712139,2025-10-13 05:23:01
6394,10,30000,1500,0.630000,2.080178,42912.786556,1.989438,15.690361,6.711415,2025-10-13 05:23:03
6395,10,30000,1500,0.611333,2.127410,42914.913966,1.989438,15.690361,6.710698,2025-10-13 05:23:05
6396,10,30000,1500,0.573333,2.127244,42917.041210,1.989438,15.690361,6.709981,2025-10-13 05:23:07
6397,10,30000,1500,0.618000,2.042982,42919.084192,1.989438,15.690361,6.709252,2025-10-13 05:23:09
6398,10,30000,1500,0.630000,2.126626,42921.210818,1.989438,15.690361,6.708536,2025-10-13 05:23:12
6399,10,30000,1500,0.599333,2.128642,42923.339460,1.989438,15.690361,6.707820,2025-10-13 05:23:14
6400,10,30000,1500,0.619333,2.122930,42925.462391,1.989438,15.690361,6.707103,2025-10-13 05:23:16
6401,10,30000,1500,0.582667,2.100723,42927.563113,1.989438,15.690361,6.706384,2025-10-13 05:23:18
6402,10,30000,1500,0.590667,2.076013,42929.639126,1.989438,15.690361,6.705661,2025-10-13 05:23:20
6403,10,30000,1500,0.640000,1.990810,42931.629936,1.989438,15.690361,6.704924,2025-10-13 05:23:22
6404,10,30000,1500,0.590667,2.101338,42933.731274,1.989438,15.690361,6.704205,2025-10-13 05:23:24
6405,10,30000,1500,0.639333,2.134972,42935.866247,1.989438,15.690361,6.703492,2025-10-13 05:23:26
6406,10,30000,1500,0.594667,2.131412,42937.997659,1.989438,15.690361,6.702778,2025-10-13 05:23:28
6407,10,30000,1500,0.570667,2.103715,42940.101373,1.989438,15.690361,6.702060,2025-10-13 05:23:31
6408,10,30000,1500,0.583333,2.090717,42942.192090,1.989438,15.690361,6.701341,2025-10-13 05:23:33
6409,10,30000,1500,0.579333,2.028018,42944.220108,1.989438,15.690361,6.700612,2025-10-13 05:23:35
6410,10,30000,1500,0.588000,2.099714,42946.319822,1.989438,15.690361,6.699894,2025-10-13 05:23:37
6411,10,30000,1500,0.616667,2.129825,42948.449647,1.989438,15.690361,6.699181,2025-10-13 05:23:39
6412,10,30000,1500,0.618000,2.125699,42950.575346,1.989438,15.690361,6.698468,2025-10-13 05:23:41
6413,10,30000,1500,0.583333,2.130891,42952.706237,1.989438,15.690361,6.697756,2025-10-13 05:23:43
6414,10,30000,1500,0.646000,2.116890,42954.823127,1.989438,15.690361,6.697041,2025-10-13 05:23:45
6415,10,30000,1500,0.640000,2.046060,42956.869186,1.989438,15.690361,6.696316,2025-10-13 05:23:47
6416,10,30000,1500,0.652000,2.124072,42958.993258,1.989438,15.690361,6.695604,2025-10-13 05:23:49
6417,10,30000,1500,0.695333,2.129135,42961.122393,1.989438,15.690361,6.694892,2025-10-13 05:23:52
6418,10,30000,1500,0.635333,2.077894,42963.200287,1.989438,15.690361,6.694173,2025-10-13 05:23:54
6419,10,30000,1500,0.632000,2.118771,42965.319058,1.989438,15.690361,6.693460,2025-10-13 05:23:56
6420,10,30000,1500,0.614000,2.138407,42967.457465,1.989438,15.690361,6.692750,2025-10-13 05:23:58
6421,10,30000,1500,0.611333,2.048984,42969.506449,1.989438,15.690361,6.692027,2025-10-13 05:24:00
6422,10,30000,1500,0.632000,2.124625,42971.631073,1.989438,15.690361,6.691316,2025-10-13 05:24:02
6423,10,30000,1500,0.652667,2.127843,42973.758916,1.989438,15.690361,6.690605,2025-10-13 05:24:04
6424,10,30000,1500,0.643333,2.082874,42975.841790,1.989438,15.690361,6.689888,2025-10-13 05:24:06
6425,10,30000,1500,0.588000,2.128966,42977.970756,1.989438,15.690361,6.689178,2025-10-13 05:24:08
6426,10,30000,1500,0.687333,2.132362,42980.103118,1.989438,15.690361,6.688469,2025-10-13 05:24:11
6427,10,30000,1500,0.594667,2.039824,42982.142942,1.989438,15.690361,6.687746,2025-10-13 05:24:13
6428,10,30000,1500,0.620000,2.125671,42984.268613,1.989438,15.690361,6.687036,2025-10-13 05:24:15
6429,10,30000,1500,0.631333,2.123580,42986.392192,1.989438,15.690361,6.686326,2025-10-13 05:24:17
6430,10,30000,1500,0.612667,2.128140,42988.520333,1.989438,15.690361,6.685617,2025-10-13 05:24:19
6431,10,30000,1500,0.673333,2.123887,42990.644220,1.989438,15.690361,6.684908,2025-10-13 05:24:21
6432,10,30000,1500,0.703333,2.128704,42992.772924,1.989438,15.690361,6.684200,2025-10-13 05:24:23
6433,10,30000,1500,0.630667,1.996563,42994.769487,1.989438,15.690361,6.683471,2025-10-13 05:24:25
6434,10,30000,1500,0.710000,2.083119,42996.852606,1.989438,15.690361,6.682756,2025-10-13 05:24:27
6435,10,30000,1500,0.692000,2.097673,42998.950279,1.989438,15.690361,6.682044,2025-10-13 05:24:29
